timestamp,service,cpu_usage,memory_usage,disk_io,network_traffic,request_rate,latency_ms,error_rate,db_connections,restart_count,failure_type
2026-01-01 00:00:00,api-gateway,38.45,56.94,65.79,527.25,652.35,149.73,0.19,26.55,0,normal
2026-01-01 00:00:00,user-service,26.68,48.42,59.5,338.36,369.19,109.05,0.07,29.61,0,normal
2026-01-01 00:00:00,payment-service,45.26,57.28,50.68,471.35,454.55,148.86,0.19,50.89,0,normal
2026-01-01 00:00:00,notification-service,24.49,43.45,43.64,245.48,251.51,96.57,0.21,24.13,0,normal
2026-01-01 00:00:00,database,44.77,67.47,36.72,830.68,699.33,81.78,0.1,67.62,0,normal
2026-01-01 00:05:00,api-gateway,39.87,57.65,44.62,602.25,638.86,124.11,0.24,22.35,0,normal
2026-01-01 00:05:00,user-service,21.95,50.97,60.31,397.5,358.59,110.49,0.23,30.14,0,normal
2026-01-01 00:05:00,payment-service,43.17,58.13,45.9,486.05,522.59,149.85,0.19,50.76,0,normal
2026-01-01 00:05:00,notification-service,29.42,44.78,53.61,328.36,296.25,114.85,0.17,23.49,0,normal
2026-01-01 00:05:00,database,62.49,62.24,60.42,779.57,776.9,91.55,0.13,67.59,0,normal
2026-01-01 00:10:00,api-gateway,40.43,59.43,59.15,695.44,620.11,128.6,0.17,24.46,0,normal
2026-01-01 00:10:00,user-service,34.49,50.53,46.32,347.77,358.22,111.24,0.19,34.18,0,normal
2026-01-01 00:10:00,payment-service,45.04,60.02,46.57,589.01,500.36,161.95,0.18,42.9,0,normal
2026-01-01 00:10:00,notification-service,24.86,38.93,33.26,242.93,263.95,93.77,0.2,25.81,0,normal
2026-01-01 00:10:00,database,58.85,64.42,61.43,629.23,703.01,97.08,0.14,66.93,0,normal
2026-01-01 00:15:00,api-gateway,35.79,59.15,50.77,752.87,663.84,148.8,0.16,31.55,0,normal
2026-01-01 00:15:00,user-service,26.73,50.3,39.38,350.08,325.24,107.97,0.2,26.85,0,normal
2026-01-01 00:15:00,payment-service,46.48,59.52,55.56,538.99,506.58,160.59,0.18,44.58,0,normal
2026-01-01 00:15:00,notification-service,29.23,40.18,37.63,310.27,284.55,106.07,0.24,22.89,0,normal
2026-01-01 00:15:00,database,51.47,68.65,37.83,682.64,633.98,94.94,0.21,68.88,0,normal
2026-01-01 00:20:00,api-gateway,41.63,52.08,59.63,612.73,576.39,140.68,0.16,29.88,0,normal
2026-01-01 00:20:00,user-service,25.53,50.44,47.6,379.22,360.32,100.71,0.24,29.89,0,normal
2026-01-01 00:20:00,payment-service,49.81,59.21,39.29,576.87,490.46,191.21,0.16,48.88,0,normal
2026-01-01 00:20:00,notification-service,23.5,47.22,46.58,268.44,289.65,99.96,0.25,24.57,0,normal
2026-01-01 00:20:00,database,44.02,65.52,50.58,817.99,710.7,98.07,0.21,64.46,0,normal
2026-01-01 00:25:00,api-gateway,42.49,58.2,43.96,650.33,578.57,123.27,0.25,30.57,0,normal
2026-01-01 00:25:00,user-service,44.41,51.71,46.85,344.82,362.88,125.87,0.23,35.12,0,normal
2026-01-01 00:25:00,payment-service,44.66,57.43,53.57,535.33,516.56,164.36,0.11,45.78,0,normal
2026-01-01 00:25:00,notification-service,28.36,45.19,42.7,222.04,270.56,92.75,0.23,19.62,0,normal
2026-01-01 00:25:00,database,58.56,70.53,54.42,660.48,710.82,107.85,0.2,69.59,0,normal
2026-01-01 00:30:00,api-gateway,42.41,52.62,38.0,517.73,600.22,132.19,0.24,28.18,0,normal
2026-01-01 00:30:00,user-service,30.27,45.16,66.51,356.9,341.64,123.12,0.22,35.63,0,normal
2026-01-01 00:30:00,payment-service,42.06,63.8,40.73,435.36,436.82,155.4,0.24,47.57,0,normal
2026-01-01 00:30:00,notification-service,18.82,44.68,63.23,228.1,278.81,83.99,0.28,18.07,0,normal
2026-01-01 00:30:00,database,43.26,68.49,51.99,625.84,772.06,95.54,0.22,64.78,0,normal
2026-01-01 00:35:00,api-gateway,41.59,55.38,71.11,613.99,602.99,114.43,0.17,30.54,0,normal
2026-01-01 00:35:00,user-service,31.35,50.84,44.11,293.33,346.21,107.62,0.18,31.3,0,normal
2026-01-01 00:35:00,payment-service,47.81,64.36,58.77,452.68,519.74,168.47,0.17,49.17,0,normal
2026-01-01 00:35:00,notification-service,26.44,44.94,55.47,337.23,294.95,105.92,0.17,26.21,0,normal
2026-01-01 00:35:00,database,55.21,63.68,59.31,779.98,689.89,89.72,0.2,67.68,0,normal
2026-01-01 00:40:00,api-gateway,37.76,55.97,41.82,606.04,660.69,133.38,0.23,27.63,0,normal
2026-01-01 00:40:00,user-service,33.82,46.41,49.91,410.28,402.31,123.8,0.17,35.05,0,normal
2026-01-01 00:40:00,payment-service,43.41,57.52,41.78,436.94,524.13,161.76,0.17,48.73,0,normal
2026-01-01 00:40:00,notification-service,22.27,45.61,45.23,335.84,284.87,109.83,0.26,24.74,0,normal
2026-01-01 00:40:00,database,48.15,65.93,49.81,534.28,664.08,108.04,0.19,69.21,0,normal
2026-01-01 00:45:00,api-gateway,36.27,54.86,50.89,555.61,584.89,145.71,0.22,28.81,0,normal
2026-01-01 00:45:00,user-service,27.4,50.67,50.25,386.26,367.25,114.82,0.16,32.64,0,normal
2026-01-01 00:45:00,payment-service,42.27,65.58,59.76,531.81,507.43,176.5,0.19,52.7,0,normal
2026-01-01 00:45:00,notification-service,21.6,38.63,53.42,243.15,263.21,97.9,0.21,19.3,0,normal
2026-01-01 00:45:00,database,51.29,67.91,48.68,910.04,793.81,103.3,0.24,72.37,0,normal
2026-01-01 00:50:00,api-gateway,37.12,49.86,34.06,561.86,683.07,148.72,0.26,27.25,0,normal
2026-01-01 00:50:00,user-service,30.04,50.91,34.01,285.32,335.02,128.56,0.18,32.64,0,normal
2026-01-01 00:50:00,payment-service,46.06,62.13,53.32,498.22,494.21,152.87,0.26,42.46,0,normal
2026-01-01 00:50:00,notification-service,24.46,49.65,51.66,254.8,265.03,104.95,0.25,25.09,0,normal
2026-01-01 00:50:00,database,54.47,62.11,38.17,850.65,732.27,101.51,0.11,70.5,0,normal
2026-01-01 00:55:00,api-gateway,39.8,48.49,53.31,635.01,538.23,127.09,0.25,29.98,0,normal
2026-01-01 00:55:00,user-service,28.78,51.15,36.96,255.26,307.42,111.97,0.2,24.95,0,normal
2026-01-01 00:55:00,payment-service,39.59,61.46,46.81,446.14,513.44,172.14,0.3,46.46,0,normal
2026-01-01 00:55:00,notification-service,20.83,44.68,69.65,219.75,269.39,93.12,0.14,20.07,0,normal
2026-01-01 00:55:00,database,51.06,68.61,55.8,620.18,701.76,102.55,0.16,65.16,0,normal
2026-01-01 01:00:00,api-gateway,29.79,50.45,55.77,620.51,617.62,147.39,0.19,31.8,0,normal
2026-01-01 01:00:00,user-service,25.11,50.24,40.95,340.22,357.78,129.55,0.16,24.79,0,normal
2026-01-01 01:00:00,payment-service,39.67,65.06,50.77,483.6,467.37,172.17,0.27,46.65,0,normal
2026-01-01 01:00:00,notification-service,22.24,49.75,36.9,270.21,262.77,99.26,0.27,19.56,0,normal
2026-01-01 01:00:00,database,51.25,63.05,50.49,607.49,630.07,87.73,0.16,64.52,0,normal
2026-01-01 01:05:00,api-gateway,40.56,54.75,44.67,632.58,592.61,135.54,0.16,27.41,0,normal
2026-01-01 01:05:00,user-service,32.01,44.99,42.37,353.56,352.48,119.53,0.23,30.06,0,normal
2026-01-01 01:05:00,payment-service,42.17,59.08,52.68,423.61,426.83,146.95,0.14,48.49,0,normal
2026-01-01 01:05:00,notification-service,24.19,42.42,58.36,294.75,266.96,99.5,0.17,24.69,0,normal
2026-01-01 01:05:00,database,46.11,72.3,50.89,561.46,643.51,75.17,0.21,63.34,0,normal
2026-01-01 01:10:00,api-gateway,38.38,58.5,45.12,548.77,633.9,136.63,0.18,28.06,0,normal
2026-01-01 01:10:00,user-service,31.17,53.1,59.48,382.14,339.19,91.49,0.19,32.87,0,normal
2026-01-01 01:10:00,payment-service,39.97,54.39,53.27,399.22,418.67,158.45,0.28,46.04,0,normal
2026-01-01 01:10:00,notification-service,27.57,45.29,55.69,257.42,275.62,94.93,0.21,22.75,0,normal
2026-01-01 01:10:00,database,47.34,66.9,45.41,644.8,716.92,117.05,0.21,67.71,0,normal
2026-01-01 01:15:00,api-gateway,45.04,56.21,45.55,508.89,591.76,129.67,0.26,29.06,0,normal
2026-01-01 01:15:00,user-service,25.31,52.61,42.26,321.94,368.92,128.31,0.29,33.62,0,normal
2026-01-01 01:15:00,payment-service,44.68,62.51,76.44,466.34,446.44,153.85,0.21,39.4,0,normal
2026-01-01 01:15:00,notification-service,26.9,46.44,68.82,273.62,282.19,106.35,0.22,19.68,0,normal
2026-01-01 01:15:00,database,49.74,65.3,55.24,736.27,767.27,94.44,0.33,70.02,0,normal
2026-01-01 01:20:00,api-gateway,37.29,51.96,37.1,682.06,622.89,117.29,0.2,29.39,0,normal
2026-01-01 01:20:00,user-service,22.99,49.22,36.81,307.32,317.62,101.45,0.2,30.91,0,normal
2026-01-01 01:20:00,payment-service,46.78,65.55,75.73,398.46,481.92,175.03,0.14,46.08,0,normal
2026-01-01 01:20:00,notification-service,20.87,47.02,38.93,232.34,281.18,102.91,0.33,22.49,0,normal
2026-01-01 01:20:00,database,55.02,57.05,46.57,786.71,687.25,104.66,0.1,70.61,0,normal
2026-01-01 01:25:00,api-gateway,38.4,56.58,49.3,528.93,613.29,141.96,0.18,22.83,0,normal
2026-01-01 01:25:00,user-service,34.09,52.17,37.78,313.57,373.39,103.65,0.22,30.89,0,normal
2026-01-01 01:25:00,payment-service,47.26,57.18,39.93,454.19,514.95,167.06,0.28,48.11,0,normal
2026-01-01 01:25:00,notification-service,22.76,45.98,44.77,263.78,291.86,92.08,0.19,25.07,0,normal
2026-01-01 01:25:00,database,54.26,59.74,28.3,733.23,752.45,102.61,0.26,63.29,0,normal
2026-01-01 01:30:00,api-gateway,38.61,53.37,51.14,620.37,639.5,138.2,0.26,26.99,0,normal
2026-01-01 01:30:00,user-service,37.62,52.02,51.01,321.54,353.76,107.92,0.14,30.82,0,normal
2026-01-01 01:30:00,payment-service,40.09,61.22,52.56,516.83,496.85,147.17,0.22,50.19,0,normal
2026-01-01 01:30:00,notification-service,19.98,46.53,26.3,245.35,299.65,103.4,0.22,24.91,0,normal
2026-01-01 01:30:00,database,46.1,65.56,40.77,789.48,725.88,86.96,0.13,65.42,0,normal
2026-01-01 01:35:00,api-gateway,41.3,49.74,51.79,504.27,569.17,153.46,0.2,25.41,0,normal
2026-01-01 01:35:00,user-service,29.49,57.68,49.65,360.9,335.61,112.46,0.16,35.16,0,normal
2026-01-01 01:35:00,payment-service,37.77,58.8,59.29,571.9,551.98,170.77,0.15,49.48,0,normal
2026-01-01 01:35:00,notification-service,23.01,44.78,53.8,298.01,265.46,109.48,0.13,22.17,0,normal
2026-01-01 01:35:00,database,54.15,68.19,49.42,873.03,730.53,90.07,0.12,69.2,0,normal
2026-01-01 01:40:00,api-gateway,39.83,55.81,49.6,743.37,649.33,121.66,0.25,23.97,0,normal
2026-01-01 01:40:00,user-service,27.14,52.66,62.78,400.04,367.04,100.63,0.15,33.84,0,normal
2026-01-01 01:40:00,payment-service,42.24,64.34,52.67,431.82,483.46,165.78,0.13,50.0,0,normal
2026-01-01 01:40:00,notification-service,26.85,45.14,25.15,312.98,297.79,117.12,0.17,20.39,0,normal
2026-01-01 01:40:00,database,54.81,69.74,36.56,622.51,677.72,88.33,0.19,65.52,0,normal
2026-01-01 01:45:00,api-gateway,31.27,51.38,41.74,677.93,588.66,122.38,0.19,28.59,0,normal
2026-01-01 01:45:00,user-service,31.7,46.63,52.89,311.19,348.76,117.77,0.22,32.47,0,normal
2026-01-01 01:45:00,payment-service,41.93,58.2,48.32,684.0,575.94,172.01,0.18,46.36,0,normal
2026-01-01 01:45:00,notification-service,21.72,42.5,52.03,319.88,308.41,110.13,0.23,21.05,0,normal
2026-01-01 01:45:00,database,45.64,65.49,60.84,636.91,624.21,88.86,0.23,67.99,0,normal
2026-01-01 01:50:00,api-gateway,35.81,50.86,44.82,709.42,622.04,126.51,0.29,26.81,0,normal
2026-01-01 01:50:00,user-service,15.08,47.39,38.68,364.94,355.59,126.28,0.27,33.14,0,normal
2026-01-01 01:50:00,payment-service,42.56,61.77,60.67,534.65,510.44,175.67,0.23,49.75,0,normal
2026-01-01 01:50:00,notification-service,21.4,46.44,54.95,341.97,303.39,101.47,0.17,20.08,0,normal
2026-01-01 01:50:00,database,54.11,65.57,56.45,779.95,701.44,94.49,0.24,62.93,0,normal
2026-01-01 01:55:00,api-gateway,40.07,53.8,35.59,853.04,727.35,141.54,0.26,28.23,0,normal
2026-01-01 01:55:00,user-service,29.78,53.22,61.95,277.27,338.84,103.29,0.16,32.18,0,normal
2026-01-01 01:55:00,payment-service,45.47,58.42,60.8,427.24,436.69,161.17,0.24,40.13,0,normal
2026-01-01 01:55:00,notification-service,15.2,46.32,52.44,266.56,251.04,97.53,0.24,18.21,0,normal
2026-01-01 01:55:00,database,48.11,61.56,66.6,611.12,671.8,92.29,0.14,68.62,0,normal
2026-01-01 02:00:00,api-gateway,39.97,54.28,49.18,745.55,627.95,137.47,0.27,23.22,0,normal
2026-01-01 02:00:00,user-service,30.08,49.31,56.08,397.01,377.93,122.19,0.22,34.73,0,normal
2026-01-01 02:00:00,payment-service,46.84,59.73,49.6,410.26,496.88,178.6,0.29,45.07,0,normal
2026-01-01 02:00:00,notification-service,17.63,46.69,49.75,208.39,251.38,96.22,0.19,24.27,0,normal
2026-01-01 02:00:00,database,39.3,60.25,40.33,607.49,677.38,101.15,0.22,69.13,0,normal
2026-01-01 02:05:00,api-gateway,48.61,54.93,50.38,590.34,627.85,139.2,0.16,32.32,0,normal
2026-01-01 02:05:00,user-service,27.88,55.39,63.99,264.07,324.96,119.41,0.23,29.79,0,normal
2026-01-01 02:05:00,payment-service,51.25,61.07,60.89,588.14,522.36,168.86,0.17,49.51,0,normal
2026-01-01 02:05:00,notification-service,24.79,51.23,43.49,351.91,306.35,98.43,0.21,27.87,0,normal
2026-01-01 02:05:00,database,44.87,63.41,49.03,735.06,675.81,99.7,0.35,70.15,0,normal
2026-01-01 02:10:00,api-gateway,39.48,56.84,53.99,693.04,631.71,123.81,0.12,26.25,0,normal
2026-01-01 02:10:00,user-service,21.54,47.3,67.81,420.88,366.18,99.03,0.19,38.33,0,normal
2026-01-01 02:10:00,payment-service,47.53,61.96,43.74,525.74,483.96,148.06,0.27,51.34,0,normal
2026-01-01 02:10:00,notification-service,25.3,44.13,60.62,289.62,287.92,87.89,0.19,22.05,0,normal
2026-01-01 02:10:00,database,42.04,63.91,45.32,899.78,757.44,83.95,0.26,63.69,0,normal
2026-01-01 02:15:00,api-gateway,32.78,54.18,62.34,580.7,645.59,113.39,0.19,27.94,0,normal
2026-01-01 02:15:00,user-service,32.4,48.95,53.82,400.75,387.52,112.01,0.3,31.79,0,normal
2026-01-01 02:15:00,payment-service,42.79,61.14,43.12,593.25,505.05,161.16,0.2,45.56,0,normal
2026-01-01 02:15:00,notification-service,23.68,45.24,59.98,293.34,294.65,84.75,0.22,25.12,0,normal
2026-01-01 02:15:00,database,45.52,66.21,43.49,542.7,555.19,81.72,0.21,67.48,0,normal
2026-01-01 02:20:00,api-gateway,39.87,57.61,74.03,713.12,621.42,138.77,0.22,27.36,0,normal
2026-01-01 02:20:00,user-service,27.2,50.2,56.68,370.71,348.56,115.92,0.15,33.32,0,normal
2026-01-01 02:20:00,payment-service,39.41,60.91,53.21,561.84,547.17,158.09,0.22,47.62,0,normal
2026-01-01 02:20:00,notification-service,26.26,46.07,55.7,318.7,288.44,87.57,0.25,19.41,0,normal
2026-01-01 02:20:00,database,54.5,64.55,39.04,656.67,685.12,94.96,0.2,66.33,0,normal
2026-01-01 02:25:00,api-gateway,35.46,59.66,43.99,468.71,565.2,117.03,0.14,25.37,0,normal
2026-01-01 02:25:00,user-service,33.04,47.94,25.01,316.85,391.05,138.17,0.18,35.77,0,normal
2026-01-01 02:25:00,payment-service,39.37,55.4,57.25,630.6,570.18,180.74,0.32,42.67,0,normal
2026-01-01 02:25:00,notification-service,27.41,47.28,42.46,290.25,291.9,107.41,0.2,22.61,0,normal
2026-01-01 02:25:00,database,45.52,62.05,53.97,716.24,685.97,103.43,0.1,65.01,0,normal
2026-01-01 02:30:00,api-gateway,42.76,52.05,51.05,634.42,585.47,130.76,0.15,28.16,0,normal
2026-01-01 02:30:00,user-service,29.64,47.19,50.64,333.51,316.65,126.64,0.17,31.11,0,normal
2026-01-01 02:30:00,payment-service,46.17,60.15,35.97,561.48,494.28,164.53,0.17,44.96,0,normal
2026-01-01 02:30:00,notification-service,22.9,47.25,44.4,305.38,314.99,113.22,0.24,20.77,0,normal
2026-01-01 02:30:00,database,50.12,62.49,56.34,590.83,666.33,114.78,0.22,63.1,0,normal
2026-01-01 02:35:00,api-gateway,43.9,59.87,33.15,647.78,648.62,119.04,0.27,28.01,0,normal
2026-01-01 02:35:00,user-service,35.56,55.03,46.21,275.23,329.91,107.66,0.28,33.31,0,normal
2026-01-01 02:35:00,payment-service,39.6,57.87,50.33,540.89,482.87,157.93,0.16,46.31,0,normal
2026-01-01 02:35:00,notification-service,17.78,45.99,62.28,340.94,284.68,112.57,0.22,16.14,0,normal
2026-01-01 02:35:00,database,51.78,70.84,43.19,756.58,639.52,90.19,0.2,71.58,0,normal
2026-01-01 02:40:00,api-gateway,35.32,55.51,42.64,697.4,654.24,120.4,0.15,26.94,0,normal
2026-01-01 02:40:00,user-service,26.86,45.78,62.27,399.73,380.9,115.97,0.2,34.96,0,normal
2026-01-01 02:40:00,payment-service,42.76,60.4,42.14,414.79,496.72,162.67,0.25,49.22,0,normal
2026-01-01 02:40:00,notification-service,24.35,47.12,38.69,254.96,253.38,94.19,0.31,16.53,0,normal
2026-01-01 02:40:00,database,52.35,65.25,52.67,780.87,699.7,93.01,0.19,69.75,0,normal
2026-01-01 02:45:00,api-gateway,36.97,54.29,63.13,767.08,644.48,122.44,0.15,26.1,0,normal
2026-01-01 02:45:00,user-service,30.9,49.92,50.1,361.86,377.15,123.26,0.23,36.71,0,normal
2026-01-01 02:45:00,payment-service,42.51,57.02,43.53,445.18,444.09,167.77,0.11,46.51,0,normal
2026-01-01 02:45:00,notification-service,23.42,41.37,47.87,215.05,261.21,109.06,0.26,26.12,0,normal
2026-01-01 02:45:00,database,46.75,63.77,43.72,638.93,774.54,91.82,0.22,65.63,0,normal
2026-01-01 02:50:00,api-gateway,39.01,56.31,24.46,543.1,637.23,146.07,0.13,29.93,0,normal
2026-01-01 02:50:00,user-service,28.49,52.97,46.83,408.25,373.36,109.86,0.26,28.95,0,normal
2026-01-01 02:50:00,payment-service,33.64,58.36,49.85,396.48,469.82,167.34,0.21,42.28,0,normal
2026-01-01 02:50:00,notification-service,16.16,51.18,41.37,288.79,291.59,92.65,0.26,22.17,0,normal
2026-01-01 02:50:00,database,42.55,69.41,43.94,569.44,631.4,90.53,0.25,64.31,0,normal
2026-01-01 02:55:00,api-gateway,38.65,57.76,57.99,744.63,712.17,149.93,0.21,31.56,0,normal
2026-01-01 02:55:00,user-service,25.99,51.38,46.35,290.64,350.8,107.25,0.21,38.06,0,normal
2026-01-01 02:55:00,payment-service,40.79,63.9,61.58,433.95,496.46,154.38,0.23,43.11,0,normal
2026-01-01 02:55:00,notification-service,26.88,47.99,46.77,317.69,303.71,97.62,0.28,18.33,0,normal
2026-01-01 02:55:00,database,51.57,68.67,67.99,755.67,687.46,87.92,0.27,66.99,0,normal
2026-01-01 03:00:00,api-gateway,43.29,53.91,70.56,770.17,654.22,126.15,0.1,24.13,0,normal
2026-01-01 03:00:00,user-service,27.06,49.01,59.13,363.17,322.42,115.0,0.13,30.95,0,normal
2026-01-01 03:00:00,payment-service,45.13,59.25,56.63,421.68,484.15,179.91,0.24,48.39,0,normal
2026-01-01 03:00:00,notification-service,25.31,45.09,55.78,268.69,303.47,104.23,0.24,22.33,0,normal
2026-01-01 03:00:00,database,49.09,65.93,55.66,819.48,761.91,112.26,0.33,68.34,0,normal
2026-01-01 03:05:00,api-gateway,40.31,57.7,49.8,494.96,550.77,126.02,0.19,27.55,0,normal
2026-01-01 03:05:00,user-service,25.6,48.26,38.04,324.83,344.77,119.68,0.22,36.91,0,normal
2026-01-01 03:05:00,payment-service,45.11,64.36,41.8,581.73,505.56,149.95,0.18,43.9,0,normal
2026-01-01 03:05:00,notification-service,22.4,45.67,34.74,351.55,314.54,115.05,0.11,18.61,0,normal
2026-01-01 03:05:00,database,49.72,62.49,43.12,781.9,763.13,117.41,0.21,66.74,0,normal
2026-01-01 03:10:00,api-gateway,43.83,58.07,41.82,595.14,722.77,141.99,0.17,30.37,0,normal
2026-01-01 03:10:00,user-service,33.46,48.05,58.01,300.57,349.92,123.47,0.06,34.04,0,normal
2026-01-01 03:10:00,payment-service,36.53,59.75,39.76,490.24,464.91,162.07,0.23,51.18,0,normal
2026-01-01 03:10:00,notification-service,22.6,45.78,30.63,328.21,317.08,117.33,0.26,22.01,0,normal
2026-01-01 03:10:00,database,44.52,65.42,45.34,776.28,675.56,75.83,0.19,67.73,0,normal
2026-01-01 03:15:00,api-gateway,37.52,56.21,49.48,464.59,558.24,130.48,0.14,30.37,0,normal
2026-01-01 03:15:00,user-service,36.09,54.98,40.02,384.44,349.31,109.4,0.22,30.18,0,normal
2026-01-01 03:15:00,payment-service,45.41,60.36,47.79,450.42,500.56,154.54,0.22,44.47,0,normal
2026-01-01 03:15:00,notification-service,20.79,49.48,25.76,280.06,298.27,102.2,0.16,22.39,0,normal
2026-01-01 03:15:00,database,49.99,65.26,43.96,672.81,744.2,101.91,0.19,67.73,0,normal
2026-01-01 03:20:00,api-gateway,33.98,55.88,33.85,562.98,665.74,121.23,0.2,28.8,0,normal
2026-01-01 03:20:00,user-service,27.29,48.37,76.63,320.7,379.12,121.49,0.25,31.23,0,normal
2026-01-01 03:20:00,payment-service,46.77,60.53,39.28,437.49,505.01,160.76,0.2,44.73,0,normal
2026-01-01 03:20:00,notification-service,22.21,51.03,50.74,222.68,221.57,118.78,0.16,17.44,0,normal
2026-01-01 03:20:00,database,54.5,63.06,51.23,609.3,690.86,85.83,0.15,65.46,0,normal
2026-01-01 03:25:00,api-gateway,37.56,56.53,42.64,818.2,703.11,138.8,0.2,27.72,0,normal
2026-01-01 03:25:00,user-service,41.77,50.9,51.13,316.07,345.49,106.3,0.26,30.63,0,normal
2026-01-01 03:25:00,payment-service,45.45,64.11,48.08,445.47,439.66,174.44,0.24,47.89,0,normal
2026-01-01 03:25:00,notification-service,20.61,43.07,40.45,282.78,289.69,114.78,0.18,21.24,0,normal
2026-01-01 03:25:00,database,46.06,65.61,50.06,697.46,721.18,96.34,0.23,67.94,0,normal
2026-01-01 03:30:00,api-gateway,40.71,54.44,55.8,484.25,582.19,142.79,0.33,30.03,0,normal
2026-01-01 03:30:00,user-service,25.78,51.79,53.51,331.55,358.14,117.04,0.29,33.08,0,normal
2026-01-01 03:30:00,payment-service,43.53,53.63,40.01,581.56,536.1,159.24,0.2,51.55,0,normal
2026-01-01 03:30:00,notification-service,21.74,43.77,62.57,282.96,269.9,96.87,0.24,15.66,0,normal
2026-01-01 03:30:00,database,47.27,66.21,38.21,805.81,749.92,94.76,0.22,64.79,0,normal
2026-01-01 03:35:00,api-gateway,37.39,56.57,60.13,686.91,683.45,130.1,0.27,29.93,0,normal
2026-01-01 03:35:00,user-service,26.29,51.54,56.35,293.83,324.99,114.8,0.22,32.55,0,normal
2026-01-01 03:35:00,payment-service,45.09,61.95,27.23,605.96,528.84,155.45,0.11,48.01,0,normal
2026-01-01 03:35:00,notification-service,27.39,43.39,57.09,216.89,236.55,100.92,0.21,21.91,0,normal
2026-01-01 03:35:00,database,49.78,65.95,46.14,573.12,678.23,102.45,0.23,65.2,0,normal
2026-01-01 03:40:00,api-gateway,46.35,54.33,58.0,594.09,646.53,130.87,0.18,27.13,0,normal
2026-01-01 03:40:00,user-service,33.2,47.41,52.14,270.62,309.59,116.67,0.25,33.89,0,normal
2026-01-01 03:40:00,payment-service,43.32,60.21,59.75,560.07,486.34,175.51,0.21,44.17,0,normal
2026-01-01 03:40:00,notification-service,26.61,53.06,46.48,301.85,290.02,86.4,0.27,20.19,0,normal
2026-01-01 03:40:00,database,52.81,69.84,50.75,583.4,693.13,107.01,0.24,71.85,0,normal
2026-01-01 03:45:00,api-gateway,37.97,47.79,56.11,559.31,557.91,136.64,0.27,26.63,0,normal
2026-01-01 03:45:00,user-service,29.78,47.77,45.71,397.51,334.43,100.18,0.2,29.85,0,normal
2026-01-01 03:45:00,payment-service,43.12,53.8,43.31,468.85,465.77,167.83,0.16,42.93,0,normal
2026-01-01 03:45:00,notification-service,20.99,45.96,48.4,228.59,273.82,117.1,0.21,16.22,0,normal
2026-01-01 03:45:00,database,45.46,65.81,60.76,792.92,733.57,95.71,0.2,60.85,0,normal
2026-01-01 03:50:00,api-gateway,32.95,49.59,34.19,675.59,598.12,117.45,0.23,27.45,0,normal
2026-01-01 03:50:00,user-service,29.58,48.16,27.91,352.87,372.38,107.81,0.16,33.48,0,normal
2026-01-01 03:50:00,payment-service,40.05,59.61,51.69,517.1,482.61,164.56,0.17,46.22,0,normal
2026-01-01 03:50:00,notification-service,28.7,39.8,56.37,245.0,288.84,106.51,0.22,24.5,0,normal
2026-01-01 03:50:00,database,49.43,64.9,44.51,545.88,642.81,90.78,0.11,66.04,0,normal
2026-01-01 03:55:00,api-gateway,31.16,57.2,58.46,616.4,634.18,142.65,0.22,30.91,0,normal
2026-01-01 03:55:00,user-service,32.68,53.0,52.89,373.51,320.16,106.1,0.19,35.58,0,normal
2026-01-01 03:55:00,payment-service,36.72,57.92,57.8,536.73,499.11,145.9,0.28,50.64,0,normal
2026-01-01 03:55:00,notification-service,22.36,41.68,63.1,241.72,258.18,100.76,0.24,20.53,0,normal
2026-01-01 03:55:00,database,48.4,62.86,62.72,682.92,769.78,106.5,0.12,64.15,0,normal
2026-01-01 04:00:00,api-gateway,40.12,52.57,55.46,599.69,628.81,138.21,0.2,25.57,0,normal
2026-01-01 04:00:00,user-service,24.61,48.91,52.29,404.56,350.16,95.97,0.2,30.94,0,normal
2026-01-01 04:00:00,payment-service,45.48,59.68,38.06,542.47,531.06,169.65,0.14,42.87,0,normal
2026-01-01 04:00:00,notification-service,30.29,45.75,41.27,248.31,282.86,101.95,0.15,25.75,0,normal
2026-01-01 04:00:00,database,47.11,59.06,70.74,688.52,691.59,101.31,0.21,63.7,0,normal
2026-01-01 04:05:00,api-gateway,40.17,57.7,37.24,480.19,588.63,152.69,0.18,29.92,0,normal
2026-01-01 04:05:00,user-service,22.99,50.76,53.08,353.66,416.11,121.32,0.2,36.58,0,normal
2026-01-01 04:05:00,payment-service,41.34,62.62,53.91,545.55,476.29,162.36,0.2,43.29,0,normal
2026-01-01 04:05:00,notification-service,29.05,42.28,28.64,252.1,244.54,95.69,0.27,19.33,0,normal
2026-01-01 04:05:00,database,53.78,63.99,47.96,991.62,856.89,101.28,0.26,73.04,0,normal
2026-01-01 04:10:00,api-gateway,27.24,56.97,61.24,707.29,656.71,136.54,0.18,27.24,0,normal
2026-01-01 04:10:00,user-service,27.36,47.76,43.16,442.07,373.69,126.4,0.16,30.88,0,normal
2026-01-01 04:10:00,payment-service,46.05,62.18,58.0,556.55,523.36,170.11,0.22,45.55,0,normal
2026-01-01 04:10:00,notification-service,26.34,46.35,49.76,284.17,295.09,97.08,0.16,23.01,0,normal
2026-01-01 04:10:00,database,48.42,62.62,50.01,744.73,666.24,90.25,0.21,60.98,0,normal
2026-01-01 04:15:00,api-gateway,38.28,55.25,42.37,541.27,593.23,131.57,0.15,24.46,0,normal
2026-01-01 04:15:00,user-service,28.22,49.21,50.6,349.65,370.74,94.79,0.14,34.32,0,normal
2026-01-01 04:15:00,payment-service,40.58,61.01,37.1,524.65,499.71,164.36,0.31,50.15,0,normal
2026-01-01 04:15:00,notification-service,22.03,47.42,60.6,243.6,284.19,94.47,0.23,23.53,0,normal
2026-01-01 04:15:00,database,46.04,67.67,40.53,688.6,837.98,78.43,0.22,68.3,0,normal
2026-01-01 04:20:00,api-gateway,43.48,55.0,58.25,549.41,592.99,133.08,0.21,25.61,0,normal
2026-01-01 04:20:00,user-service,27.91,47.67,43.36,379.79,328.32,120.42,0.25,30.1,0,normal
2026-01-01 04:20:00,payment-service,43.45,61.17,25.61,547.37,519.78,163.82,0.17,48.22,0,normal
2026-01-01 04:20:00,notification-service,26.09,42.55,60.58,233.54,277.31,105.78,0.15,22.14,0,normal
2026-01-01 04:20:00,database,53.82,64.58,35.56,645.69,730.79,90.11,0.23,67.31,0,normal
2026-01-01 04:25:00,api-gateway,33.38,50.75,54.83,559.82,526.67,144.06,0.18,24.89,0,normal
2026-01-01 04:25:00,user-service,28.7,52.01,53.76,411.86,375.98,104.32,0.24,27.86,0,normal
2026-01-01 04:25:00,payment-service,48.3,55.89,48.52,419.45,458.43,178.58,0.21,44.26,0,normal
2026-01-01 04:25:00,notification-service,23.35,45.12,47.71,268.35,269.12,93.43,0.17,23.95,0,normal
2026-01-01 04:25:00,database,52.12,57.77,49.58,655.23,650.28,92.23,0.23,66.55,0,normal
2026-01-01 04:30:00,api-gateway,43.46,57.15,56.73,489.23,576.86,140.0,0.2,27.73,0,normal
2026-01-01 04:30:00,user-service,32.92,47.77,36.49,433.99,364.8,92.98,0.25,33.06,0,normal
2026-01-01 04:30:00,payment-service,44.98,59.33,48.97,545.17,496.07,179.07,0.16,42.28,0,normal
2026-01-01 04:30:00,notification-service,21.22,44.88,43.5,219.99,247.14,107.73,0.19,21.33,0,normal
2026-01-01 04:30:00,database,47.73,68.84,54.98,650.77,681.24,99.2,0.21,63.48,0,normal
2026-01-01 04:35:00,api-gateway,34.32,57.55,31.64,787.63,681.31,141.53,0.19,26.86,0,normal
2026-01-01 04:35:00,user-service,29.61,47.49,70.24,284.03,342.0,134.58,0.21,27.02,0,normal
2026-01-01 04:35:00,payment-service,47.37,58.15,49.17,424.69,490.24,185.88,0.17,41.32,0,normal
2026-01-01 04:35:00,notification-service,22.93,43.71,70.24,208.57,251.52,108.46,0.22,16.49,0,normal
2026-01-01 04:35:00,database,49.65,65.12,55.72,752.47,631.84,98.12,0.2,64.57,0,normal
2026-01-01 04:40:00,api-gateway,40.95,60.41,40.44,616.78,601.13,131.45,0.14,28.84,0,normal
2026-01-01 04:40:00,user-service,28.97,54.69,37.31,321.59,361.81,120.66,0.23,31.61,0,normal
2026-01-01 04:40:00,payment-service,42.19,58.59,71.0,441.4,520.88,167.54,0.2,46.13,0,normal
2026-01-01 04:40:00,notification-service,20.97,40.3,51.5,324.67,275.06,90.31,0.21,17.07,0,normal
2026-01-01 04:40:00,database,53.03,62.95,37.89,531.83,606.67,100.04,0.24,60.16,0,normal
2026-01-01 04:45:00,api-gateway,32.89,55.1,69.83,684.12,662.88,136.87,0.12,26.8,0,normal
2026-01-01 04:45:00,user-service,29.42,47.3,48.72,390.05,390.43,102.31,0.25,32.24,0,normal
2026-01-01 04:45:00,payment-service,45.64,56.02,54.44,449.76,542.89,160.0,0.18,44.68,0,normal
2026-01-01 04:45:00,notification-service,24.8,46.31,56.8,196.15,227.92,105.44,0.15,24.41,0,normal
2026-01-01 04:45:00,database,49.44,68.16,24.42,624.3,759.63,89.46,0.23,62.6,0,normal
2026-01-01 04:50:00,api-gateway,34.66,57.04,32.74,540.47,581.07,121.42,0.22,28.46,0,normal
2026-01-01 04:50:00,user-service,32.45,51.74,32.8,354.51,333.06,108.72,0.27,28.25,0,normal
2026-01-01 04:50:00,payment-service,40.77,57.51,56.5,452.87,492.99,169.31,0.27,48.3,0,normal
2026-01-01 04:50:00,notification-service,27.88,47.41,51.57,293.22,249.94,102.83,0.08,18.38,0,normal
2026-01-01 04:50:00,database,52.55,64.04,56.66,661.05,726.73,112.49,0.22,67.96,0,normal
2026-01-01 04:55:00,api-gateway,36.86,56.62,59.38,665.08,648.97,121.43,0.25,23.54,0,normal
2026-01-01 04:55:00,user-service,31.67,46.72,47.06,397.3,349.86,110.12,0.24,34.08,0,normal
2026-01-01 04:55:00,payment-service,43.76,61.36,63.2,578.56,487.49,171.67,0.21,43.96,0,normal
2026-01-01 04:55:00,notification-service,21.36,47.1,28.47,238.87,280.14,108.22,0.17,23.48,0,normal
2026-01-01 04:55:00,database,44.53,61.96,57.72,792.56,754.86,98.86,0.17,69.98,0,normal
2026-01-01 05:00:00,api-gateway,40.05,53.89,39.71,717.75,684.54,136.65,0.22,22.28,0,normal
2026-01-01 05:00:00,user-service,33.87,47.39,59.32,307.68,316.18,105.8,0.16,30.87,0,normal
2026-01-01 05:00:00,payment-service,48.94,59.53,61.17,396.63,450.92,157.4,0.23,46.92,0,normal
2026-01-01 05:00:00,notification-service,30.08,43.52,33.32,368.34,308.97,102.51,0.17,21.14,0,normal
2026-01-01 05:00:00,database,45.97,64.31,31.54,672.9,701.64,84.79,0.25,69.69,0,normal
2026-01-01 05:05:00,api-gateway,35.69,53.01,37.14,698.4,588.17,115.6,0.25,26.15,0,normal
2026-01-01 05:05:00,user-service,29.71,48.36,37.0,267.57,331.96,110.56,0.27,36.66,0,normal
2026-01-01 05:05:00,payment-service,48.76,63.04,34.63,595.05,519.04,149.08,0.23,50.19,0,normal
2026-01-01 05:05:00,notification-service,25.36,46.17,47.71,300.68,291.03,91.29,0.26,25.42,0,normal
2026-01-01 05:05:00,database,47.69,60.13,54.2,745.97,697.83,92.86,0.18,68.47,0,normal
2026-01-01 05:10:00,api-gateway,38.3,55.68,45.63,685.15,628.94,130.28,0.24,26.59,0,normal
2026-01-01 05:10:00,user-service,29.06,49.74,40.27,259.19,309.84,128.08,0.24,35.07,0,normal
2026-01-01 05:10:00,payment-service,43.06,57.65,49.33,546.87,500.3,157.39,0.16,44.4,0,normal
2026-01-01 05:10:00,notification-service,30.46,47.99,52.07,278.1,265.68,107.36,0.13,23.0,0,normal
2026-01-01 05:10:00,database,52.55,62.71,60.73,674.72,743.46,95.25,0.19,69.48,0,normal
2026-01-01 05:15:00,api-gateway,42.24,54.19,42.49,662.26,736.37,147.43,0.31,30.11,0,normal
2026-01-01 05:15:00,user-service,35.88,55.98,46.13,308.21,334.85,105.73,0.24,30.05,0,normal
2026-01-01 05:15:00,payment-service,41.24,60.01,46.24,470.76,488.41,171.89,0.21,46.93,0,normal
2026-01-01 05:15:00,notification-service,27.25,44.16,55.71,215.15,254.87,99.95,0.22,23.74,0,normal
2026-01-01 05:15:00,database,44.97,61.65,55.33,704.64,748.41,95.96,0.09,62.5,0,normal
2026-01-01 05:20:00,api-gateway,41.19,56.65,50.86,766.67,651.68,131.93,0.22,26.86,0,normal
2026-01-01 05:20:00,user-service,33.26,43.58,58.47,334.33,294.52,97.77,0.22,30.93,0,normal
2026-01-01 05:20:00,payment-service,46.43,66.17,55.56,450.11,504.7,153.11,0.15,48.63,0,normal
2026-01-01 05:20:00,notification-service,24.45,50.23,47.12,232.57,261.63,100.27,0.16,22.82,0,normal
2026-01-01 05:20:00,database,50.73,60.87,34.14,834.77,821.34,90.78,0.3,71.28,0,normal
2026-01-01 05:25:00,api-gateway,43.34,58.17,47.59,574.07,545.4,132.12,0.25,22.17,0,normal
2026-01-01 05:25:00,user-service,29.34,47.22,40.04,310.61,324.65,115.54,0.18,28.81,0,normal
2026-01-01 05:25:00,payment-service,43.47,60.53,42.35,525.24,512.79,137.8,0.2,48.1,0,normal
2026-01-01 05:25:00,notification-service,27.99,45.84,49.47,288.7,309.28,123.05,0.22,23.85,0,normal
2026-01-01 05:25:00,database,48.04,69.29,60.23,631.99,761.18,98.56,0.2,66.72,0,normal
2026-01-01 05:30:00,api-gateway,37.17,54.87,43.93,651.53,685.68,135.82,0.09,30.16,0,normal
2026-01-01 05:30:00,user-service,27.82,54.04,35.29,293.99,355.28,103.43,0.14,30.04,0,normal
2026-01-01 05:30:00,payment-service,35.18,62.69,47.99,525.94,468.83,176.14,0.14,48.65,0,normal
2026-01-01 05:30:00,notification-service,25.07,49.54,56.24,281.89,279.87,117.96,0.24,23.24,0,normal
2026-01-01 05:30:00,database,45.56,69.21,52.97,838.14,720.49,101.39,0.18,65.88,0,normal
2026-01-01 05:35:00,api-gateway,41.17,59.33,61.1,561.41,650.84,142.3,0.29,28.16,0,normal
2026-01-01 05:35:00,user-service,28.13,47.46,46.29,459.71,395.23,109.29,0.16,29.64,0,normal
2026-01-01 05:35:00,payment-service,38.51,60.09,45.79,468.93,440.81,164.82,0.26,44.86,0,normal
2026-01-01 05:35:00,notification-service,27.42,41.72,38.24,233.85,266.84,112.24,0.23,22.19,0,normal
2026-01-01 05:35:00,database,44.95,67.1,55.37,728.12,655.25,77.85,0.25,68.41,0,normal
2026-01-01 05:40:00,api-gateway,41.33,55.78,53.5,488.25,598.65,127.91,0.1,23.63,0,normal
2026-01-01 05:40:00,user-service,24.06,53.49,56.45,320.42,310.88,119.14,0.18,30.34,0,normal
2026-01-01 05:40:00,payment-service,46.45,56.95,53.34,477.81,516.49,162.32,0.19,47.26,0,normal
2026-01-01 05:40:00,notification-service,19.19,47.08,70.2,324.01,308.63,118.78,0.25,24.6,0,normal
2026-01-01 05:40:00,database,53.18,65.43,41.82,635.2,712.47,94.49,0.28,66.07,0,normal
2026-01-01 05:45:00,api-gateway,41.81,55.48,51.41,837.53,698.96,133.47,0.13,29.45,0,normal
2026-01-01 05:45:00,user-service,32.54,48.22,39.41,430.24,365.64,115.86,0.17,38.18,0,normal
2026-01-01 05:45:00,payment-service,44.01,56.17,58.68,467.34,541.86,176.61,0.13,50.97,0,normal
2026-01-01 05:45:00,notification-service,30.74,46.69,46.65,246.03,304.62,96.43,0.17,28.58,0,normal
2026-01-01 05:45:00,database,51.09,68.99,80.62,688.97,717.12,102.81,0.15,68.67,0,normal
2026-01-01 05:50:00,api-gateway,34.4,56.16,45.34,520.82,640.86,132.2,0.28,32.39,0,normal
2026-01-01 05:50:00,user-service,25.77,49.55,57.99,306.24,346.23,123.16,0.22,32.71,0,normal
2026-01-01 05:50:00,payment-service,40.78,62.69,49.66,583.18,512.03,158.31,0.24,48.07,0,normal
2026-01-01 05:50:00,notification-service,23.27,43.55,48.22,255.65,289.09,107.89,0.17,23.15,0,normal
2026-01-01 05:50:00,database,42.81,63.53,49.38,629.89,691.16,90.97,0.19,66.14,0,normal
2026-01-01 05:55:00,api-gateway,36.55,58.16,44.2,613.87,651.57,124.33,0.18,24.96,0,normal
2026-01-01 05:55:00,user-service,29.73,51.79,49.69,311.84,338.6,107.97,0.15,30.53,0,normal
2026-01-01 05:55:00,payment-service,49.41,60.85,50.18,483.14,460.3,165.52,0.14,43.39,0,normal
2026-01-01 05:55:00,notification-service,16.9,44.76,48.83,273.47,278.09,95.57,0.17,24.7,0,normal
2026-01-01 05:55:00,database,51.17,69.92,58.06,678.39,668.22,104.66,0.18,68.73,0,normal
2026-01-01 06:00:00,api-gateway,42.38,54.85,62.47,583.22,617.45,119.67,0.29,26.7,0,normal
2026-01-01 06:00:00,user-service,27.91,53.16,53.45,306.14,348.45,108.68,0.18,26.08,0,normal
2026-01-01 06:00:00,payment-service,50.5,66.66,64.77,476.76,556.64,164.31,0.12,48.84,0,normal
2026-01-01 06:00:00,notification-service,18.83,45.87,45.7,234.65,256.64,93.75,0.22,19.27,0,normal
2026-01-01 06:00:00,database,49.88,68.65,61.8,721.08,644.76,87.76,0.19,64.29,0,normal
2026-01-01 06:05:00,api-gateway,41.08,52.07,55.39,578.25,638.73,127.37,0.18,25.07,0,normal
2026-01-01 06:05:00,user-service,33.92,48.09,49.69,424.52,363.37,119.12,0.17,26.01,0,normal
2026-01-01 06:05:00,payment-service,41.38,57.8,47.94,394.84,458.16,162.39,0.28,49.22,0,normal
2026-01-01 06:05:00,notification-service,22.0,43.42,51.41,235.41,225.05,115.14,0.22,19.47,0,normal
2026-01-01 06:05:00,database,49.09,67.66,44.88,578.8,593.47,85.36,0.2,65.94,0,normal
2026-01-01 06:10:00,api-gateway,40.15,54.86,34.83,536.48,617.06,129.47,0.22,25.15,0,normal
2026-01-01 06:10:00,user-service,33.88,48.54,45.54,329.96,368.76,129.04,0.22,30.53,0,normal
2026-01-01 06:10:00,payment-service,51.39,59.47,42.81,482.14,513.99,171.37,0.26,47.64,0,normal
2026-01-01 06:10:00,notification-service,26.02,45.59,61.47,335.96,294.9,111.7,0.14,17.99,0,normal
2026-01-01 06:10:00,database,52.82,67.63,33.61,614.47,655.54,107.84,0.19,64.74,0,normal
2026-01-01 06:15:00,api-gateway,37.13,51.54,54.85,612.71,612.34,122.65,0.2,27.7,0,normal
2026-01-01 06:15:00,user-service,22.48,53.62,40.51,331.85,345.33,121.59,0.28,33.31,0,normal
2026-01-01 06:15:00,payment-service,42.92,61.78,45.07,516.35,551.16,154.7,0.17,50.65,0,normal
2026-01-01 06:15:00,notification-service,22.96,46.06,30.88,316.16,304.46,99.52,0.21,17.15,0,normal
2026-01-01 06:15:00,database,44.16,64.28,57.15,761.49,696.57,95.16,0.19,63.94,0,normal
2026-01-01 06:20:00,api-gateway,39.8,55.79,33.45,526.4,654.46,147.27,0.21,29.47,0,normal
2026-01-01 06:20:00,user-service,30.87,51.52,49.03,388.66,326.0,114.81,0.15,28.78,0,normal
2026-01-01 06:20:00,payment-service,46.41,60.22,52.58,498.84,543.07,163.39,0.2,44.9,0,normal
2026-01-01 06:20:00,notification-service,23.74,46.35,46.98,250.87,255.16,98.45,0.21,20.94,0,normal
2026-01-01 06:20:00,database,43.66,66.46,49.06,684.4,727.83,79.08,0.18,70.53,0,normal
2026-01-01 06:25:00,api-gateway,43.61,53.44,41.49,684.73,689.66,124.55,0.2,25.75,0,normal
2026-01-01 06:25:00,user-service,31.21,53.6,31.3,397.33,338.72,108.92,0.26,30.54,0,normal
2026-01-01 06:25:00,payment-service,45.34,65.87,46.88,506.21,476.4,163.34,0.14,45.26,0,normal
2026-01-01 06:25:00,notification-service,25.79,43.97,56.1,299.38,281.18,105.76,0.19,19.14,0,normal
2026-01-01 06:25:00,database,48.13,63.11,54.28,739.51,707.85,72.3,0.22,70.51,0,normal
2026-01-01 06:30:00,api-gateway,36.16,54.13,44.44,544.47,568.27,124.79,0.16,31.52,0,normal
2026-01-01 06:30:00,user-service,27.49,48.95,60.18,316.95,355.11,102.21,0.21,31.23,0,normal
2026-01-01 06:30:00,payment-service,44.07,60.68,52.02,590.56,551.42,172.68,0.29,44.07,0,normal
2026-01-01 06:30:00,notification-service,30.51,43.49,62.55,355.74,312.64,102.65,0.21,23.64,0,normal
2026-01-01 06:30:00,database,44.53,64.44,30.49,619.22,601.65,95.13,0.26,65.85,0,normal
2026-01-01 06:35:00,api-gateway,38.1,54.74,38.21,714.22,636.46,149.22,0.27,25.0,0,normal
2026-01-01 06:35:00,user-service,31.32,47.88,42.7,407.59,346.76,122.43,0.25,36.88,0,normal
2026-01-01 06:35:00,payment-service,45.77,56.54,62.61,434.33,502.65,157.21,0.09,44.09,0,normal
2026-01-01 06:35:00,notification-service,19.16,46.17,60.49,237.05,273.98,106.21,0.16,21.27,0,normal
2026-01-01 06:35:00,database,47.51,63.48,44.8,749.23,782.77,89.72,0.2,67.51,0,normal
2026-01-01 06:40:00,api-gateway,37.35,54.73,50.41,576.34,633.27,133.7,0.27,21.84,0,normal
2026-01-01 06:40:00,user-service,24.92,52.8,50.7,350.4,361.08,112.03,0.17,34.56,0,normal
2026-01-01 06:40:00,payment-service,45.88,57.88,58.42,420.98,505.13,157.31,0.16,46.88,0,normal
2026-01-01 06:40:00,notification-service,26.71,42.67,43.25,261.12,272.62,103.52,0.1,19.84,0,normal
2026-01-01 06:40:00,database,49.44,68.99,45.41,602.67,638.13,95.89,0.22,64.56,0,normal
2026-01-01 06:45:00,api-gateway,45.79,52.4,38.62,541.22,598.74,148.98,0.23,24.07,0,normal
2026-01-01 06:45:00,user-service,25.99,45.6,59.78,311.56,324.94,107.98,0.23,34.42,0,normal
2026-01-01 06:45:00,payment-service,45.93,57.91,47.94,608.42,508.27,178.54,0.18,43.84,0,normal
2026-01-01 06:45:00,notification-service,31.32,43.77,34.65,277.64,297.86,112.02,0.17,29.29,0,normal
2026-01-01 06:45:00,database,53.58,65.63,52.95,488.73,606.0,101.4,0.27,67.69,0,normal
2026-01-01 06:50:00,api-gateway,36.29,52.68,61.83,609.28,587.15,141.35,0.22,29.23,0,normal
2026-01-01 06:50:00,user-service,35.49,52.75,42.34,285.45,320.55,95.62,0.25,36.89,0,normal
2026-01-01 06:50:00,payment-service,47.03,64.11,41.53,449.35,453.25,169.9,0.15,47.33,0,normal
2026-01-01 06:50:00,notification-service,23.16,46.6,46.78,247.39,304.99,102.08,0.19,22.56,0,normal
2026-01-01 06:50:00,database,56.65,61.16,51.85,662.99,646.46,94.82,0.14,69.49,0,normal
2026-01-01 06:55:00,api-gateway,35.91,55.0,47.6,647.09,672.21,136.9,0.23,25.08,0,normal
2026-01-01 06:55:00,user-service,26.07,50.69,56.39,386.97,361.03,95.86,0.21,34.03,0,normal
2026-01-01 06:55:00,payment-service,43.54,60.76,67.35,425.05,527.03,171.58,0.26,44.12,0,normal
2026-01-01 06:55:00,notification-service,28.69,47.0,52.31,220.36,261.91,122.51,0.18,18.91,0,normal
2026-01-01 06:55:00,database,55.14,63.03,42.42,589.64,732.32,90.87,0.14,68.15,0,normal
2026-01-01 07:00:00,api-gateway,45.54,55.24,28.48,993.48,952.66,146.71,0.2,28.0,0,normal
2026-01-01 07:00:00,user-service,29.44,48.21,52.75,528.57,521.91,118.05,0.2,33.58,0,normal
2026-01-01 07:00:00,payment-service,51.35,56.38,38.47,635.44,744.69,160.52,0.15,55.67,0,normal
2026-01-01 07:00:00,notification-service,26.33,45.98,58.2,485.8,422.75,128.46,0.25,27.68,0,normal
2026-01-01 07:00:00,database,55.0,61.45,46.39,925.09,1088.06,106.26,0.15,77.14,0,normal
2026-01-01 07:05:00,api-gateway,55.22,53.07,72.78,820.89,918.74,131.88,0.26,30.46,0,normal
2026-01-01 07:05:00,user-service,36.9,49.99,59.14,611.58,527.6,115.21,0.24,32.28,0,normal
2026-01-01 07:05:00,payment-service,51.38,63.86,71.64,565.79,645.9,160.43,0.17,53.33,0,normal
2026-01-01 07:05:00,notification-service,37.19,47.12,40.35,452.09,410.06,108.08,0.26,22.17,0,normal
2026-01-01 07:05:00,database,45.98,61.46,53.38,891.97,1081.42,103.81,0.2,67.88,0,normal
2026-01-01 07:10:00,api-gateway,36.49,56.37,32.06,961.25,903.54,130.28,0.12,26.58,0,normal
2026-01-01 07:10:00,user-service,42.97,47.66,44.58,481.35,466.11,120.37,0.32,35.85,0,normal
2026-01-01 07:10:00,payment-service,45.9,59.16,71.65,736.48,641.11,158.67,0.16,50.68,0,normal
2026-01-01 07:10:00,notification-service,22.62,47.76,42.08,492.98,423.81,113.04,0.21,29.77,0,normal
2026-01-01 07:10:00,database,51.79,64.78,55.06,1042.17,921.15,97.67,0.13,75.13,0,normal
2026-01-01 07:15:00,api-gateway,44.82,52.51,58.99,1137.54,967.01,152.44,0.16,32.05,0,normal
2026-01-01 07:15:00,user-service,24.87,52.05,43.25,498.61,510.9,121.7,0.3,34.55,0,normal
2026-01-01 07:15:00,payment-service,44.94,64.59,58.07,608.07,685.89,170.91,0.19,48.03,0,normal
2026-01-01 07:15:00,notification-service,29.69,46.28,52.53,438.42,387.85,113.57,0.25,19.37,0,normal
2026-01-01 07:15:00,database,59.96,66.72,55.77,1114.17,1069.23,86.17,0.2,75.93,0,normal
2026-01-01 07:20:00,api-gateway,39.89,51.14,51.41,824.63,925.82,143.5,0.17,30.72,0,normal
2026-01-01 07:20:00,user-service,32.63,50.7,44.52,515.26,539.72,109.43,0.17,35.16,0,normal
2026-01-01 07:20:00,payment-service,47.76,51.21,50.19,573.69,695.53,190.4,0.18,53.2,0,normal
2026-01-01 07:20:00,notification-service,30.51,42.8,50.69,308.59,376.57,118.96,0.23,24.95,0,normal
2026-01-01 07:20:00,database,49.65,63.76,49.09,856.76,1008.76,101.49,0.19,68.72,0,normal
2026-01-01 07:25:00,api-gateway,38.45,55.36,39.88,915.98,896.36,143.11,0.18,30.35,0,normal
2026-01-01 07:25:00,user-service,40.55,49.09,39.89,443.89,528.84,95.12,0.2,34.49,0,normal
2026-01-01 07:25:00,payment-service,50.44,61.52,44.34,572.02,681.97,160.33,0.13,53.15,0,normal
2026-01-01 07:25:00,notification-service,27.86,46.53,48.17,385.32,409.92,129.85,0.2,27.69,0,normal
2026-01-01 07:25:00,database,57.01,63.96,32.98,1170.04,982.17,94.68,0.12,71.61,0,normal
2026-01-01 07:30:00,api-gateway,42.87,58.66,54.35,1057.72,922.51,131.73,0.11,35.39,0,normal
2026-01-01 07:30:00,user-service,35.64,48.9,61.04,515.9,511.89,117.97,0.09,32.03,0,normal
2026-01-01 07:30:00,payment-service,56.52,58.25,31.68,691.19,666.2,157.3,0.3,48.92,0,normal
2026-01-01 07:30:00,notification-service,25.28,45.79,53.39,415.7,378.97,134.65,0.13,20.4,0,normal
2026-01-01 07:30:00,database,54.36,65.99,63.76,1091.33,997.55,114.46,0.15,72.61,0,normal
2026-01-01 07:35:00,api-gateway,43.95,62.32,35.26,919.1,914.09,136.33,0.29,28.32,0,normal
2026-01-01 07:35:00,user-service,34.87,51.92,52.33,463.17,454.0,119.39,0.14,33.74,0,normal
2026-01-01 07:35:00,payment-service,52.32,52.47,51.85,699.63,673.51,168.86,0.25,49.77,0,normal
2026-01-01 07:35:00,notification-service,35.25,45.96,41.68,354.15,394.05,111.64,0.21,21.04,0,normal
2026-01-01 07:35:00,database,57.09,59.5,52.0,808.46,968.09,83.8,0.16,75.27,0,normal
2026-01-01 07:40:00,api-gateway,39.83,52.91,60.68,1059.55,903.21,130.89,0.18,33.75,0,normal
2026-01-01 07:40:00,user-service,34.57,53.0,51.99,617.5,515.1,139.64,0.22,37.56,0,normal
2026-01-01 07:40:00,payment-service,54.03,61.01,70.5,596.43,665.93,166.75,0.16,47.04,0,normal
2026-01-01 07:40:00,notification-service,33.17,47.36,51.88,368.55,400.01,101.93,0.23,19.92,0,normal
2026-01-01 07:40:00,database,57.94,62.04,36.27,1036.49,1034.64,97.85,0.24,73.93,0,normal
2026-01-01 07:45:00,api-gateway,42.25,49.66,35.82,831.25,915.82,153.25,0.17,32.47,0,normal
2026-01-01 07:45:00,user-service,32.46,49.29,46.61,608.89,514.91,128.04,0.21,36.56,0,normal
2026-01-01 07:45:00,payment-service,43.97,56.53,45.46,660.75,712.95,170.14,0.19,48.0,0,normal
2026-01-01 07:45:00,notification-service,30.85,47.35,54.45,477.3,405.17,105.95,0.23,26.35,0,normal
2026-01-01 07:45:00,database,50.46,68.69,50.29,886.65,958.72,121.38,0.15,69.61,0,normal
2026-01-01 07:50:00,api-gateway,46.25,58.58,48.58,1048.27,916.8,127.79,0.23,32.38,0,normal
2026-01-01 07:50:00,user-service,36.61,47.83,46.33,441.12,508.47,128.79,0.23,38.62,0,normal
2026-01-01 07:50:00,payment-service,49.4,63.58,51.79,615.22,702.56,169.24,0.18,46.68,0,normal
2026-01-01 07:50:00,notification-service,30.36,50.42,53.78,460.15,424.58,102.63,0.22,32.5,0,normal
2026-01-01 07:50:00,database,59.23,67.62,59.33,868.76,1060.91,98.07,0.22,68.89,0,normal
2026-01-01 07:55:00,api-gateway,45.29,55.56,42.7,851.93,889.98,125.92,0.25,32.27,0,normal
2026-01-01 07:55:00,user-service,35.16,45.69,60.13,511.73,510.6,107.27,0.09,36.06,0,normal
2026-01-01 07:55:00,payment-service,45.45,60.07,67.46,672.85,694.46,171.99,0.12,48.24,0,normal
2026-01-01 07:55:00,notification-service,32.33,46.49,58.58,389.56,387.56,120.08,0.08,21.09,0,normal
2026-01-01 07:55:00,database,58.59,59.98,56.2,787.86,958.59,99.14,0.19,69.65,0,normal
2026-01-01 08:00:00,api-gateway,39.61,52.86,40.05,887.7,883.32,144.84,0.21,30.78,0,normal
2026-01-01 08:00:00,user-service,30.07,45.53,45.46,555.39,495.46,134.37,0.19,37.33,0,normal
2026-01-01 08:00:00,payment-service,42.12,60.31,53.22,744.58,675.77,189.73,0.2,50.49,0,normal
2026-01-01 08:00:00,notification-service,30.99,40.12,44.83,450.77,399.78,112.87,0.13,23.31,0,normal
2026-01-01 08:00:00,database,53.01,62.65,31.69,1207.99,1050.09,93.4,0.22,65.19,0,normal
2026-01-01 08:05:00,api-gateway,44.94,57.75,39.41,784.04,844.72,131.55,0.15,28.45,0,normal
2026-01-01 08:05:00,user-service,32.8,50.95,55.86,443.83,511.61,111.61,0.27,35.78,0,normal
2026-01-01 08:05:00,payment-service,56.28,60.21,35.37,656.31,685.57,163.2,0.16,47.12,0,normal
2026-01-01 08:05:00,notification-service,30.64,42.32,56.55,397.52,375.65,113.92,0.1,24.5,0,normal
2026-01-01 08:05:00,database,55.65,61.41,49.05,946.47,1040.54,98.6,0.17,68.18,0,normal
2026-01-01 08:10:00,api-gateway,44.51,53.81,49.55,979.96,882.77,127.78,0.21,28.61,0,normal
2026-01-01 08:10:00,user-service,39.79,45.57,58.62,566.78,504.56,116.38,0.21,34.1,0,normal
2026-01-01 08:10:00,payment-service,47.89,63.11,62.38,660.24,692.91,155.57,0.18,46.99,0,normal
2026-01-01 08:10:00,notification-service,28.89,43.99,66.74,439.56,407.6,102.57,0.26,22.11,0,normal
2026-01-01 08:10:00,database,53.15,64.55,62.96,854.33,1054.54,86.76,0.22,68.97,0,normal
2026-01-01 08:15:00,api-gateway,40.56,58.44,36.17,707.55,850.18,140.32,0.17,27.71,0,normal
2026-01-01 08:15:00,user-service,31.84,49.98,53.2,563.86,488.7,117.39,0.16,33.66,0,normal
2026-01-01 08:15:00,payment-service,56.18,67.24,55.96,719.1,757.88,166.95,0.19,49.54,0,normal
2026-01-01 08:15:00,notification-service,34.77,47.85,53.02,373.47,385.21,111.69,0.19,20.03,0,normal
2026-01-01 08:15:00,database,56.19,64.69,47.47,1036.6,1008.78,94.42,0.23,61.39,0,normal
2026-01-01 08:20:00,api-gateway,47.33,52.6,63.93,1044.82,931.18,121.61,0.25,29.17,0,normal
2026-01-01 08:20:00,user-service,33.67,53.28,69.4,569.33,517.76,119.47,0.17,33.65,0,normal
2026-01-01 08:20:00,payment-service,44.37,61.76,60.09,741.2,746.39,163.96,0.21,46.42,0,normal
2026-01-01 08:20:00,notification-service,26.46,37.23,58.48,374.94,383.1,109.75,0.15,27.43,0,normal
2026-01-01 08:20:00,database,53.65,67.88,56.72,1078.15,986.87,104.36,0.21,66.33,0,normal
2026-01-01 08:25:00,api-gateway,37.56,57.59,44.5,1006.47,968.76,135.81,0.25,31.35,0,normal
2026-01-01 08:25:00,user-service,25.44,48.76,47.2,420.17,485.08,128.54,0.22,36.31,0,normal
2026-01-01 08:25:00,payment-service,51.26,65.51,31.23,749.05,655.23,157.05,0.23,50.92,0,normal
2026-01-01 08:25:00,notification-service,37.56,45.15,53.11,395.3,385.37,116.96,0.22,22.81,0,normal
2026-01-01 08:25:00,database,50.4,66.04,51.24,938.74,905.52,112.69,0.2,64.57,0,normal
2026-01-01 08:30:00,api-gateway,40.8,59.09,52.43,813.59,925.56,156.97,0.14,39.74,0,normal
2026-01-01 08:30:00,user-service,32.91,51.52,69.32,407.95,447.95,116.65,0.16,31.48,0,normal
2026-01-01 08:30:00,payment-service,53.0,53.8,66.43,627.08,630.86,168.31,0.18,42.78,0,normal
2026-01-01 08:30:00,notification-service,39.56,46.13,48.73,343.06,407.21,109.36,0.16,20.39,0,normal
2026-01-01 08:30:00,database,57.53,65.07,49.21,1109.82,975.59,85.46,0.21,66.8,0,normal
2026-01-01 08:35:00,api-gateway,42.92,50.26,68.44,815.36,873.94,138.81,0.28,28.05,0,normal
2026-01-01 08:35:00,user-service,33.73,47.66,58.62,474.46,483.03,116.72,0.24,39.46,0,normal
2026-01-01 08:35:00,payment-service,56.48,59.66,49.7,679.15,650.43,158.95,0.24,45.83,0,normal
2026-01-01 08:35:00,notification-service,31.2,47.8,48.96,382.86,367.68,104.23,0.34,26.29,0,normal
2026-01-01 08:35:00,database,55.94,63.38,39.9,1128.3,1019.67,101.63,0.21,72.33,0,normal
2026-01-01 08:40:00,api-gateway,44.05,57.25,40.08,1097.55,943.29,143.75,0.22,27.63,0,normal
2026-01-01 08:40:00,user-service,38.05,53.38,66.2,431.07,484.18,110.22,0.19,32.96,0,normal
2026-01-01 08:40:00,payment-service,50.45,58.91,56.34,664.0,684.39,149.48,0.18,48.61,0,normal
2026-01-01 08:40:00,notification-service,28.55,45.15,50.65,322.22,386.04,108.71,0.2,23.14,0,normal
2026-01-01 08:40:00,database,55.32,68.42,48.87,972.96,1042.98,96.99,0.27,67.13,0,normal
2026-01-01 08:45:00,api-gateway,49.07,57.31,43.75,830.9,909.97,146.72,0.19,32.54,0,normal
2026-01-01 08:45:00,user-service,38.54,49.81,48.0,629.36,533.78,123.78,0.27,34.79,0,normal
2026-01-01 08:45:00,payment-service,47.3,56.72,71.17,776.76,708.11,164.35,0.15,54.37,0,normal
2026-01-01 08:45:00,notification-service,22.44,43.64,59.58,340.1,395.15,99.36,0.19,23.06,0,normal
2026-01-01 08:45:00,database,61.74,68.0,23.79,811.28,1010.38,117.18,0.21,68.06,0,normal
2026-01-01 08:50:00,api-gateway,50.09,54.67,58.91,1030.57,948.17,137.19,0.22,30.37,0,normal
2026-01-01 08:50:00,user-service,40.35,51.11,44.85,593.47,500.11,118.7,0.08,38.32,0,normal
2026-01-01 08:50:00,payment-service,50.97,59.82,59.9,601.23,681.98,180.76,0.16,50.0,0,normal
2026-01-01 08:50:00,notification-service,30.89,48.79,49.02,364.78,395.66,91.16,0.26,25.23,0,normal
2026-01-01 08:50:00,database,54.01,67.96,45.16,1158.48,985.13,92.58,0.19,65.22,0,normal
2026-01-01 08:55:00,api-gateway,39.68,54.82,59.82,748.36,856.52,138.04,0.15,32.44,0,normal
2026-01-01 08:55:00,user-service,36.44,57.05,53.96,474.92,488.03,112.36,0.2,33.51,0,normal
2026-01-01 08:55:00,payment-service,43.17,67.91,57.35,741.87,709.22,179.2,0.18,49.37,0,normal
2026-01-01 08:55:00,notification-service,32.28,45.73,51.11,283.1,339.85,96.09,0.15,20.54,0,normal
2026-01-01 08:55:00,database,54.18,61.48,47.42,892.44,968.68,82.32,0.17,69.91,0,normal
2026-01-01 09:00:00,api-gateway,43.56,55.14,53.24,1221.98,1205.9,152.38,0.18,38.97,0,normal
2026-01-01 09:00:00,user-service,36.3,48.99,34.79,652.08,604.9,149.31,0.21,36.98,0,normal
2026-01-01 09:00:00,payment-service,56.03,55.29,34.37,894.59,919.68,189.83,0.23,51.31,0,normal
2026-01-01 09:00:00,notification-service,35.66,49.53,44.53,444.44,496.41,118.37,0.25,31.51,0,normal
2026-01-01 09:00:00,database,54.83,65.49,60.75,1113.59,1301.26,127.99,0.2,74.49,0,normal
2026-01-01 09:05:00,api-gateway,55.23,55.6,47.62,1159.62,1179.48,162.53,0.16,34.97,0,normal
2026-01-01 09:05:00,user-service,39.85,52.28,52.91,725.63,674.94,124.08,0.22,38.32,0,normal
2026-01-01 09:05:00,payment-service,59.76,57.3,30.06,779.91,840.16,158.27,0.2,48.34,0,normal
2026-01-01 09:05:00,notification-service,32.13,44.8,61.59,529.84,508.03,119.04,0.12,33.98,0,normal
2026-01-01 09:05:00,database,62.05,63.17,56.83,1532.95,1348.66,108.42,0.16,71.51,0,normal
2026-01-01 09:10:00,api-gateway,50.17,58.62,40.15,976.81,1103.22,129.24,0.21,29.09,0,normal
2026-01-01 09:10:00,user-service,47.6,47.84,49.33,744.8,630.19,119.35,0.21,33.88,0,normal
2026-01-01 09:10:00,payment-service,58.93,59.41,54.95,1010.44,887.95,170.72,0.11,52.82,0,normal
2026-01-01 09:10:00,notification-service,41.58,41.86,40.84,568.48,527.67,112.42,0.11,27.68,0,normal
2026-01-01 09:10:00,database,65.15,63.21,56.81,1317.24,1261.87,114.24,0.18,77.72,0,normal
2026-01-01 09:15:00,api-gateway,52.69,59.67,31.96,1292.06,1118.08,142.84,0.24,27.12,0,normal
2026-01-01 09:15:00,user-service,45.1,48.04,40.6,699.86,698.71,128.22,0.12,38.83,0,normal
2026-01-01 09:15:00,payment-service,51.39,57.46,53.18,988.63,890.37,164.44,0.17,52.4,0,normal
2026-01-01 09:15:00,notification-service,38.72,45.92,44.03,537.94,531.83,108.35,0.26,29.13,0,normal
2026-01-01 09:15:00,database,61.39,64.03,31.92,1198.89,1404.9,106.85,0.22,71.63,0,normal
2026-01-01 09:20:00,api-gateway,53.58,47.89,51.57,1276.0,1214.75,167.42,0.16,34.38,0,normal
2026-01-01 09:20:00,user-service,39.38,48.15,53.7,709.47,654.4,131.94,0.26,37.64,0,normal
2026-01-01 09:20:00,payment-service,53.87,62.52,60.8,1045.32,921.35,162.75,0.15,50.46,0,normal
2026-01-01 09:20:00,notification-service,41.32,48.96,49.28,509.17,538.86,120.47,0.17,25.86,0,normal
2026-01-01 09:20:00,database,64.5,62.99,52.0,1227.07,1327.05,105.93,0.08,70.1,0,normal
2026-01-01 09:25:00,api-gateway,48.01,55.13,46.65,1284.82,1197.4,145.93,0.09,33.99,0,normal
2026-01-01 09:25:00,user-service,44.78,47.3,51.02,782.15,681.39,115.93,0.16,39.68,0,normal
2026-01-01 09:25:00,payment-service,55.5,62.9,55.29,801.88,893.1,167.49,0.25,52.53,0,normal
2026-01-01 09:25:00,notification-service,34.91,43.98,55.52,445.38,543.47,122.17,0.21,24.52,0,normal
2026-01-01 09:25:00,database,60.15,68.54,46.81,1378.0,1334.01,112.65,0.21,67.27,0,normal
2026-01-01 09:30:00,api-gateway,49.01,58.45,38.43,1191.96,1147.73,148.47,0.21,36.56,0,normal
2026-01-01 09:30:00,user-service,43.99,54.2,56.3,580.28,616.67,140.24,0.15,38.89,0,normal
2026-01-01 09:30:00,payment-service,57.67,60.32,62.95,1016.16,939.75,180.72,0.26,54.39,0,normal
2026-01-01 09:30:00,notification-service,38.55,46.35,49.19,431.81,530.88,125.53,0.21,24.17,0,normal
2026-01-01 09:30:00,database,62.14,62.46,54.21,1240.58,1240.27,110.34,0.12,72.3,0,normal
2026-01-01 09:35:00,api-gateway,46.05,57.03,55.39,1056.8,1143.99,150.14,0.27,30.06,0,normal
2026-01-01 09:35:00,user-service,36.22,47.12,47.86,690.08,595.76,110.31,0.22,32.16,0,normal
2026-01-01 09:35:00,payment-service,57.17,57.77,53.8,850.0,923.28,175.89,0.21,54.66,0,normal
2026-01-01 09:35:00,notification-service,32.26,44.47,53.48,446.66,508.22,106.28,0.22,26.45,0,normal
2026-01-01 09:35:00,database,66.39,61.22,64.67,1137.68,1255.11,124.83,0.25,73.8,0,normal
2026-01-01 09:40:00,api-gateway,48.8,55.5,57.42,984.08,1167.61,155.4,0.16,34.48,0,normal
2026-01-01 09:40:00,user-service,41.51,50.26,30.67,585.97,634.06,140.6,0.11,33.58,0,normal
2026-01-01 09:40:00,payment-service,58.34,59.7,63.93,833.3,922.96,175.8,0.19,54.42,0,normal
2026-01-01 09:40:00,notification-service,41.8,40.72,37.83,516.43,536.79,119.62,0.23,27.5,0,normal
2026-01-01 09:40:00,database,61.88,67.38,64.52,1072.3,1255.18,99.4,0.14,75.11,0,normal
2026-01-01 09:45:00,api-gateway,48.97,52.45,61.65,977.9,1170.64,143.17,0.18,31.51,0,normal
2026-01-01 09:45:00,user-service,48.28,48.3,49.94,705.71,620.58,133.14,0.15,38.04,0,normal
2026-01-01 09:45:00,payment-service,63.1,58.62,36.21,776.46,937.44,169.09,0.27,55.03,0,normal
2026-01-01 09:45:00,notification-service,27.31,44.98,54.22,613.02,530.92,118.13,0.26,27.44,0,normal
2026-01-01 09:45:00,database,67.92,60.57,43.3,1494.43,1365.51,95.67,0.16,79.15,0,normal
2026-01-01 09:50:00,api-gateway,42.92,59.33,61.46,941.94,1173.05,140.94,0.18,33.2,0,normal
2026-01-01 09:50:00,user-service,47.62,48.24,44.27,599.55,579.06,139.84,0.23,35.35,0,normal
2026-01-01 09:50:00,payment-service,53.07,63.29,53.86,868.24,886.65,179.59,0.17,48.03,0,normal
2026-01-01 09:50:00,notification-service,30.21,44.82,51.78,533.72,536.76,102.19,0.2,32.36,0,normal
2026-01-01 09:50:00,database,61.51,64.32,36.07,1321.36,1340.7,120.7,0.28,75.32,0,normal
2026-01-01 09:55:00,api-gateway,52.13,54.48,55.57,1188.51,1168.45,149.64,0.31,32.58,0,normal
2026-01-01 09:55:00,user-service,37.24,50.74,44.34,618.06,642.12,117.66,0.19,42.29,0,normal
2026-01-01 09:55:00,payment-service,56.79,61.2,59.58,924.17,893.5,181.11,0.14,44.9,0,normal
2026-01-01 09:55:00,notification-service,31.78,47.47,58.61,440.34,529.61,106.85,0.26,30.32,0,normal
2026-01-01 09:55:00,database,56.3,62.63,42.56,1197.73,1312.57,115.23,0.17,76.52,0,normal
2026-01-01 10:00:00,api-gateway,49.07,54.75,48.09,1233.26,1105.04,146.99,0.23,35.13,0,normal
2026-01-01 10:00:00,user-service,39.06,50.37,43.74,725.27,645.05,110.84,0.26,40.78,0,normal
2026-01-01 10:00:00,payment-service,55.49,64.22,43.92,1043.74,930.21,171.74,0.2,56.15,0,normal
2026-01-01 10:00:00,notification-service,34.15,47.31,59.78,429.09,531.85,117.86,0.29,24.76,0,normal
2026-01-01 10:00:00,database,61.45,68.02,49.19,1107.51,1336.14,111.9,0.18,73.44,0,normal
2026-01-01 10:05:00,api-gateway,51.14,60.99,40.38,892.7,1027.33,141.95,0.22,36.18,0,normal
2026-01-01 10:05:00,user-service,44.83,47.63,55.19,783.19,657.27,126.63,0.24,34.05,0,normal
2026-01-01 10:05:00,payment-service,43.6,60.39,70.28,775.07,927.35,170.96,0.3,54.39,0,normal
2026-01-01 10:05:00,notification-service,34.97,44.29,35.03,604.72,542.08,113.04,0.21,26.95,0,normal
2026-01-01 10:05:00,database,63.64,61.21,60.23,1160.59,1364.05,115.09,0.21,70.74,0,normal
2026-01-01 10:10:00,api-gateway,49.99,58.09,56.46,1132.7,1116.76,152.78,0.15,32.45,0,normal
2026-01-01 10:10:00,user-service,45.31,49.02,49.66,736.85,650.48,93.27,0.26,35.56,0,normal
2026-01-01 10:10:00,payment-service,52.09,68.27,29.1,717.02,850.83,171.25,0.17,54.35,0,normal
2026-01-01 10:10:00,notification-service,32.46,43.44,48.64,525.71,516.59,96.91,0.2,26.76,0,normal
2026-01-01 10:10:00,database,63.96,66.52,47.37,1321.79,1197.48,103.38,0.16,67.79,0,normal
2026-01-01 10:15:00,api-gateway,53.65,52.21,61.55,1126.18,1098.18,143.83,0.17,31.19,0,normal
2026-01-01 10:15:00,user-service,37.78,50.92,56.28,566.95,666.49,124.18,0.16,42.29,0,normal
2026-01-01 10:15:00,payment-service,55.88,56.01,53.32,973.1,900.22,182.52,0.11,52.26,0,normal
2026-01-01 10:15:00,notification-service,31.25,46.76,45.32,510.72,537.38,123.07,0.2,22.7,0,normal
2026-01-01 10:15:00,database,61.99,69.8,55.89,1414.43,1262.06,103.26,0.21,69.97,0,normal
2026-01-01 10:20:00,api-gateway,48.88,53.31,55.31,1106.19,1071.98,148.62,0.33,24.04,0,normal
2026-01-01 10:20:00,user-service,38.45,50.17,52.69,601.73,653.72,119.38,0.19,39.32,0,normal
2026-01-01 10:20:00,payment-service,50.6,59.77,51.47,728.08,885.95,158.47,0.2,53.23,0,normal
2026-01-01 10:20:00,notification-service,36.18,48.77,45.07,472.63,509.56,141.42,0.18,31.15,0,normal
2026-01-01 10:20:00,database,62.73,62.96,41.48,1106.46,1233.0,114.34,0.27,75.31,0,normal
2026-01-01 10:25:00,api-gateway,49.3,56.5,48.26,1263.0,1191.39,148.49,0.24,31.97,0,normal
2026-01-01 10:25:00,user-service,36.12,48.29,33.11,698.14,629.45,123.94,0.2,34.4,0,normal
2026-01-01 10:25:00,payment-service,54.27,61.13,45.55,942.98,870.8,161.11,0.22,48.09,0,normal
2026-01-01 10:25:00,notification-service,31.39,45.8,58.27,521.11,510.07,107.27,0.27,26.2,0,normal
2026-01-01 10:25:00,database,59.31,61.61,53.66,1514.01,1307.9,110.37,0.24,76.08,0,normal
2026-01-01 10:30:00,api-gateway,52.22,56.76,45.51,1226.85,1244.87,161.81,0.17,35.17,0,normal
2026-01-01 10:30:00,user-service,38.99,46.98,58.95,698.86,655.96,125.73,0.31,37.38,0,normal
2026-01-01 10:30:00,payment-service,58.17,60.01,55.87,738.59,893.91,187.84,0.13,55.72,0,normal
2026-01-01 10:30:00,notification-service,44.82,48.6,45.97,452.94,515.89,103.2,0.25,30.26,0,normal
2026-01-01 10:30:00,database,66.01,67.37,48.04,1556.88,1312.01,115.94,0.13,74.1,0,normal
2026-01-01 10:35:00,api-gateway,46.46,54.54,46.08,1403.4,1217.7,152.29,0.24,33.15,0,normal
2026-01-01 10:35:00,user-service,40.06,47.18,65.29,603.79,633.61,136.54,0.27,36.79,0,normal
2026-01-01 10:35:00,payment-service,47.71,57.14,61.41,915.96,907.16,180.31,0.17,46.22,0,normal
2026-01-01 10:35:00,notification-service,39.55,45.86,47.79,519.47,496.04,113.33,0.28,29.1,0,normal
2026-01-01 10:35:00,database,73.06,66.88,25.95,1070.26,1303.47,99.38,0.16,72.36,0,normal
2026-01-01 10:40:00,api-gateway,63.45,57.42,32.04,1080.59,1202.01,138.23,0.18,32.08,0,normal
2026-01-01 10:40:00,user-service,46.38,53.88,46.73,764.96,641.75,122.56,0.19,41.52,0,normal
2026-01-01 10:40:00,payment-service,58.93,60.03,28.95,1137.89,965.94,175.22,0.17,54.03,0,normal
2026-01-01 10:40:00,notification-service,34.1,45.57,33.24,579.27,560.84,102.1,0.08,28.39,0,normal
2026-01-01 10:40:00,database,59.24,68.86,57.31,1482.03,1248.4,105.11,0.26,68.78,0,normal
2026-01-01 10:45:00,api-gateway,51.93,57.7,33.87,1255.61,1194.23,141.85,0.19,33.36,0,normal
2026-01-01 10:45:00,user-service,42.53,51.5,58.28,826.13,690.6,110.7,0.16,38.3,0,normal
2026-01-01 10:45:00,payment-service,55.94,54.6,58.32,1092.43,947.49,170.43,0.22,47.82,0,normal
2026-01-01 10:45:00,notification-service,34.91,41.35,48.61,601.97,526.83,105.13,0.2,30.3,0,normal
2026-01-01 10:45:00,database,55.92,63.68,52.27,1281.42,1278.81,86.56,0.21,69.04,0,normal
2026-01-01 10:50:00,api-gateway,52.16,51.46,52.01,1347.54,1169.07,143.78,0.12,34.82,0,normal
2026-01-01 10:50:00,user-service,47.17,50.26,52.21,527.51,652.52,143.52,0.11,44.21,0,normal
2026-01-01 10:50:00,payment-service,65.3,59.95,31.79,1096.94,943.47,182.01,0.16,53.73,0,normal
2026-01-01 10:50:00,notification-service,37.81,41.37,41.7,543.54,505.88,110.3,0.14,27.34,0,normal
2026-01-01 10:50:00,database,61.27,68.09,54.0,1270.3,1261.66,110.25,0.2,73.36,0,normal
2026-01-01 10:55:00,api-gateway,51.3,51.93,46.66,948.0,1179.07,148.67,0.32,30.11,0,normal
2026-01-01 10:55:00,user-service,35.38,49.6,34.18,625.85,649.0,131.15,0.17,43.0,0,normal
2026-01-01 10:55:00,payment-service,54.7,57.19,41.7,754.61,938.59,170.31,0.2,55.24,0,normal
2026-01-01 10:55:00,notification-service,36.39,46.31,34.18,595.23,522.99,124.59,0.22,29.25,0,normal
2026-01-01 10:55:00,database,59.22,63.33,60.58,1480.49,1302.51,112.37,0.18,71.16,0,normal
2026-01-01 11:00:00,api-gateway,51.49,54.63,72.76,1059.99,1210.86,144.79,0.22,35.69,0,normal
2026-01-01 11:00:00,user-service,40.84,44.74,50.09,614.13,628.69,126.34,0.14,35.06,0,normal
2026-01-01 11:00:00,payment-service,47.7,59.72,44.96,1013.33,919.56,176.43,0.25,55.52,0,normal
2026-01-01 11:00:00,notification-service,32.03,43.34,40.01,529.42,516.99,104.36,0.27,28.69,0,normal
2026-01-01 11:00:00,database,53.59,64.63,47.99,1170.95,1234.92,104.86,0.18,73.01,0,normal
2026-01-01 11:05:00,api-gateway,54.97,55.54,25.45,972.56,1186.54,148.91,0.16,31.32,0,normal
2026-01-01 11:05:00,user-service,38.63,44.46,41.54,562.32,663.9,122.27,0.18,41.37,0,normal
2026-01-01 11:05:00,payment-service,57.06,59.53,62.3,1058.17,942.4,186.93,0.11,60.77,0,normal
2026-01-01 11:05:00,notification-service,36.25,45.32,53.6,449.1,499.48,104.19,0.22,26.96,0,normal
2026-01-01 11:05:00,database,57.62,66.93,53.35,1275.58,1325.21,106.81,0.17,66.26,0,normal
2026-01-01 11:10:00,api-gateway,46.71,53.71,68.08,1256.28,1302.1,153.09,0.25,36.27,0,normal
2026-01-01 11:10:00,user-service,42.59,47.39,47.31,685.81,662.65,148.63,0.23,39.43,0,normal
2026-01-01 11:10:00,payment-service,52.63,62.25,44.0,1050.95,906.43,182.44,0.2,55.87,0,normal
2026-01-01 11:10:00,notification-service,37.24,46.98,43.25,472.78,488.82,110.43,0.17,29.67,0,normal
2026-01-01 11:10:00,database,56.46,63.76,62.53,1457.31,1259.12,97.8,0.3,67.71,0,normal
2026-01-01 11:15:00,api-gateway,47.94,58.51,41.31,1274.63,1134.94,138.64,0.18,34.0,0,normal
2026-01-01 11:15:00,user-service,43.9,53.87,45.9,664.48,616.6,150.54,0.23,33.73,0,normal
2026-01-01 11:15:00,payment-service,58.44,53.76,63.57,1027.74,937.42,183.56,0.21,50.15,0,normal
2026-01-01 11:15:00,notification-service,41.45,43.18,35.04,487.6,495.66,123.89,0.22,32.11,0,normal
2026-01-01 11:15:00,database,69.05,66.69,52.58,1211.5,1254.09,112.73,0.21,69.6,0,normal
2026-01-01 11:20:00,api-gateway,47.59,52.72,41.95,1088.46,1164.19,136.08,0.26,32.12,0,normal
2026-01-01 11:20:00,user-service,40.28,54.11,50.93,524.77,654.71,116.34,0.23,36.74,0,normal
2026-01-01 11:20:00,payment-service,56.84,60.6,54.76,873.74,947.95,176.99,0.21,51.99,0,normal
2026-01-01 11:20:00,notification-service,40.9,44.45,46.99,443.38,485.06,104.2,0.19,24.2,0,normal
2026-01-01 11:20:00,database,64.08,61.84,46.71,1533.67,1282.64,109.93,0.17,67.72,0,normal
2026-01-01 11:25:00,api-gateway,50.37,53.54,40.87,1432.05,1245.37,153.88,0.26,23.09,0,normal
2026-01-01 11:25:00,user-service,45.65,48.38,31.93,774.98,654.19,135.12,0.15,33.19,0,normal
2026-01-01 11:25:00,payment-service,53.49,59.12,46.72,887.54,900.38,168.83,0.19,52.99,0,normal
2026-01-01 11:25:00,notification-service,34.79,43.53,39.04,489.38,547.26,133.25,0.14,24.95,0,normal
2026-01-01 11:25:00,database,60.37,70.56,55.39,1148.03,1296.61,110.39,0.17,73.02,0,normal
2026-01-01 11:30:00,api-gateway,57.74,57.53,36.69,1173.82,1129.11,145.32,0.12,36.6,0,normal
2026-01-01 11:30:00,user-service,45.37,45.57,51.97,692.98,595.55,128.39,0.17,36.16,0,normal
2026-01-01 11:30:00,payment-service,57.25,56.44,41.48,884.25,843.75,170.13,0.2,53.66,0,normal
2026-01-01 11:30:00,notification-service,39.64,43.78,43.26,471.36,520.13,102.66,0.23,27.15,0,normal
2026-01-01 11:30:00,database,63.58,63.85,50.34,1244.59,1264.53,85.53,0.14,70.93,0,normal
2026-01-01 11:35:00,api-gateway,50.32,47.78,57.93,916.52,1116.43,130.24,0.13,31.14,0,normal
2026-01-01 11:35:00,user-service,38.55,49.83,43.98,611.65,667.2,138.53,0.2,39.37,0,normal
2026-01-01 11:35:00,payment-service,54.34,56.62,48.62,727.48,887.84,177.52,0.23,54.98,0,normal
2026-01-01 11:35:00,notification-service,30.37,43.67,59.76,488.62,526.4,117.43,0.14,33.27,0,normal
2026-01-01 11:35:00,database,60.38,62.42,65.87,1265.87,1369.97,87.61,0.2,72.89,0,normal
2026-01-01 11:40:00,api-gateway,52.0,54.02,46.27,1364.24,1183.21,147.54,0.22,37.69,0,normal
2026-01-01 11:40:00,user-service,30.52,46.13,60.36,753.77,637.5,131.7,0.26,31.36,0,normal
2026-01-01 11:40:00,payment-service,58.98,60.4,45.89,879.6,826.55,177.9,0.18,49.67,0,normal
2026-01-01 11:40:00,notification-service,30.35,44.59,27.54,526.61,540.43,110.76,0.26,28.95,0,normal
2026-01-01 11:40:00,database,63.13,65.5,39.49,1152.17,1335.16,92.88,0.24,71.9,0,normal
2026-01-01 11:45:00,api-gateway,47.85,52.65,56.72,1107.4,1056.07,161.46,0.19,34.31,0,normal
2026-01-01 11:45:00,user-service,43.51,46.28,57.53,604.22,662.61,111.48,0.17,36.01,0,normal
2026-01-01 11:45:00,payment-service,56.08,55.83,43.55,976.51,888.49,171.55,0.19,54.32,0,normal
2026-01-01 11:45:00,notification-service,36.84,44.52,37.68,565.05,546.31,142.32,0.18,25.49,0,normal
2026-01-01 11:45:00,database,55.66,71.41,26.86,1435.82,1347.62,101.85,0.28,75.66,0,normal
2026-01-01 11:50:00,api-gateway,56.31,52.08,49.36,1321.53,1147.86,149.57,0.23,32.24,0,normal
2026-01-01 11:50:00,user-service,44.08,50.15,47.36,551.61,613.73,106.16,0.21,27.91,0,normal
2026-01-01 11:50:00,payment-service,58.76,63.26,49.97,785.31,911.1,182.95,0.15,53.84,0,normal
2026-01-01 11:50:00,notification-service,34.09,41.63,41.97,444.68,509.34,135.22,0.2,24.48,0,normal
2026-01-01 11:50:00,database,65.09,69.93,43.56,1477.66,1395.01,111.81,0.16,77.45,0,normal
2026-01-01 11:55:00,api-gateway,44.92,57.84,41.16,1085.46,1046.74,145.51,0.18,33.14,0,normal
2026-01-01 11:55:00,user-service,39.89,50.34,47.86,718.42,660.24,131.0,0.19,37.64,0,normal
2026-01-01 11:55:00,payment-service,55.32,62.31,45.86,971.11,943.96,177.74,0.21,49.33,0,normal
2026-01-01 11:55:00,notification-service,36.37,43.47,53.9,493.76,540.77,91.5,0.18,28.01,0,normal
2026-01-01 11:55:00,database,68.98,63.63,53.98,1357.57,1292.3,105.34,0.23,69.17,0,normal
2026-01-01 12:00:00,api-gateway,52.47,52.78,42.17,1107.68,1133.51,153.84,0.21,33.05,0,normal
2026-01-01 12:00:00,user-service,46.33,51.75,63.19,657.48,667.68,123.51,0.2,39.98,0,normal
2026-01-01 12:00:00,payment-service,49.03,58.18,48.24,1071.4,936.62,192.44,0.25,57.72,0,normal
2026-01-01 12:00:00,notification-service,29.27,44.11,58.73,573.77,521.66,115.02,0.19,23.18,0,normal
2026-01-01 12:00:00,database,57.31,65.02,56.94,1156.17,1297.26,91.16,0.13,71.51,0,normal
2026-01-01 12:05:00,api-gateway,51.65,57.24,70.7,1195.71,1202.25,147.1,0.26,26.19,0,normal
2026-01-01 12:05:00,user-service,41.08,50.54,40.49,621.57,617.03,138.13,0.18,38.42,0,normal
2026-01-01 12:05:00,payment-service,53.69,57.79,64.24,779.77,898.04,158.49,0.19,48.71,0,normal
2026-01-01 12:05:00,notification-service,29.01,45.99,46.0,603.76,521.37,105.6,0.23,33.17,0,normal
2026-01-01 12:05:00,database,60.35,64.92,55.49,1249.32,1262.74,99.35,0.1,72.4,0,normal
2026-01-01 12:10:00,api-gateway,52.2,52.68,58.57,1050.15,1213.82,165.96,0.15,33.75,0,normal
2026-01-01 12:10:00,user-service,42.45,50.96,56.42,673.77,659.95,124.22,0.19,39.35,0,normal
2026-01-01 12:10:00,payment-service,62.89,57.7,27.92,830.64,894.81,169.53,0.14,51.44,0,normal
2026-01-01 12:10:00,notification-service,36.41,46.0,57.16,431.8,515.39,115.21,0.18,26.74,0,normal
2026-01-01 12:10:00,database,66.65,63.12,50.2,1352.83,1328.97,107.57,0.15,74.3,0,normal
2026-01-01 12:15:00,api-gateway,51.46,54.83,49.74,1315.26,1104.04,149.44,0.14,34.53,0,normal
2026-01-01 12:15:00,user-service,36.07,54.17,55.7,529.63,648.87,112.4,0.15,37.39,0,normal
2026-01-01 12:15:00,payment-service,59.87,57.97,48.14,1074.25,898.4,156.62,0.17,53.61,0,normal
2026-01-01 12:15:00,notification-service,34.72,46.88,68.88,431.92,522.14,115.31,0.12,28.67,0,normal
2026-01-01 12:15:00,database,58.7,63.15,53.64,1478.64,1291.79,97.99,0.13,74.72,0,normal
2026-01-01 12:20:00,api-gateway,53.79,51.3,48.62,1262.14,1171.31,139.18,0.3,34.39,0,normal
2026-01-01 12:20:00,user-service,52.26,42.83,47.38,781.95,664.78,123.3,0.29,33.2,0,normal
2026-01-01 12:20:00,payment-service,55.58,69.29,52.95,973.65,900.03,173.13,0.17,54.39,0,normal
2026-01-01 12:20:00,notification-service,43.65,38.48,26.62,531.54,515.24,115.08,0.19,31.46,0,normal
2026-01-01 12:20:00,database,66.77,65.66,41.85,1317.75,1355.16,98.69,0.23,66.25,0,normal
2026-01-01 12:25:00,api-gateway,58.34,56.8,40.54,953.98,1177.93,139.68,0.29,32.25,0,normal
2026-01-01 12:25:00,user-service,46.45,49.29,51.84,672.96,654.01,124.96,0.24,34.77,0,normal
2026-01-01 12:25:00,payment-service,49.13,56.39,68.66,876.21,895.3,182.2,0.13,49.47,0,normal
2026-01-01 12:25:00,notification-service,33.82,53.78,52.43,469.48,534.42,106.78,0.17,25.6,0,normal
2026-01-01 12:25:00,database,57.37,69.72,47.39,1179.29,1276.49,96.52,0.16,65.38,0,normal
2026-01-01 12:30:00,api-gateway,55.91,54.0,43.43,1117.87,1225.95,129.3,0.17,31.92,0,normal
2026-01-01 12:30:00,user-service,42.34,47.31,67.68,570.82,632.56,111.7,0.22,41.33,0,normal
2026-01-01 12:30:00,payment-service,57.29,52.79,35.21,784.51,881.39,189.11,0.12,54.61,0,normal
2026-01-01 12:30:00,notification-service,35.43,39.93,35.53,527.66,553.45,124.8,0.13,28.15,0,normal
2026-01-01 12:30:00,database,65.03,60.29,49.3,1411.11,1322.55,117.27,0.25,73.34,0,normal
2026-01-01 12:35:00,api-gateway,43.04,52.98,49.02,1132.0,1056.5,141.64,0.07,28.44,0,normal
2026-01-01 12:35:00,user-service,40.65,53.77,57.98,758.36,662.64,130.57,0.16,37.55,0,normal
2026-01-01 12:35:00,payment-service,54.41,61.46,39.37,995.2,844.43,179.19,0.21,58.04,0,normal
2026-01-01 12:35:00,notification-service,32.56,47.02,40.33,540.62,484.95,115.91,0.22,30.67,0,normal
2026-01-01 12:35:00,database,60.37,63.39,63.22,1317.0,1260.2,134.12,0.16,73.44,0,normal
2026-01-01 12:40:00,api-gateway,59.93,51.04,54.93,1367.75,1226.01,154.96,0.12,33.63,0,normal
2026-01-01 12:40:00,user-service,36.61,44.85,43.52,802.11,670.84,114.47,0.21,37.14,0,normal
2026-01-01 12:40:00,payment-service,59.24,61.59,45.54,931.14,884.92,183.86,0.23,52.27,0,normal
2026-01-01 12:40:00,notification-service,30.64,44.35,57.95,597.84,561.08,150.46,0.23,31.71,0,normal
2026-01-01 12:40:00,database,58.63,67.93,54.47,1057.92,1316.9,106.35,0.09,75.23,0,normal
2026-01-01 12:45:00,api-gateway,52.17,51.4,62.12,1093.03,1141.26,149.89,0.25,33.38,0,normal
2026-01-01 12:45:00,user-service,42.57,54.77,54.35,762.74,699.78,122.3,0.2,36.6,0,normal
2026-01-01 12:45:00,payment-service,59.75,56.33,56.4,957.24,896.21,178.68,0.19,49.09,0,normal
2026-01-01 12:45:00,notification-service,31.32,41.66,47.86,475.42,529.36,110.16,0.17,25.41,0,normal
2026-01-01 12:45:00,database,53.37,63.35,52.26,1444.17,1341.86,117.83,0.14,72.85,0,normal
2026-01-01 12:50:00,api-gateway,51.78,54.56,74.92,1179.57,1268.04,157.82,0.22,34.84,0,normal
2026-01-01 12:50:00,user-service,40.56,49.13,45.85,600.08,643.12,120.2,0.2,38.32,0,normal
2026-01-01 12:50:00,payment-service,54.3,61.51,58.63,706.89,852.81,165.46,0.2,47.9,0,normal
2026-01-01 12:50:00,notification-service,38.35,47.19,70.53,513.77,486.1,122.58,0.19,30.06,0,normal
2026-01-01 12:50:00,database,59.33,65.01,63.77,1499.19,1305.48,121.44,0.16,69.02,0,normal
2026-01-01 12:55:00,api-gateway,55.74,52.92,77.86,1253.78,1215.9,156.98,0.29,33.99,0,normal
2026-01-01 12:55:00,user-service,43.89,48.9,41.64,600.76,651.23,149.93,0.19,38.56,0,normal
2026-01-01 12:55:00,payment-service,54.63,61.6,67.37,1020.3,948.4,183.72,0.16,53.97,0,normal
2026-01-01 12:55:00,notification-service,32.42,40.99,62.21,402.16,494.43,128.09,0.22,32.01,0,normal
2026-01-01 12:55:00,database,55.81,63.03,57.72,1560.47,1306.7,98.48,0.19,72.78,0,normal
2026-01-01 13:00:00,api-gateway,51.37,54.51,38.57,963.21,1203.54,138.03,0.24,33.59,0,normal
2026-01-01 13:00:00,user-service,43.82,50.68,42.69,564.52,652.19,132.33,0.21,34.74,0,normal
2026-01-01 13:00:00,payment-service,60.25,67.01,60.41,758.56,878.66,166.5,0.16,54.15,0,normal
2026-01-01 13:00:00,notification-service,32.95,46.16,58.83,570.23,494.69,99.39,0.16,26.01,0,normal
2026-01-01 13:00:00,database,61.59,62.71,61.72,1181.7,1294.28,107.99,0.16,77.53,0,normal
2026-01-01 13:05:00,api-gateway,47.71,54.24,58.35,1150.52,1237.41,147.82,0.15,39.2,0,normal
2026-01-01 13:05:00,user-service,38.72,50.13,49.83,634.43,677.25,136.65,0.2,37.09,0,normal
2026-01-01 13:05:00,payment-service,61.31,66.63,58.65,747.4,933.92,173.05,0.26,49.04,0,normal
2026-01-01 13:05:00,notification-service,32.52,47.17,50.92,454.79,504.54,119.71,0.15,27.14,0,normal
2026-01-01 13:05:00,database,53.24,67.67,67.11,1396.11,1221.77,91.29,0.18,66.9,0,normal
2026-01-01 13:10:00,api-gateway,52.75,52.35,53.37,1003.79,1162.71,147.16,0.13,31.77,0,normal
2026-01-01 13:10:00,user-service,49.95,47.18,60.53,627.85,643.42,116.43,0.21,42.45,0,normal
2026-01-01 13:10:00,payment-service,53.0,61.25,60.83,1013.27,907.86,187.61,0.26,52.9,0,normal
2026-01-01 13:10:00,notification-service,35.84,39.32,46.23,438.0,498.47,96.96,0.17,22.71,0,normal
2026-01-01 13:10:00,database,56.61,71.88,46.01,1045.42,1272.39,124.12,0.28,69.24,0,normal
2026-01-01 13:15:00,api-gateway,59.64,49.42,40.73,1128.85,1175.81,141.09,0.12,34.75,0,normal
2026-01-01 13:15:00,user-service,36.21,49.2,49.13,587.28,650.31,139.71,0.2,41.6,0,normal
2026-01-01 13:15:00,payment-service,56.77,62.89,62.84,972.76,975.8,170.63,0.18,51.31,0,normal
2026-01-01 13:15:00,notification-service,39.88,43.11,47.83,546.05,515.56,116.3,0.22,25.62,0,normal
2026-01-01 13:15:00,database,57.59,66.69,54.95,1087.05,1253.04,111.65,0.22,71.19,0,normal
2026-01-01 13:20:00,api-gateway,53.57,49.92,76.38,1126.99,1194.18,156.6,0.18,31.56,0,normal
2026-01-01 13:20:00,user-service,32.08,48.79,39.03,563.09,657.55,133.89,0.18,38.95,0,normal
2026-01-01 13:20:00,payment-service,59.09,59.53,50.73,1024.58,959.57,180.5,0.21,51.91,0,normal
2026-01-01 13:20:00,notification-service,34.89,45.79,42.33,438.18,539.38,109.22,0.32,27.33,0,normal
2026-01-01 13:20:00,database,60.27,61.37,59.2,1184.23,1345.51,107.48,0.21,73.8,0,normal
2026-01-01 13:25:00,api-gateway,53.66,51.94,56.65,1193.12,1215.85,143.83,0.23,29.14,0,normal
2026-01-01 13:25:00,user-service,42.74,46.43,46.53,585.65,662.64,133.29,0.14,35.47,0,normal
2026-01-01 13:25:00,payment-service,59.52,59.71,52.86,1039.85,889.5,178.48,0.17,51.05,0,normal
2026-01-01 13:25:00,notification-service,39.91,42.57,48.15,507.36,481.05,122.62,0.2,26.82,0,normal
2026-01-01 13:25:00,database,63.76,61.74,72.04,1575.09,1360.61,105.69,0.16,78.24,0,normal
2026-01-01 13:30:00,api-gateway,50.97,53.84,44.83,1237.48,1225.5,160.29,0.13,32.14,0,normal
2026-01-01 13:30:00,user-service,38.85,53.37,47.64,558.73,665.48,113.79,0.21,40.46,0,normal
2026-01-01 13:30:00,payment-service,54.22,60.42,48.56,1106.17,934.18,176.24,0.19,50.57,0,normal
2026-01-01 13:30:00,notification-service,39.89,46.87,34.16,527.41,516.7,99.29,0.19,24.81,0,normal
2026-01-01 13:30:00,database,63.94,58.77,30.18,1347.03,1232.31,102.29,0.12,78.76,0,normal
2026-01-01 13:35:00,api-gateway,54.63,56.52,61.83,1096.39,1102.54,150.74,0.11,27.97,0,normal
2026-01-01 13:35:00,user-service,39.29,49.22,48.28,651.1,629.48,123.3,0.26,40.95,0,normal
2026-01-01 13:35:00,payment-service,56.12,61.29,53.37,1133.68,948.45,174.53,0.26,49.54,0,normal
2026-01-01 13:35:00,notification-service,35.49,46.32,58.43,509.62,509.7,128.16,0.13,27.67,0,normal
2026-01-01 13:35:00,database,57.12,70.18,44.75,1353.71,1337.75,116.48,0.17,70.6,0,normal
2026-01-01 13:40:00,api-gateway,45.26,55.99,55.21,1437.45,1209.6,138.74,0.23,32.34,0,normal
2026-01-01 13:40:00,user-service,46.93,46.9,55.33,625.44,683.42,125.81,0.2,36.75,0,normal
2026-01-01 13:40:00,payment-service,53.28,56.15,38.63,935.39,922.76,191.12,0.19,54.66,0,normal
2026-01-01 13:40:00,notification-service,38.29,42.42,39.83,499.72,503.56,101.01,0.19,22.58,0,normal
2026-01-01 13:40:00,database,55.64,65.41,55.05,1219.25,1225.92,101.26,0.19,68.22,0,normal
2026-01-01 13:45:00,api-gateway,54.83,50.81,44.05,1402.0,1193.75,136.78,0.18,30.92,0,normal
2026-01-01 13:45:00,user-service,42.34,49.18,34.93,635.78,593.68,133.45,0.17,33.58,0,normal
2026-01-01 13:45:00,payment-service,58.47,54.95,38.68,789.15,874.85,181.57,0.28,52.08,0,normal
2026-01-01 13:45:00,notification-service,34.07,46.59,51.29,515.65,503.01,108.52,0.18,27.69,0,normal
2026-01-01 13:45:00,database,56.46,61.9,57.53,1205.2,1180.96,109.75,0.19,72.97,0,normal
2026-01-01 13:50:00,api-gateway,49.67,57.11,54.02,947.91,1130.13,170.1,0.13,31.87,0,normal
2026-01-01 13:50:00,user-service,48.28,51.29,42.19,731.48,683.02,132.72,0.22,42.33,0,normal
2026-01-01 13:50:00,payment-service,54.57,63.68,60.65,817.57,907.67,163.83,0.13,54.28,0,normal
2026-01-01 13:50:00,notification-service,36.2,45.63,34.2,555.21,514.84,121.42,0.27,25.78,0,normal
2026-01-01 13:50:00,database,59.78,65.44,22.97,1210.48,1261.92,98.2,0.21,77.7,0,normal
2026-01-01 13:55:00,api-gateway,54.58,49.78,50.11,1276.87,1185.27,144.37,0.23,36.67,0,normal
2026-01-01 13:55:00,user-service,42.84,54.62,40.49,542.3,664.47,139.13,0.24,36.23,0,normal
2026-01-01 13:55:00,payment-service,53.88,58.52,61.95,848.65,934.36,167.66,0.04,47.95,0,normal
2026-01-01 13:55:00,notification-service,34.52,40.26,49.84,444.64,521.65,107.9,0.23,29.21,0,normal
2026-01-01 13:55:00,database,57.08,66.96,51.22,1576.78,1357.84,100.0,0.19,73.29,0,normal
2026-01-01 14:00:00,api-gateway,55.45,57.06,48.07,1370.65,1165.13,159.91,0.27,32.04,0,normal
2026-01-01 14:00:00,user-service,29.04,46.73,52.2,677.93,686.79,133.3,0.14,40.28,0,normal
2026-01-01 14:00:00,payment-service,54.12,60.48,52.54,808.37,985.01,189.7,0.15,52.25,0,normal
2026-01-01 14:00:00,notification-service,37.5,43.77,21.47,535.19,484.14,110.56,0.25,25.59,0,normal
2026-01-01 14:00:00,database,59.96,62.36,64.7,1415.85,1371.56,110.12,0.14,73.07,0,normal
2026-01-01 14:05:00,api-gateway,46.44,53.84,23.24,991.56,1142.0,149.39,0.23,28.33,0,normal
2026-01-01 14:05:00,user-service,42.69,49.82,42.13,796.41,672.82,109.9,0.21,36.03,0,normal
2026-01-01 14:05:00,payment-service,59.67,62.06,48.43,1084.71,917.12,183.44,0.26,58.04,0,normal
2026-01-01 14:05:00,notification-service,35.99,48.27,26.22,524.32,535.35,140.42,0.19,24.07,0,normal
2026-01-01 14:05:00,database,56.64,64.57,38.65,1180.58,1309.63,121.34,0.21,74.33,0,normal
2026-01-01 14:10:00,api-gateway,47.95,52.72,46.03,1217.15,1152.3,141.67,0.13,33.95,0,normal
2026-01-01 14:10:00,user-service,34.68,48.23,46.75,698.05,648.96,131.93,0.14,34.57,0,normal
2026-01-01 14:10:00,payment-service,56.8,60.77,44.55,1117.58,948.72,173.66,0.22,51.3,0,normal
2026-01-01 14:10:00,notification-service,37.51,42.16,49.15,645.68,556.34,122.48,0.21,28.55,0,normal
2026-01-01 14:10:00,database,58.48,67.59,37.46,1541.97,1341.66,79.76,0.15,71.26,0,normal
2026-01-01 14:15:00,api-gateway,49.0,55.74,49.15,1360.89,1160.33,158.94,0.21,36.75,0,normal
2026-01-01 14:15:00,user-service,44.11,50.09,46.85,664.96,673.4,117.96,0.17,36.51,0,normal
2026-01-01 14:15:00,payment-service,51.0,60.63,40.34,1093.05,919.38,168.97,0.14,47.8,0,normal
2026-01-01 14:15:00,notification-service,33.19,44.29,59.97,491.2,529.46,121.14,0.15,29.8,0,normal
2026-01-01 14:15:00,database,60.68,67.4,47.45,1316.44,1356.37,105.49,0.14,77.12,0,normal
2026-01-01 14:20:00,api-gateway,51.13,59.39,64.34,1170.43,1151.4,142.68,0.27,36.01,0,normal
2026-01-01 14:20:00,user-service,37.68,48.79,59.83,702.9,657.12,125.53,0.21,41.15,0,normal
2026-01-01 14:20:00,payment-service,60.35,61.0,41.92,1084.1,929.89,151.64,0.26,51.79,0,normal
2026-01-01 14:20:00,notification-service,37.02,42.89,51.95,534.85,515.53,98.6,0.18,23.15,0,normal
2026-01-01 14:20:00,database,63.04,67.44,32.89,1273.88,1330.75,109.93,0.15,82.11,0,normal
2026-01-01 14:25:00,api-gateway,44.95,52.61,45.05,1001.51,1152.31,152.2,0.21,31.54,0,normal
2026-01-01 14:25:00,user-service,40.28,52.68,30.58,732.58,637.35,117.83,0.22,36.95,0,normal
2026-01-01 14:25:00,payment-service,56.32,64.8,49.88,961.17,826.53,182.7,0.2,53.15,0,normal
2026-01-01 14:25:00,notification-service,42.67,38.63,66.51,601.94,525.94,120.43,0.21,34.56,0,normal
2026-01-01 14:25:00,database,60.33,61.43,36.99,1460.08,1268.54,122.15,0.24,70.22,0,normal
2026-01-01 14:30:00,api-gateway,50.34,58.61,56.84,1102.53,1207.08,146.91,0.19,33.59,0,normal
2026-01-01 14:30:00,user-service,45.47,53.6,55.53,628.48,639.47,109.37,0.23,35.7,0,normal
2026-01-01 14:30:00,payment-service,62.29,59.15,26.5,940.78,963.87,189.85,0.15,50.92,0,normal
2026-01-01 14:30:00,notification-service,37.04,43.55,45.44,572.02,553.46,111.47,0.13,27.08,0,normal
2026-01-01 14:30:00,database,52.57,60.73,49.98,1285.39,1258.13,106.95,0.13,66.69,0,normal
2026-01-01 14:35:00,api-gateway,58.06,56.51,38.74,1014.57,1145.54,139.92,0.2,30.57,0,normal
2026-01-01 14:35:00,user-service,39.26,51.33,53.86,603.56,645.68,118.32,0.21,34.46,0,normal
2026-01-01 14:35:00,payment-service,49.11,62.4,36.99,923.83,868.82,174.01,0.18,52.05,0,normal
2026-01-01 14:35:00,notification-service,37.75,45.28,38.8,514.82,568.82,123.2,0.15,36.81,0,normal
2026-01-01 14:35:00,database,67.77,65.09,56.21,1155.97,1262.26,97.61,0.24,72.64,0,normal
2026-01-01 14:40:00,api-gateway,58.39,60.8,60.95,1005.99,1132.84,147.74,0.25,32.55,0,normal
2026-01-01 14:40:00,user-service,44.96,49.09,38.05,575.46,629.85,118.52,0.17,42.27,0,normal
2026-01-01 14:40:00,payment-service,53.07,59.1,42.71,776.82,929.29,160.28,0.2,53.84,0,normal
2026-01-01 14:40:00,notification-service,42.77,49.64,43.27,517.2,516.22,99.8,0.2,22.18,0,normal
2026-01-01 14:40:00,database,62.8,62.88,49.59,999.93,1237.78,99.37,0.14,70.22,0,normal
2026-01-01 14:45:00,api-gateway,52.1,61.13,40.2,958.03,1103.65,150.25,0.19,34.05,0,normal
2026-01-01 14:45:00,user-service,37.44,43.67,60.69,645.21,628.51,138.53,0.26,35.51,0,normal
2026-01-01 14:45:00,payment-service,54.02,49.96,53.04,711.99,864.99,170.62,0.24,53.05,0,normal
2026-01-01 14:45:00,notification-service,33.13,38.9,49.33,584.39,528.65,103.22,0.14,28.28,0,normal
2026-01-01 14:45:00,database,60.46,59.91,46.82,1197.39,1246.27,102.06,0.19,75.91,0,normal
2026-01-01 14:50:00,api-gateway,54.86,58.9,31.61,959.16,1150.7,155.17,0.25,27.4,0,normal
2026-01-01 14:50:00,user-service,45.04,46.01,37.48,648.43,672.45,116.71,0.16,33.63,0,normal
2026-01-01 14:50:00,payment-service,63.22,68.0,54.99,737.6,913.31,177.07,0.21,56.4,0,normal
2026-01-01 14:50:00,notification-service,36.92,45.37,49.7,552.12,513.16,108.12,0.18,33.66,0,normal
2026-01-01 14:50:00,database,60.79,70.74,53.21,1003.72,1246.7,116.57,0.2,76.51,0,normal
2026-01-01 14:55:00,api-gateway,48.13,60.13,47.65,1037.2,1215.1,166.39,0.23,36.06,0,normal
2026-01-01 14:55:00,user-service,38.31,46.24,49.78,722.93,643.08,120.17,0.3,33.65,0,normal
2026-01-01 14:55:00,payment-service,60.45,62.82,45.01,1028.47,907.97,165.23,0.19,56.34,0,normal
2026-01-01 14:55:00,notification-service,37.6,47.36,57.07,542.09,519.9,98.22,0.19,30.14,0,normal
2026-01-01 14:55:00,database,66.84,69.02,53.26,1186.56,1338.85,115.48,0.22,79.64,0,normal
2026-01-01 15:00:00,api-gateway,47.58,58.87,44.43,1222.27,1168.42,146.52,0.12,39.13,0,normal
2026-01-01 15:00:00,user-service,39.67,50.95,52.53,579.86,650.82,142.25,0.2,42.92,0,normal
2026-01-01 15:00:00,payment-service,52.07,64.82,27.14,1062.42,927.53,188.74,0.15,48.54,0,normal
2026-01-01 15:00:00,notification-service,35.2,46.31,55.56,569.73,504.35,118.75,0.12,28.98,0,normal
2026-01-01 15:00:00,database,60.63,61.19,60.5,1178.14,1300.61,94.48,0.22,75.91,0,normal
2026-01-01 15:05:00,api-gateway,39.86,58.29,67.29,1296.57,1184.61,146.62,0.25,32.39,0,normal
2026-01-01 15:05:00,user-service,41.47,50.71,66.06,588.91,632.22,115.9,0.19,36.49,0,normal
2026-01-01 15:05:00,payment-service,59.5,64.03,63.96,855.07,837.17,185.68,0.26,49.64,0,normal
2026-01-01 15:05:00,notification-service,35.37,46.03,46.91,487.84,531.17,128.99,0.17,25.94,0,normal
2026-01-01 15:05:00,database,55.94,65.17,40.18,1118.58,1194.77,121.59,0.3,72.55,0,normal
2026-01-01 15:10:00,api-gateway,44.14,63.13,47.8,1010.13,1200.38,146.04,0.13,30.71,0,normal
2026-01-01 15:10:00,user-service,35.97,52.64,30.68,616.27,646.81,125.43,0.21,41.2,0,normal
2026-01-01 15:10:00,payment-service,56.65,63.94,67.53,738.22,875.72,165.53,0.18,55.69,0,normal
2026-01-01 15:10:00,notification-service,37.9,47.09,33.48,416.31,512.7,110.99,0.19,26.68,0,normal
2026-01-01 15:10:00,database,53.26,65.07,49.26,1408.42,1367.11,113.59,0.27,74.25,0,normal
2026-01-01 15:15:00,api-gateway,48.14,52.92,25.21,1145.12,1161.7,149.93,0.21,34.49,0,normal
2026-01-01 15:15:00,user-service,34.28,50.93,63.66,724.84,650.86,130.79,0.07,39.79,0,normal
2026-01-01 15:15:00,payment-service,59.15,62.79,46.37,974.34,884.18,169.22,0.1,49.33,0,normal
2026-01-01 15:15:00,notification-service,34.39,45.82,42.58,500.47,502.91,114.57,0.13,29.22,0,normal
2026-01-01 15:15:00,database,61.5,70.69,31.09,1445.36,1294.2,101.99,0.26,75.0,0,normal
2026-01-01 15:20:00,api-gateway,47.14,53.76,57.3,1440.35,1223.42,139.94,0.18,34.54,0,normal
2026-01-01 15:20:00,user-service,51.03,55.22,44.25,748.56,626.72,105.26,0.32,36.2,0,normal
2026-01-01 15:20:00,payment-service,59.96,62.24,67.75,983.26,907.13,178.9,0.19,54.31,0,normal
2026-01-01 15:20:00,notification-service,36.57,50.02,56.42,455.68,490.42,123.29,0.3,25.06,0,normal
2026-01-01 15:20:00,database,59.49,61.13,44.09,1336.18,1418.37,104.3,0.23,74.23,0,normal
2026-01-01 15:25:00,api-gateway,44.5,50.02,49.91,1238.04,1239.98,167.82,0.14,39.96,0,normal
2026-01-01 15:25:00,user-service,40.8,50.48,52.45,718.39,648.57,132.57,0.28,34.85,0,normal
2026-01-01 15:25:00,payment-service,57.62,59.65,42.25,855.22,935.44,179.91,0.17,54.23,0,normal
2026-01-01 15:25:00,notification-service,34.23,42.44,48.82,518.67,533.76,110.26,0.17,30.44,0,normal
2026-01-01 15:25:00,database,57.26,64.33,59.36,1040.63,1300.75,117.92,0.25,76.12,0,normal
2026-01-01 15:30:00,api-gateway,58.28,54.75,69.84,1342.75,1202.36,153.21,0.32,31.61,0,normal
2026-01-01 15:30:00,user-service,44.33,50.51,29.94,757.15,650.3,122.76,0.22,37.81,0,normal
2026-01-01 15:30:00,payment-service,52.66,54.85,64.36,907.59,916.4,178.54,0.19,55.81,0,normal
2026-01-01 15:30:00,notification-service,42.75,44.01,40.53,544.36,505.92,114.49,0.2,27.58,0,normal
2026-01-01 15:30:00,database,56.77,68.23,20.46,1198.65,1362.49,117.72,0.2,76.22,0,normal
2026-01-01 15:35:00,api-gateway,50.38,54.8,42.56,1062.26,1141.12,132.1,0.25,34.79,0,normal
2026-01-01 15:35:00,user-service,38.94,48.63,60.22,712.21,633.47,128.73,0.05,39.04,0,normal
2026-01-01 15:35:00,payment-service,55.83,59.72,38.83,968.68,960.27,170.18,0.15,52.37,0,normal
2026-01-01 15:35:00,notification-service,42.16,42.22,56.35,541.73,497.64,127.32,0.11,28.51,0,normal
2026-01-01 15:35:00,database,63.81,69.41,34.73,1319.4,1294.12,102.24,0.2,76.59,0,normal
2026-01-01 15:40:00,api-gateway,56.58,55.73,50.18,1403.28,1276.62,151.38,0.11,34.07,0,normal
2026-01-01 15:40:00,user-service,39.35,48.2,41.82,639.41,680.27,119.77,0.14,40.15,0,normal
2026-01-01 15:40:00,payment-service,61.68,57.25,63.11,776.46,878.48,176.36,0.26,51.04,0,normal
2026-01-01 15:40:00,notification-service,37.08,47.68,38.9,603.83,537.28,104.08,0.17,27.57,0,normal
2026-01-01 15:40:00,database,64.06,70.18,52.09,1249.48,1351.9,102.34,0.17,69.66,0,normal
2026-01-01 15:45:00,api-gateway,58.93,53.67,59.01,1339.73,1172.62,158.11,0.22,33.47,0,normal
2026-01-01 15:45:00,user-service,37.82,49.25,54.39,647.34,642.18,128.83,0.22,36.9,0,normal
2026-01-01 15:45:00,payment-service,54.82,63.62,55.4,1053.96,939.16,170.64,0.36,50.77,0,normal
2026-01-01 15:45:00,notification-service,41.46,43.11,42.28,607.05,527.63,122.12,0.19,27.86,0,normal
2026-01-01 15:45:00,database,63.69,59.85,32.94,1410.47,1383.28,113.97,0.19,67.11,0,normal
2026-01-01 15:50:00,api-gateway,47.35,54.94,38.66,1234.06,1205.19,144.3,0.2,32.11,0,normal
2026-01-01 15:50:00,user-service,37.54,48.45,51.62,678.0,675.73,112.79,0.13,37.03,0,normal
2026-01-01 15:50:00,payment-service,52.3,58.65,34.86,936.38,926.14,179.4,0.2,50.91,0,normal
2026-01-01 15:50:00,notification-service,39.23,45.1,48.76,591.67,532.62,138.72,0.23,32.23,0,normal
2026-01-01 15:50:00,database,59.06,68.71,39.37,1230.36,1338.81,104.23,0.22,72.01,0,normal
2026-01-01 15:55:00,api-gateway,55.19,52.16,46.2,1157.56,1215.97,138.81,0.19,35.12,0,normal
2026-01-01 15:55:00,user-service,40.87,46.46,46.77,726.13,634.86,113.88,0.16,44.03,0,normal
2026-01-01 15:55:00,payment-service,53.24,55.79,38.89,724.78,897.15,179.31,0.26,55.33,0,normal
2026-01-01 15:55:00,notification-service,42.92,38.26,47.75,604.76,518.09,117.86,0.18,33.71,0,normal
2026-01-01 15:55:00,database,59.56,66.87,27.22,1074.64,1314.78,114.56,0.2,68.61,0,normal
2026-01-01 16:00:00,api-gateway,49.0,53.45,67.26,1147.85,1122.34,166.19,0.19,24.15,0,normal
2026-01-01 16:00:00,user-service,40.26,51.95,57.88,564.31,653.05,117.42,0.12,37.83,0,normal
2026-01-01 16:00:00,payment-service,65.62,60.65,67.83,982.5,971.07,173.1,0.22,50.34,0,normal
2026-01-01 16:00:00,notification-service,29.51,42.14,52.2,506.95,515.05,121.86,0.17,28.34,0,normal
2026-01-01 16:00:00,database,59.39,60.54,50.88,1181.53,1350.8,86.52,0.23,77.29,0,normal
2026-01-01 16:05:00,api-gateway,45.86,51.09,44.83,1359.27,1150.19,125.07,0.2,31.63,0,normal
2026-01-01 16:05:00,user-service,46.4,53.17,57.4,759.04,669.87,131.5,0.15,38.43,0,normal
2026-01-01 16:05:00,payment-service,56.83,58.6,34.74,1120.31,968.79,155.05,0.26,55.75,0,normal
2026-01-01 16:05:00,notification-service,35.94,42.4,59.72,448.13,546.28,115.18,0.14,24.06,0,normal
2026-01-01 16:05:00,database,58.1,62.31,54.89,1293.42,1343.64,95.45,0.17,73.9,0,normal
2026-01-01 16:10:00,api-gateway,48.67,51.74,42.65,1221.85,1222.94,147.47,0.27,31.67,0,normal
2026-01-01 16:10:00,user-service,36.15,47.79,55.06,502.82,615.02,122.03,0.17,37.14,0,normal
2026-01-01 16:10:00,payment-service,58.67,59.92,39.61,1105.18,951.62,190.83,0.16,55.58,0,normal
2026-01-01 16:10:00,notification-service,37.69,47.42,36.63,444.43,536.36,117.98,0.19,29.09,0,normal
2026-01-01 16:10:00,database,58.36,60.28,48.71,1184.74,1372.35,96.92,0.21,76.71,0,normal
2026-01-01 16:15:00,api-gateway,48.44,55.95,46.59,927.6,1147.09,133.06,0.2,35.62,0,normal
2026-01-01 16:15:00,user-service,26.25,47.58,51.63,679.45,655.89,122.32,0.15,42.63,0,normal
2026-01-01 16:15:00,payment-service,53.43,57.28,34.61,986.46,962.33,172.55,0.21,51.75,0,normal
2026-01-01 16:15:00,notification-service,37.97,40.18,59.65,532.35,542.03,121.05,0.16,31.77,0,normal
2026-01-01 16:15:00,database,57.51,69.63,51.08,1104.89,1335.22,103.35,0.23,69.99,0,normal
2026-01-01 16:20:00,api-gateway,51.36,53.67,31.27,984.53,1076.92,144.01,0.17,34.8,0,normal
2026-01-01 16:20:00,user-service,37.5,45.47,61.49,715.7,701.11,107.52,0.19,35.48,0,normal
2026-01-01 16:20:00,payment-service,52.64,64.12,58.93,878.94,936.59,178.18,0.23,51.36,0,normal
2026-01-01 16:20:00,notification-service,27.8,42.95,56.26,474.53,532.84,103.33,0.18,29.02,0,normal
2026-01-01 16:20:00,database,46.6,62.9,47.85,1399.68,1289.27,97.03,0.16,74.49,0,normal
2026-01-01 16:25:00,api-gateway,48.44,56.25,66.53,1379.67,1239.4,141.93,0.19,32.19,0,normal
2026-01-01 16:25:00,user-service,46.82,53.09,58.92,743.31,665.46,112.53,0.24,39.64,0,normal
2026-01-01 16:25:00,payment-service,55.22,61.64,57.04,790.72,871.03,174.68,0.16,49.51,0,normal
2026-01-01 16:25:00,notification-service,30.67,44.26,42.86,458.32,526.65,119.67,0.23,32.06,0,normal
2026-01-01 16:25:00,database,66.45,63.91,63.24,1300.64,1358.92,129.19,0.12,67.4,0,normal
2026-01-01 16:30:00,api-gateway,51.67,59.63,51.18,956.52,1186.77,148.81,0.2,31.97,0,normal
2026-01-01 16:30:00,user-service,41.41,44.81,67.99,712.9,608.21,131.87,0.15,37.55,0,normal
2026-01-01 16:30:00,payment-service,58.4,61.16,57.3,1060.65,887.91,167.27,0.21,56.94,0,normal
2026-01-01 16:30:00,notification-service,31.99,45.26,66.33,539.16,547.84,112.07,0.24,30.81,0,normal
2026-01-01 16:30:00,database,55.81,68.94,64.68,1217.69,1229.64,111.73,0.23,69.22,0,normal
2026-01-01 16:35:00,api-gateway,57.16,55.62,40.88,1314.02,1168.64,136.2,0.24,38.2,0,normal
2026-01-01 16:35:00,user-service,36.92,49.32,51.08,715.47,676.0,117.64,0.25,37.36,0,normal
2026-01-01 16:35:00,payment-service,60.29,60.66,56.88,863.05,1001.24,170.37,0.1,54.19,0,normal
2026-01-01 16:35:00,notification-service,40.77,40.98,41.66,542.15,521.48,112.88,0.11,28.47,0,normal
2026-01-01 16:35:00,database,66.68,62.53,59.64,1486.87,1266.01,84.29,0.1,77.14,0,normal
2026-01-01 16:40:00,api-gateway,49.41,55.35,45.51,1323.8,1176.98,147.67,0.16,31.34,0,normal
2026-01-01 16:40:00,user-service,44.91,52.79,55.08,535.6,655.86,129.16,0.25,36.5,0,normal
2026-01-01 16:40:00,payment-service,55.12,60.57,56.42,761.56,907.94,164.44,0.24,52.39,0,normal
2026-01-01 16:40:00,notification-service,32.0,51.58,59.86,538.08,514.59,98.92,0.21,26.37,0,normal
2026-01-01 16:40:00,database,61.28,63.05,53.6,1475.67,1255.42,101.84,0.18,78.56,0,normal
2026-01-01 16:45:00,api-gateway,45.94,57.9,32.42,1165.77,1194.36,138.43,0.2,29.72,0,normal
2026-01-01 16:45:00,user-service,41.59,45.75,58.6,748.18,701.35,121.63,0.15,37.65,0,normal
2026-01-01 16:45:00,payment-service,57.91,55.67,79.86,962.93,938.36,170.77,0.18,61.55,0,normal
2026-01-01 16:45:00,notification-service,37.31,43.25,62.86,599.74,508.15,119.4,0.19,23.74,0,normal
2026-01-01 16:45:00,database,55.34,68.9,56.3,1189.95,1297.15,89.82,0.11,75.63,0,normal
2026-01-01 16:50:00,api-gateway,48.8,58.99,35.12,942.63,1082.91,142.86,0.18,28.01,0,normal
2026-01-01 16:50:00,user-service,38.9,57.22,53.0,678.84,621.87,137.43,0.22,39.5,0,normal
2026-01-01 16:50:00,payment-service,58.17,58.99,43.11,1051.4,902.58,175.81,0.18,52.07,0,normal
2026-01-01 16:50:00,notification-service,37.2,47.3,47.0,485.21,529.35,119.46,0.24,30.46,0,normal
2026-01-01 16:50:00,database,61.57,65.94,48.25,1457.33,1254.69,90.25,0.27,74.37,0,normal
2026-01-01 16:55:00,api-gateway,53.76,47.51,65.32,1140.94,1231.21,120.37,0.21,30.14,0,normal
2026-01-01 16:55:00,user-service,42.78,51.23,59.76,721.05,613.9,115.14,0.24,40.64,0,normal
2026-01-01 16:55:00,payment-service,58.04,63.46,49.13,1084.54,910.31,167.4,0.17,51.04,0,normal
2026-01-01 16:55:00,notification-service,44.4,44.88,43.7,603.34,547.04,138.94,0.18,28.95,0,normal
2026-01-01 16:55:00,database,58.15,62.91,53.12,1317.09,1381.85,103.62,0.21,70.63,0,normal
2026-01-01 17:00:00,api-gateway,53.58,53.04,40.12,1123.26,1241.88,142.49,0.22,34.04,0,normal
2026-01-01 17:00:00,user-service,32.95,50.4,49.82,580.34,668.08,121.49,0.15,36.16,0,normal
2026-01-01 17:00:00,payment-service,52.64,60.66,62.09,955.34,918.34,172.72,0.23,54.09,0,normal
2026-01-01 17:00:00,notification-service,38.44,41.04,69.28,530.62,519.51,110.39,0.24,27.84,0,normal
2026-01-01 17:00:00,database,58.99,64.48,51.02,1484.25,1298.35,113.11,0.23,76.82,0,normal
2026-01-01 17:05:00,api-gateway,54.57,54.25,45.59,1104.66,1237.41,139.48,0.13,30.91,0,normal
2026-01-01 17:05:00,user-service,44.91,42.84,18.61,708.34,703.02,122.47,0.15,33.62,0,normal
2026-01-01 17:05:00,payment-service,56.17,56.57,38.97,987.61,905.21,168.85,0.3,51.22,0,normal
2026-01-01 17:05:00,notification-service,43.94,40.34,47.98,540.25,513.47,101.64,0.31,27.59,0,normal
2026-01-01 17:05:00,database,59.96,66.11,56.32,1153.59,1290.84,107.59,0.16,73.96,0,normal
2026-01-01 17:10:00,api-gateway,51.34,51.76,44.62,902.1,1111.81,132.93,0.18,31.08,0,normal
2026-01-01 17:10:00,user-service,41.9,50.18,51.5,736.84,661.66,118.68,0.24,37.2,0,normal
2026-01-01 17:10:00,payment-service,59.98,57.36,50.34,928.31,857.39,175.4,0.25,55.74,0,normal
2026-01-01 17:10:00,notification-service,33.61,46.7,45.94,507.37,512.75,116.55,0.24,22.66,0,normal
2026-01-01 17:10:00,database,66.34,62.91,35.41,1305.05,1317.95,117.74,0.24,71.59,0,normal
2026-01-01 17:15:00,api-gateway,46.43,52.33,48.25,1181.24,1180.58,152.84,0.2,32.68,0,normal
2026-01-01 17:15:00,user-service,45.65,51.31,45.19,647.39,678.84,128.82,0.17,31.39,0,normal
2026-01-01 17:15:00,payment-service,57.43,59.85,60.63,820.88,844.38,197.36,0.18,50.95,0,normal
2026-01-01 17:15:00,notification-service,30.92,42.33,47.68,449.29,484.86,112.65,0.22,24.08,0,normal
2026-01-01 17:15:00,database,60.27,71.07,51.75,1559.55,1300.53,101.76,0.19,72.61,0,normal
2026-01-01 17:20:00,api-gateway,47.21,54.45,52.81,1198.85,1209.56,149.69,0.23,32.62,0,normal
2026-01-01 17:20:00,user-service,43.91,47.06,35.18,621.43,695.81,130.13,0.18,34.88,0,normal
2026-01-01 17:20:00,payment-service,55.9,61.88,54.67,853.18,947.96,193.73,0.17,54.33,0,normal
2026-01-01 17:20:00,notification-service,28.75,41.99,52.81,495.8,509.11,104.37,0.23,28.34,0,normal
2026-01-01 17:20:00,database,60.91,59.7,42.47,1492.88,1339.54,136.72,0.24,78.63,0,normal
2026-01-01 17:25:00,api-gateway,47.77,54.25,45.63,1102.57,1164.89,154.65,0.26,33.87,0,normal
2026-01-01 17:25:00,user-service,47.11,52.27,49.98,601.24,690.0,125.07,0.21,29.08,0,normal
2026-01-01 17:25:00,payment-service,61.45,60.17,58.57,1047.41,914.9,182.96,0.15,55.03,0,normal
2026-01-01 17:25:00,notification-service,36.36,45.32,72.06,519.13,518.58,125.91,0.3,29.9,0,normal
2026-01-01 17:25:00,database,55.81,64.9,42.89,1351.23,1303.98,98.45,0.18,71.56,0,normal
2026-01-01 17:30:00,api-gateway,52.37,56.87,44.93,1084.84,1121.5,151.34,0.15,30.1,0,normal
2026-01-01 17:30:00,user-service,35.72,50.75,43.24,745.33,656.0,147.91,0.25,34.79,0,normal
2026-01-01 17:30:00,payment-service,54.08,58.7,50.06,925.63,942.24,198.78,0.24,52.72,0,normal
2026-01-01 17:30:00,notification-service,41.22,41.86,65.37,517.25,483.03,120.01,0.16,28.37,0,normal
2026-01-01 17:30:00,database,60.96,64.48,50.2,1313.29,1310.64,119.6,0.13,70.99,0,normal
2026-01-01 17:35:00,api-gateway,52.82,55.07,44.53,1163.08,1152.01,134.64,0.26,27.13,0,normal
2026-01-01 17:35:00,user-service,41.92,49.03,48.11,674.58,678.04,129.81,0.29,37.0,0,normal
2026-01-01 17:35:00,payment-service,50.86,57.76,55.87,842.35,906.98,186.27,0.21,55.2,0,normal
2026-01-01 17:35:00,notification-service,34.45,41.63,41.36,569.73,509.36,119.25,0.24,35.11,0,normal
2026-01-01 17:35:00,database,54.92,58.37,46.36,1387.2,1356.78,125.56,0.17,73.9,0,normal
2026-01-01 17:40:00,api-gateway,43.38,54.73,58.82,1157.1,1141.49,167.47,0.31,35.1,0,normal
2026-01-01 17:40:00,user-service,44.13,51.12,64.68,559.74,675.69,107.61,0.22,33.99,0,normal
2026-01-01 17:40:00,payment-service,59.19,55.73,40.97,790.56,939.1,195.95,0.19,51.49,0,normal
2026-01-01 17:40:00,notification-service,41.79,47.05,48.9,657.86,573.97,121.56,0.23,29.91,0,normal
2026-01-01 17:40:00,database,59.03,58.97,50.66,1059.77,1258.74,91.94,0.28,78.01,0,normal
2026-01-01 17:45:00,api-gateway,49.28,57.42,48.85,1289.79,1244.83,155.54,0.24,35.22,0,normal
2026-01-01 17:45:00,user-service,42.55,47.09,50.87,668.29,675.78,113.5,0.19,38.96,0,normal
2026-01-01 17:45:00,payment-service,61.6,67.6,50.97,778.31,909.44,170.72,0.2,52.33,0,normal
2026-01-01 17:45:00,notification-service,41.14,40.48,71.93,444.71,531.68,111.02,0.24,29.58,0,normal
2026-01-01 17:45:00,database,55.44,64.64,58.0,1190.23,1347.79,113.12,0.19,70.13,0,normal
2026-01-01 17:50:00,api-gateway,52.41,56.71,46.14,1156.05,1209.49,150.71,0.21,38.32,0,normal
2026-01-01 17:50:00,user-service,44.12,50.06,34.92,728.14,627.11,120.45,0.24,34.35,0,normal
2026-01-01 17:50:00,payment-service,57.23,60.28,66.3,811.2,913.56,188.53,0.13,53.42,0,normal
2026-01-01 17:50:00,notification-service,30.34,40.89,58.25,477.95,527.41,115.7,0.24,29.84,0,normal
2026-01-01 17:50:00,database,61.67,67.03,56.25,1309.71,1346.26,106.55,0.26,74.16,0,normal
2026-01-01 17:55:00,api-gateway,41.78,59.98,36.75,994.62,1162.38,134.27,0.31,40.54,0,normal
2026-01-01 17:55:00,user-service,42.18,49.81,52.87,556.28,635.54,126.35,0.17,36.06,0,normal
2026-01-01 17:55:00,payment-service,55.18,54.54,31.64,781.28,943.03,172.6,0.18,58.45,0,normal
2026-01-01 17:55:00,notification-service,38.96,44.14,49.76,553.4,507.26,116.87,0.21,28.15,0,normal
2026-01-01 17:55:00,database,56.42,63.59,62.48,1345.72,1325.53,94.22,0.29,72.63,0,normal
2026-01-01 18:00:00,api-gateway,52.33,49.73,38.99,1138.69,1134.6,149.75,0.17,29.95,0,normal
2026-01-01 18:00:00,user-service,42.35,52.03,48.22,704.13,668.3,110.52,0.14,34.35,0,normal
2026-01-01 18:00:00,payment-service,54.48,61.81,49.24,840.6,944.6,191.0,0.17,49.87,0,normal
2026-01-01 18:00:00,notification-service,34.13,43.73,64.3,568.29,550.75,110.48,0.07,30.93,0,normal
2026-01-01 18:00:00,database,60.87,70.74,54.17,1120.93,1283.91,92.43,0.24,78.79,0,normal
2026-01-01 18:05:00,api-gateway,47.89,58.63,42.67,1002.71,1125.69,144.01,0.28,32.65,0,normal
2026-01-01 18:05:00,user-service,45.84,44.66,68.95,645.79,663.39,137.18,0.18,45.78,0,normal
2026-01-01 18:05:00,payment-service,53.57,58.11,50.05,975.29,900.79,183.53,0.24,54.85,0,normal
2026-01-01 18:05:00,notification-service,36.93,42.22,47.66,444.55,511.35,128.45,0.26,25.88,0,normal
2026-01-01 18:05:00,database,57.01,59.79,42.69,1486.83,1310.1,118.44,0.19,70.99,0,normal
2026-01-01 18:10:00,api-gateway,45.23,56.44,56.39,1306.52,1130.31,158.95,0.24,36.36,0,normal
2026-01-01 18:10:00,user-service,37.18,51.92,42.66,694.17,692.44,125.33,0.22,30.48,0,normal
2026-01-01 18:10:00,payment-service,60.72,58.69,55.27,940.21,912.84,172.96,0.16,49.05,0,normal
2026-01-01 18:10:00,notification-service,37.22,47.37,49.15,476.79,520.15,127.66,0.25,27.76,0,normal
2026-01-01 18:10:00,database,61.83,57.94,54.46,1458.81,1346.4,107.11,0.23,77.16,0,normal
2026-01-01 18:15:00,api-gateway,52.0,54.13,46.91,1095.34,1092.5,149.76,0.16,32.53,0,normal
2026-01-01 18:15:00,user-service,42.72,50.52,47.34,581.67,593.61,117.56,0.23,32.01,0,normal
2026-01-01 18:15:00,payment-service,52.29,60.3,42.74,966.75,929.49,174.75,0.19,55.15,0,normal
2026-01-01 18:15:00,notification-service,36.54,44.71,39.31,461.76,558.72,115.96,0.25,27.66,0,normal
2026-01-01 18:15:00,database,59.37,64.07,54.14,1399.59,1317.27,107.86,0.27,67.26,0,normal
2026-01-01 18:20:00,api-gateway,58.01,47.47,52.19,1264.89,1106.04,136.89,0.23,30.91,0,normal
2026-01-01 18:20:00,user-service,50.85,49.67,59.14,523.22,645.83,135.34,0.12,34.95,0,normal
2026-01-01 18:20:00,payment-service,58.77,59.15,46.6,779.6,882.35,187.11,0.21,55.67,0,normal
2026-01-01 18:20:00,notification-service,34.57,49.4,60.87,500.4,539.22,117.45,0.14,27.9,0,normal
2026-01-01 18:20:00,database,56.46,66.53,61.43,1262.85,1363.73,101.11,0.16,78.49,0,normal
2026-01-01 18:25:00,api-gateway,43.85,63.67,47.53,1214.57,1178.32,154.12,0.19,32.2,0,normal
2026-01-01 18:25:00,user-service,43.25,51.69,46.44,731.78,622.78,123.53,0.14,39.8,0,normal
2026-01-01 18:25:00,payment-service,54.8,65.06,52.36,912.28,967.68,195.43,0.25,55.74,0,normal
2026-01-01 18:25:00,notification-service,33.25,46.15,49.33,574.5,500.36,123.0,0.28,30.87,0,normal
2026-01-01 18:25:00,database,63.49,64.39,74.74,1162.74,1359.68,96.63,0.26,76.19,0,normal
2026-01-01 18:30:00,api-gateway,54.32,57.61,70.37,1295.49,1094.07,147.58,0.27,28.79,0,normal
2026-01-01 18:30:00,user-service,43.2,48.92,56.76,772.13,653.68,128.38,0.19,39.74,0,normal
2026-01-01 18:30:00,payment-service,59.62,67.04,65.92,1017.4,908.79,161.96,0.14,52.67,0,normal
2026-01-01 18:30:00,notification-service,36.56,46.72,64.47,548.02,508.25,117.87,0.22,27.28,0,normal
2026-01-01 18:30:00,database,62.64,69.24,38.32,1060.29,1310.24,97.46,0.18,72.77,0,normal
2026-01-01 18:35:00,api-gateway,52.49,52.36,58.21,965.29,1155.22,156.56,0.25,27.78,0,normal
2026-01-01 18:35:00,user-service,42.28,49.58,54.13,622.32,656.94,122.5,0.25,47.61,0,normal
2026-01-01 18:35:00,payment-service,55.73,59.53,46.02,1016.97,901.84,151.5,0.17,55.35,0,normal
2026-01-01 18:35:00,notification-service,30.07,42.75,70.51,649.1,549.56,132.68,0.24,29.13,0,normal
2026-01-01 18:35:00,database,59.56,58.87,57.71,1512.97,1265.31,116.72,0.23,69.48,0,normal
2026-01-01 18:40:00,api-gateway,49.5,53.03,51.63,1098.34,1197.86,159.31,0.21,31.82,0,normal
2026-01-01 18:40:00,user-service,46.01,54.13,51.85,669.87,686.54,146.04,0.28,33.41,0,normal
2026-01-01 18:40:00,payment-service,58.63,64.3,61.57,979.72,882.42,161.44,0.26,51.58,0,normal
2026-01-01 18:40:00,notification-service,32.05,41.44,41.2,599.22,516.57,122.39,0.18,33.48,0,normal
2026-01-01 18:40:00,database,58.16,58.66,38.41,1511.14,1333.96,102.44,0.19,73.53,0,normal
2026-01-01 18:45:00,api-gateway,52.4,54.55,58.11,1012.01,1088.3,149.39,0.14,29.02,0,normal
2026-01-01 18:45:00,user-service,43.54,51.2,54.87,779.96,662.42,106.36,0.2,35.65,0,normal
2026-01-01 18:45:00,payment-service,57.44,60.47,51.3,761.02,936.86,198.12,0.2,56.87,0,normal
2026-01-01 18:45:00,notification-service,37.07,46.14,58.84,552.49,529.69,129.91,0.17,29.04,0,normal
2026-01-01 18:45:00,database,59.39,63.58,44.87,1146.5,1231.69,95.22,0.24,73.24,0,normal
2026-01-01 18:50:00,api-gateway,50.92,53.36,42.93,973.36,1201.79,133.21,0.23,37.61,0,normal
2026-01-01 18:50:00,user-service,36.95,49.02,34.4,712.86,667.99,136.41,0.18,42.16,0,normal
2026-01-01 18:50:00,payment-service,47.99,59.55,33.97,920.75,851.72,167.7,0.21,52.79,0,normal
2026-01-01 18:50:00,notification-service,41.57,44.16,54.72,485.68,483.7,105.33,0.14,27.84,0,normal
2026-01-01 18:50:00,database,61.33,59.7,47.24,1183.61,1352.9,104.05,0.18,74.92,0,normal
2026-01-01 18:55:00,api-gateway,50.42,59.63,61.51,1212.06,1114.9,131.84,0.21,28.23,0,normal
2026-01-01 18:55:00,user-service,40.49,49.8,40.64,688.05,658.47,123.7,0.23,37.26,0,normal
2026-01-01 18:55:00,payment-service,62.71,58.63,45.4,729.27,872.34,178.02,0.17,54.57,0,normal
2026-01-01 18:55:00,notification-service,36.64,43.73,55.65,452.92,500.47,107.37,0.12,29.71,0,normal
2026-01-01 18:55:00,database,58.05,59.15,31.13,1457.35,1334.22,113.65,0.23,78.28,0,normal
2026-01-01 19:00:00,api-gateway,44.5,51.64,39.96,688.71,851.05,145.34,0.18,25.4,0,normal
2026-01-01 19:00:00,user-service,36.75,47.75,63.53,494.11,503.17,88.71,0.22,37.44,0,normal
2026-01-01 19:00:00,payment-service,49.39,64.25,40.12,813.26,716.68,188.89,0.22,49.8,0,normal
2026-01-01 19:00:00,notification-service,27.0,46.54,47.46,381.73,397.06,91.72,0.21,26.84,0,normal
2026-01-01 19:00:00,database,53.57,67.86,52.57,901.45,941.85,95.84,0.19,70.8,0,normal
2026-01-01 19:05:00,api-gateway,50.17,56.27,54.76,864.4,889.72,141.14,0.27,30.57,0,normal
2026-01-01 19:05:00,user-service,40.31,52.45,56.26,567.26,483.52,110.21,0.2,35.59,0,normal
2026-01-01 19:05:00,payment-service,52.95,58.09,46.66,683.04,692.19,177.86,0.28,49.5,0,normal
2026-01-01 19:05:00,notification-service,27.54,49.57,48.45,316.01,386.43,104.87,0.24,29.46,0,normal
2026-01-01 19:05:00,database,54.48,64.93,55.04,819.81,909.34,102.92,0.26,66.02,0,normal
2026-01-01 19:10:00,api-gateway,49.29,56.5,47.97,1061.37,934.44,121.34,0.14,29.92,0,normal
2026-01-01 19:10:00,user-service,29.89,51.12,47.48,507.03,524.5,122.96,0.15,43.55,0,normal
2026-01-01 19:10:00,payment-service,47.06,59.42,39.64,753.69,640.48,174.96,0.28,49.72,0,normal
2026-01-01 19:10:00,notification-service,35.09,45.35,48.88,438.9,417.62,103.07,0.13,24.65,0,normal
2026-01-01 19:10:00,database,56.58,65.1,52.17,917.15,998.53,113.44,0.2,72.31,0,normal
2026-01-01 19:15:00,api-gateway,38.98,55.74,49.5,1045.47,913.3,132.35,0.19,21.68,0,normal
2026-01-01 19:15:00,user-service,30.49,49.79,48.16,536.52,510.56,117.07,0.17,29.98,0,normal
2026-01-01 19:15:00,payment-service,55.0,56.43,44.23,607.63,695.98,159.57,0.29,51.95,0,normal
2026-01-01 19:15:00,notification-service,32.9,47.77,70.55,372.33,429.83,106.29,0.27,20.95,0,normal
2026-01-01 19:15:00,database,48.21,61.84,49.72,988.24,1077.14,115.81,0.24,69.15,0,normal
2026-01-01 19:20:00,api-gateway,43.38,61.11,56.97,1029.71,961.9,161.3,0.17,30.29,0,normal
2026-01-01 19:20:00,user-service,37.22,43.91,48.89,510.62,491.31,115.08,0.18,31.92,0,normal
2026-01-01 19:20:00,payment-service,54.09,62.2,57.59,739.21,688.06,183.44,0.18,46.86,0,normal
2026-01-01 19:20:00,notification-service,30.48,42.81,62.12,440.04,408.96,106.04,0.21,26.1,0,normal
2026-01-01 19:20:00,database,53.71,65.04,49.17,1032.31,1053.11,110.17,0.24,75.37,0,normal
2026-01-01 19:25:00,api-gateway,46.32,46.84,55.98,1030.91,961.98,142.09,0.24,32.67,0,normal
2026-01-01 19:25:00,user-service,43.05,50.73,48.07,595.95,530.51,123.96,0.17,31.04,0,normal
2026-01-01 19:25:00,payment-service,46.22,59.97,48.85,673.89,736.76,162.81,0.16,53.33,0,normal
2026-01-01 19:25:00,notification-service,31.67,46.98,47.05,451.18,389.68,111.81,0.23,27.73,0,normal
2026-01-01 19:25:00,database,58.56,69.11,69.94,1133.06,976.86,90.28,0.18,75.07,0,normal
2026-01-01 19:30:00,api-gateway,41.0,55.82,56.31,804.78,843.57,142.17,0.2,26.08,0,normal
2026-01-01 19:30:00,user-service,33.08,53.6,47.72,422.02,471.22,112.84,0.24,37.93,0,normal
2026-01-01 19:30:00,payment-service,49.74,54.87,40.6,813.09,694.01,173.75,0.28,49.65,0,normal
2026-01-01 19:30:00,notification-service,31.02,46.45,34.76,381.83,363.83,104.77,0.27,26.29,0,normal
2026-01-01 19:30:00,database,53.17,69.99,38.79,706.29,875.63,92.75,0.19,67.28,0,normal
2026-01-01 19:35:00,api-gateway,43.01,58.34,51.3,987.53,823.29,130.87,0.23,29.57,0,normal
2026-01-01 19:35:00,user-service,31.3,53.64,62.07,498.61,463.72,123.88,0.26,32.42,0,normal
2026-01-01 19:35:00,payment-service,48.35,58.36,72.82,629.47,709.42,163.26,0.23,47.04,0,normal
2026-01-01 19:35:00,notification-service,27.49,39.7,50.69,363.46,390.17,109.7,0.23,24.6,0,normal
2026-01-01 19:35:00,database,49.82,67.7,52.46,927.75,993.37,114.55,0.19,71.08,0,normal
2026-01-01 19:40:00,api-gateway,44.74,54.96,53.83,1103.33,935.19,129.71,0.16,29.49,0,normal
2026-01-01 19:40:00,user-service,39.23,50.88,45.87,456.74,475.22,122.54,0.13,32.37,0,normal
2026-01-01 19:40:00,payment-service,48.1,57.49,30.74,620.63,707.67,159.26,0.19,58.41,0,normal
2026-01-01 19:40:00,notification-service,27.75,46.11,40.03,425.61,429.87,114.59,0.17,24.0,0,normal
2026-01-01 19:40:00,database,53.26,69.49,43.49,1005.46,1089.36,114.57,0.25,67.89,0,normal
2026-01-01 19:45:00,api-gateway,45.35,51.98,36.6,818.58,816.0,142.44,0.18,31.02,0,normal
2026-01-01 19:45:00,user-service,36.57,50.06,34.33,496.76,510.71,129.35,0.22,33.2,0,normal
2026-01-01 19:45:00,payment-service,44.63,62.22,46.14,727.27,714.25,167.58,0.16,48.94,0,normal
2026-01-01 19:45:00,notification-service,33.39,46.6,58.3,468.89,408.42,92.74,0.25,28.2,0,normal
2026-01-01 19:45:00,database,48.37,70.59,36.63,1170.23,1018.64,111.36,0.19,71.65,0,normal
2026-01-01 19:50:00,api-gateway,38.85,54.15,45.51,801.36,894.16,129.9,0.15,28.54,0,normal
2026-01-01 19:50:00,user-service,45.89,51.82,47.72,520.56,489.85,126.74,0.23,32.47,0,normal
2026-01-01 19:50:00,payment-service,48.76,58.28,63.91,830.81,749.37,180.13,0.19,52.23,0,normal
2026-01-01 19:50:00,notification-service,30.26,47.48,51.36,343.94,395.76,111.72,0.19,22.28,0,normal
2026-01-01 19:50:00,database,54.35,65.99,53.25,1026.98,1001.55,107.53,0.18,71.84,0,normal
2026-01-01 19:55:00,api-gateway,45.35,51.89,51.86,742.74,921.6,152.25,0.21,28.51,0,normal
2026-01-01 19:55:00,user-service,36.24,54.27,61.11,553.96,490.12,133.74,0.21,34.71,0,normal
2026-01-01 19:55:00,payment-service,57.64,56.89,45.15,518.02,647.47,168.19,0.17,52.74,0,normal
2026-01-01 19:55:00,notification-service,31.32,42.57,46.0,329.81,388.2,99.15,0.26,18.51,0,normal
2026-01-01 19:55:00,database,46.53,64.97,56.45,855.32,1007.86,96.38,0.22,69.54,0,normal
2026-01-01 20:00:00,api-gateway,51.99,58.08,47.82,1011.64,864.19,147.29,0.28,29.24,0,normal
2026-01-01 20:00:00,user-service,29.85,51.34,47.95,594.95,499.22,123.35,0.18,36.06,0,normal
2026-01-01 20:00:00,payment-service,48.43,55.24,38.02,809.78,725.03,168.64,0.29,52.23,0,normal
2026-01-01 20:00:00,notification-service,26.62,44.48,44.87,447.77,391.47,100.64,0.18,24.68,0,normal
2026-01-01 20:00:00,database,51.43,70.2,52.92,1005.8,938.78,102.62,0.19,69.71,0,normal
2026-01-01 20:05:00,api-gateway,45.06,56.86,36.23,895.46,912.61,135.64,0.21,32.68,0,normal
2026-01-01 20:05:00,user-service,31.68,49.15,51.14,510.62,521.57,114.49,0.13,40.06,0,normal
2026-01-01 20:05:00,payment-service,49.74,62.53,48.53,586.8,696.2,162.96,0.2,48.64,0,normal
2026-01-01 20:05:00,notification-service,23.04,42.6,48.26,455.14,428.68,105.91,0.24,24.57,0,normal
2026-01-01 20:05:00,database,54.49,64.38,57.43,1171.79,1020.79,102.03,0.19,74.82,0,normal
2026-01-01 20:10:00,api-gateway,44.84,54.71,64.34,1047.36,917.16,142.97,0.14,31.8,0,normal
2026-01-01 20:10:00,user-service,34.79,51.26,30.37,424.24,453.51,101.43,0.2,40.34,0,normal
2026-01-01 20:10:00,payment-service,56.36,60.36,35.91,744.56,709.51,180.71,0.18,51.89,0,normal
2026-01-01 20:10:00,notification-service,34.01,43.76,41.78,483.88,405.5,127.48,0.19,24.07,0,normal
2026-01-01 20:10:00,database,56.57,62.22,50.66,1100.01,978.37,87.47,0.24,73.51,0,normal
2026-01-01 20:15:00,api-gateway,40.89,54.48,63.65,1032.18,974.93,147.61,0.22,31.09,0,normal
2026-01-01 20:15:00,user-service,37.91,48.79,59.79,435.22,496.97,128.17,0.15,27.77,0,normal
2026-01-01 20:15:00,payment-service,48.33,60.13,51.44,611.36,691.26,174.26,0.17,54.29,0,normal
2026-01-01 20:15:00,notification-service,28.38,48.09,40.78,338.5,395.99,129.62,0.31,27.76,0,normal
2026-01-01 20:15:00,database,56.4,68.15,55.72,1020.18,959.03,94.52,0.22,68.23,0,normal
2026-01-01 20:20:00,api-gateway,42.61,57.46,37.1,702.01,831.35,133.8,0.25,26.84,0,normal
2026-01-01 20:20:00,user-service,31.17,52.75,56.12,543.68,492.46,119.18,0.23,32.42,0,normal
2026-01-01 20:20:00,payment-service,41.79,61.08,45.7,708.79,678.04,170.1,0.19,51.35,0,normal
2026-01-01 20:20:00,notification-service,26.24,42.16,52.31,502.19,440.17,124.22,0.16,23.88,0,normal
2026-01-01 20:20:00,database,55.41,62.04,46.24,994.66,1023.5,105.64,0.18,76.7,0,normal
2026-01-01 20:25:00,api-gateway,40.46,54.88,42.83,753.68,874.75,148.77,0.19,34.77,0,normal
2026-01-01 20:25:00,user-service,29.36,45.4,54.08,548.12,536.66,124.16,0.12,39.18,0,normal
2026-01-01 20:25:00,payment-service,44.53,55.82,74.61,606.75,720.33,168.96,0.18,50.48,0,normal
2026-01-01 20:25:00,notification-service,28.7,38.41,58.57,413.08,411.4,123.26,0.18,25.86,0,normal
2026-01-01 20:25:00,database,62.92,60.78,47.75,930.56,1076.23,84.61,0.27,73.15,0,normal
2026-01-01 20:30:00,api-gateway,40.31,58.08,51.82,889.64,945.69,134.54,0.17,31.6,0,normal
2026-01-01 20:30:00,user-service,37.35,45.97,20.97,560.42,522.3,123.48,0.18,35.46,0,normal
2026-01-01 20:30:00,payment-service,47.23,59.8,43.89,703.44,689.56,155.63,0.27,49.62,0,normal
2026-01-01 20:30:00,notification-service,32.94,40.61,57.08,472.96,395.19,108.38,0.19,20.46,0,normal
2026-01-01 20:30:00,database,57.71,65.58,56.07,1070.33,1056.17,116.31,0.27,71.82,0,normal
2026-01-01 20:35:00,api-gateway,50.81,53.53,48.87,772.42,817.11,140.03,0.18,28.27,0,normal
2026-01-01 20:35:00,user-service,36.08,50.56,56.26,509.62,476.88,122.96,0.12,31.46,0,normal
2026-01-01 20:35:00,payment-service,48.93,52.69,57.63,689.53,751.96,154.8,0.24,48.77,0,normal
2026-01-01 20:35:00,notification-service,23.91,44.95,75.3,303.74,362.34,111.05,0.18,25.51,0,normal
2026-01-01 20:35:00,database,57.25,64.55,52.29,899.23,988.61,82.22,0.24,72.92,0,normal
2026-01-01 20:40:00,api-gateway,45.03,56.63,36.55,994.68,926.42,132.5,0.25,34.97,0,normal
2026-01-01 20:40:00,user-service,33.42,45.81,53.86,528.02,473.12,118.27,0.13,35.81,0,normal
2026-01-01 20:40:00,payment-service,50.95,60.31,50.02,769.41,688.64,169.92,0.19,47.59,0,normal
2026-01-01 20:40:00,notification-service,31.7,42.2,70.62,418.99,372.5,97.08,0.18,20.46,0,normal
2026-01-01 20:40:00,database,53.01,67.77,35.4,1147.99,1020.93,104.48,0.14,67.77,0,normal
2026-01-01 20:45:00,api-gateway,42.9,56.21,35.59,745.01,908.46,155.42,0.26,29.49,0,normal
2026-01-01 20:45:00,user-service,36.35,48.63,48.73,448.51,473.11,129.39,0.18,36.78,0,normal
2026-01-01 20:45:00,payment-service,51.92,59.25,56.34,700.9,680.71,171.76,0.19,55.17,0,normal
2026-01-01 20:45:00,notification-service,31.14,40.73,54.0,342.58,321.55,103.95,0.28,22.13,0,normal
2026-01-01 20:45:00,database,55.53,65.45,37.91,899.57,1008.29,112.19,0.21,65.04,0,normal
2026-01-01 20:50:00,api-gateway,51.71,50.31,51.8,1010.81,908.68,134.18,0.22,32.56,0,normal
2026-01-01 20:50:00,user-service,35.68,49.86,46.25,539.37,476.1,107.57,0.3,33.88,0,normal
2026-01-01 20:50:00,payment-service,45.94,62.47,29.28,681.24,780.7,159.19,0.25,51.62,0,normal
2026-01-01 20:50:00,notification-service,32.66,43.47,46.85,317.69,395.9,117.35,0.18,25.53,0,normal
2026-01-01 20:50:00,database,55.01,61.73,41.93,895.62,1005.72,111.2,0.22,70.94,0,normal
2026-01-01 20:55:00,api-gateway,35.06,51.88,59.83,789.58,879.34,131.15,0.16,28.15,0,normal
2026-01-01 20:55:00,user-service,33.58,56.5,40.01,524.09,488.62,130.09,0.26,37.85,0,normal
2026-01-01 20:55:00,payment-service,45.34,58.17,55.04,542.8,657.22,154.63,0.18,47.05,0,normal
2026-01-01 20:55:00,notification-service,32.74,43.08,44.31,358.27,383.44,107.61,0.17,26.65,0,normal
2026-01-01 20:55:00,database,61.22,65.74,64.99,1228.29,1029.58,104.56,0.14,71.62,0,normal
2026-01-01 21:00:00,api-gateway,45.47,56.14,46.8,902.8,914.47,137.21,0.14,30.34,0,normal
2026-01-01 21:00:00,user-service,34.85,50.75,59.94,514.24,534.77,115.58,0.22,36.1,0,normal
2026-01-01 21:00:00,payment-service,49.03,56.4,48.6,603.22,701.61,174.52,0.15,51.66,0,normal
2026-01-01 21:00:00,notification-service,37.23,47.69,48.96,348.88,393.29,100.09,0.23,27.43,0,normal
2026-01-01 21:00:00,database,53.92,69.84,38.83,895.46,977.83,109.02,0.22,72.58,0,normal
2026-01-01 21:05:00,api-gateway,49.4,59.74,53.11,929.03,898.13,159.59,0.24,30.98,0,normal
2026-01-01 21:05:00,user-service,38.18,51.96,48.13,497.77,482.05,122.18,0.17,38.59,0,normal
2026-01-01 21:05:00,payment-service,49.76,60.14,49.11,715.06,703.34,172.51,0.19,47.14,0,normal
2026-01-01 21:05:00,notification-service,29.06,47.06,56.57,451.99,383.31,114.64,0.16,22.47,0,normal
2026-01-01 21:05:00,database,57.51,66.07,48.67,783.23,963.88,86.5,0.16,74.37,0,normal
2026-01-01 21:10:00,api-gateway,52.21,61.07,26.57,986.63,874.46,157.74,0.11,29.14,0,normal
2026-01-01 21:10:00,user-service,43.78,46.9,47.45,513.58,484.65,116.2,0.22,36.31,0,normal
2026-01-01 21:10:00,payment-service,45.86,61.95,56.88,735.16,713.72,174.65,0.16,46.98,0,normal
2026-01-01 21:10:00,notification-service,29.71,50.16,41.0,444.43,395.31,127.52,0.24,25.81,0,normal
2026-01-01 21:10:00,database,52.83,70.02,45.54,1158.99,1075.77,92.51,0.11,67.72,0,normal
2026-01-01 21:15:00,api-gateway,44.24,57.26,46.13,783.84,877.33,133.81,0.11,27.21,0,normal
2026-01-01 21:15:00,user-service,35.77,51.99,30.02,607.84,535.84,106.45,0.27,39.3,0,normal
2026-01-01 21:15:00,payment-service,46.9,63.36,45.93,743.71,675.31,171.03,0.19,47.1,0,normal
2026-01-01 21:15:00,notification-service,26.87,42.46,36.84,423.59,420.02,119.19,0.24,28.27,0,normal
2026-01-01 21:15:00,database,55.87,66.96,34.99,1068.15,976.7,104.77,0.29,66.95,0,normal
2026-01-01 21:20:00,api-gateway,45.26,57.3,32.95,1059.11,961.25,156.14,0.19,31.42,0,normal
2026-01-01 21:20:00,user-service,32.2,51.3,64.13,463.72,497.92,118.48,0.19,35.47,0,normal
2026-01-01 21:20:00,payment-service,48.75,61.86,47.41,705.97,689.35,189.55,0.19,50.22,0,normal
2026-01-01 21:20:00,notification-service,31.1,46.7,43.03,374.67,402.49,112.74,0.15,28.76,0,normal
2026-01-01 21:20:00,database,56.73,64.33,51.4,1007.67,944.78,82.08,0.13,70.88,0,normal
2026-01-01 21:25:00,api-gateway,43.46,62.94,55.45,864.07,910.73,136.78,0.16,29.48,0,normal
2026-01-01 21:25:00,user-service,36.84,52.75,53.59,507.88,524.7,117.88,0.15,33.52,0,normal
2026-01-01 21:25:00,payment-service,55.5,61.79,53.73,626.22,663.61,190.47,0.19,51.79,0,normal
2026-01-01 21:25:00,notification-service,36.02,43.68,48.86,445.32,415.4,99.38,0.15,18.01,0,normal
2026-01-01 21:25:00,database,56.11,60.12,40.66,939.28,1079.96,101.29,0.13,71.8,0,normal
2026-01-01 21:30:00,api-gateway,44.57,54.77,43.29,997.97,925.33,153.7,0.29,28.19,0,normal
2026-01-01 21:30:00,user-service,32.87,51.97,57.22,520.81,502.23,117.94,0.12,28.97,0,normal
2026-01-01 21:30:00,payment-service,49.49,61.42,53.24,809.83,690.21,142.5,0.14,50.36,0,normal
2026-01-01 21:30:00,notification-service,32.43,42.9,41.99,329.75,379.27,108.34,0.18,23.77,0,normal
2026-01-01 21:30:00,database,47.67,68.05,43.85,1073.48,940.33,85.85,0.24,68.87,0,normal
2026-01-01 21:35:00,api-gateway,39.33,61.77,49.14,995.43,862.87,137.51,0.21,26.1,0,normal
2026-01-01 21:35:00,user-service,31.58,48.63,39.03,561.02,500.86,105.95,0.25,35.25,0,normal
2026-01-01 21:35:00,payment-service,47.68,66.77,55.75,651.27,678.21,162.8,0.2,46.32,0,normal
2026-01-01 21:35:00,notification-service,30.47,41.91,56.4,408.21,430.39,106.39,0.25,31.07,0,normal
2026-01-01 21:35:00,database,63.0,61.84,42.46,1141.49,1017.82,105.91,0.23,76.14,0,normal
2026-01-01 21:40:00,api-gateway,56.66,51.17,41.64,869.52,871.68,128.54,0.31,30.39,0,normal
2026-01-01 21:40:00,user-service,40.82,55.64,59.69,585.64,493.35,125.2,0.21,36.66,0,normal
2026-01-01 21:40:00,payment-service,54.79,64.55,46.89,679.37,699.98,154.92,0.17,50.03,0,normal
2026-01-01 21:40:00,notification-service,29.56,47.02,53.35,457.13,408.05,101.99,0.31,19.19,0,normal
2026-01-01 21:40:00,database,54.21,58.82,43.37,925.07,1065.81,105.62,0.25,74.48,0,normal
2026-01-01 21:45:00,api-gateway,41.01,52.04,30.64,801.19,903.9,131.91,0.21,32.71,0,normal
2026-01-01 21:45:00,user-service,34.26,45.48,45.21,436.09,529.04,129.56,0.17,40.64,0,normal
2026-01-01 21:45:00,payment-service,48.32,55.51,33.94,840.47,718.05,178.15,0.2,54.5,0,normal
2026-01-01 21:45:00,notification-service,33.98,46.58,56.86,458.03,388.84,101.76,0.13,24.87,0,normal
2026-01-01 21:45:00,database,54.94,64.41,41.29,1160.67,986.89,91.71,0.19,69.97,0,normal
2026-01-01 21:50:00,api-gateway,46.6,53.72,46.33,958.86,934.37,139.52,0.23,29.94,0,normal
2026-01-01 21:50:00,user-service,40.35,52.3,60.93,583.81,490.24,129.63,0.08,36.01,0,normal
2026-01-01 21:50:00,payment-service,50.93,60.36,44.13,679.01,736.48,174.18,0.2,50.24,0,normal
2026-01-01 21:50:00,notification-service,25.79,39.44,41.48,435.44,384.98,113.52,0.3,30.59,0,normal
2026-01-01 21:50:00,database,51.09,70.66,50.15,1282.74,1095.37,92.26,0.14,71.67,0,normal
2026-01-01 21:55:00,api-gateway,42.86,55.28,43.43,839.66,917.38,124.47,0.24,32.03,0,normal
2026-01-01 21:55:00,user-service,28.33,53.4,60.37,462.88,530.57,141.83,0.23,36.37,0,normal
2026-01-01 21:55:00,payment-service,52.51,60.18,54.47,813.1,690.36,181.24,0.25,51.23,0,normal
2026-01-01 21:55:00,notification-service,27.87,50.69,41.78,337.22,384.5,107.72,0.2,25.21,0,normal
2026-01-01 21:55:00,database,50.8,63.63,48.14,995.3,1081.18,100.07,0.13,69.59,0,normal
2026-01-01 22:00:00,api-gateway,42.31,57.66,51.41,776.09,927.78,154.6,0.19,32.65,0,normal
2026-01-01 22:00:00,user-service,42.93,45.38,50.53,407.56,461.88,97.91,0.23,35.04,0,normal
2026-01-01 22:00:00,payment-service,50.49,60.26,40.55,733.62,687.36,162.33,0.14,50.56,0,normal
2026-01-01 22:00:00,notification-service,31.69,41.45,35.27,345.47,412.92,128.32,0.16,22.29,0,normal
2026-01-01 22:00:00,database,52.74,65.43,48.28,1185.23,1016.53,106.08,0.24,73.05,0,normal
2026-01-01 22:05:00,api-gateway,45.47,51.6,43.48,733.04,893.4,150.5,0.19,36.76,0,normal
2026-01-01 22:05:00,user-service,33.35,55.43,60.9,416.59,469.26,124.56,0.26,26.91,0,normal
2026-01-01 22:05:00,payment-service,53.56,62.43,49.35,562.57,687.43,152.72,0.15,47.8,0,normal
2026-01-01 22:05:00,notification-service,29.69,48.6,51.21,408.09,398.73,110.08,0.25,23.7,0,normal
2026-01-01 22:05:00,database,46.35,65.34,63.13,1122.84,962.5,128.42,0.2,71.06,0,normal
2026-01-01 22:10:00,api-gateway,46.59,55.04,49.6,876.84,947.53,140.92,0.23,27.66,0,normal
2026-01-01 22:10:00,user-service,38.81,51.39,59.24,435.6,487.45,109.53,0.19,29.04,0,normal
2026-01-01 22:10:00,payment-service,47.36,59.05,54.87,676.96,756.58,166.2,0.17,50.55,0,normal
2026-01-01 22:10:00,notification-service,34.22,47.83,37.93,401.31,403.95,98.43,0.21,28.85,0,normal
2026-01-01 22:10:00,database,61.71,61.2,47.32,797.12,978.5,89.67,0.16,67.73,0,normal
2026-01-01 22:15:00,api-gateway,47.35,52.76,66.43,1027.38,868.1,151.1,0.23,25.97,0,normal
2026-01-01 22:15:00,user-service,31.19,51.09,69.01,472.23,487.57,107.77,0.26,31.77,0,normal
2026-01-01 22:15:00,payment-service,51.64,61.61,34.7,844.21,713.77,172.1,0.22,48.36,0,normal
2026-01-01 22:15:00,notification-service,33.85,42.04,39.12,469.63,395.15,102.02,0.2,21.85,0,normal
2026-01-01 22:15:00,database,51.56,68.9,35.3,1095.34,965.79,99.69,0.21,66.95,0,normal
2026-01-01 22:20:00,api-gateway,50.34,57.33,46.08,847.82,969.36,142.29,0.24,30.84,0,normal
2026-01-01 22:20:00,user-service,35.01,56.84,49.47,464.97,452.94,117.52,0.25,33.82,0,normal
2026-01-01 22:20:00,payment-service,55.09,55.32,31.08,614.59,660.51,190.04,0.21,48.2,0,normal
2026-01-01 22:20:00,notification-service,30.41,39.09,54.32,368.45,398.76,107.51,0.23,28.14,0,normal
2026-01-01 22:20:00,database,50.15,68.29,36.06,893.39,918.85,86.66,0.29,63.73,0,normal
2026-01-01 22:25:00,api-gateway,48.75,55.01,41.32,865.21,908.29,146.25,0.15,28.91,0,normal
2026-01-01 22:25:00,user-service,29.15,53.03,48.97,533.53,467.56,103.56,0.19,35.17,0,normal
2026-01-01 22:25:00,payment-service,46.88,66.63,52.9,826.7,747.73,180.42,0.2,51.14,0,normal
2026-01-01 22:25:00,notification-service,36.52,39.46,38.87,322.29,390.41,104.3,0.22,21.13,0,normal
2026-01-01 22:25:00,database,50.45,62.85,49.74,820.29,1021.65,102.37,0.17,66.35,0,normal
2026-01-01 22:30:00,api-gateway,36.13,52.47,53.99,745.16,878.08,126.84,0.22,32.23,0,normal
2026-01-01 22:30:00,user-service,31.77,49.77,53.93,549.03,490.75,125.24,0.24,33.41,0,normal
2026-01-01 22:30:00,payment-service,47.34,57.43,54.62,692.68,741.61,159.33,0.11,51.14,0,normal
2026-01-01 22:30:00,notification-service,32.01,46.18,52.0,438.38,397.82,89.82,0.22,21.76,0,normal
2026-01-01 22:30:00,database,53.95,68.84,54.57,1178.96,1018.68,81.48,0.22,68.92,0,normal
2026-01-01 22:35:00,api-gateway,43.82,51.34,62.2,992.05,960.87,136.5,0.24,27.35,0,normal
2026-01-01 22:35:00,user-service,35.42,49.0,42.07,524.27,530.37,105.93,0.14,36.54,0,normal
2026-01-01 22:35:00,payment-service,47.26,65.38,48.18,787.75,658.32,172.91,0.21,51.71,0,normal
2026-01-01 22:35:00,notification-service,31.34,43.91,46.12,476.56,439.27,96.69,0.21,25.32,0,normal
2026-01-01 22:35:00,database,57.61,64.43,57.4,974.09,916.73,95.9,0.15,66.87,0,normal
2026-01-01 22:40:00,api-gateway,45.98,57.85,58.52,788.41,963.19,124.25,0.2,32.74,0,normal
2026-01-01 22:40:00,user-service,28.54,57.29,34.31,469.2,522.87,119.65,0.17,36.13,0,normal
2026-01-01 22:40:00,payment-service,50.71,58.41,48.2,707.18,738.59,179.15,0.2,48.05,0,normal
2026-01-01 22:40:00,notification-service,28.51,39.38,54.38,383.03,415.58,103.88,0.22,21.28,0,normal
2026-01-01 22:40:00,database,54.65,67.05,55.21,1184.6,1053.43,90.3,0.31,74.67,0,normal
2026-01-01 22:45:00,api-gateway,47.52,53.23,51.92,810.97,806.21,125.51,0.18,27.76,0,normal
2026-01-01 22:45:00,user-service,32.78,53.52,47.55,585.26,495.44,140.98,0.1,30.62,0,normal
2026-01-01 22:45:00,payment-service,49.71,60.22,60.51,642.17,646.86,193.67,0.17,54.58,0,normal
2026-01-01 22:45:00,notification-service,30.29,46.92,27.09,409.34,400.52,102.94,0.13,23.71,0,normal
2026-01-01 22:45:00,database,54.48,60.77,39.75,1013.99,944.58,95.02,0.18,69.43,0,normal
2026-01-01 22:50:00,api-gateway,39.18,57.92,66.78,743.89,881.44,141.02,0.18,27.31,0,normal
2026-01-01 22:50:00,user-service,33.77,49.86,45.23,518.53,498.18,119.74,0.24,33.39,0,normal
2026-01-01 22:50:00,payment-service,45.5,58.26,54.08,661.42,621.3,167.72,0.19,48.44,0,normal
2026-01-01 22:50:00,notification-service,31.83,46.89,69.7,378.21,381.93,130.69,0.21,21.66,0,normal
2026-01-01 22:50:00,database,63.03,68.71,69.94,1018.73,1039.74,116.58,0.27,73.03,0,normal
2026-01-01 22:55:00,api-gateway,53.24,59.09,45.47,753.46,909.74,139.5,0.14,30.84,0,normal
2026-01-01 22:55:00,user-service,38.23,54.74,32.58,557.74,481.47,128.42,0.2,37.8,0,normal
2026-01-01 22:55:00,payment-service,49.38,60.5,59.82,633.51,684.07,149.03,0.19,52.61,0,normal
2026-01-01 22:55:00,notification-service,34.89,43.3,59.31,399.35,400.87,115.17,0.2,25.89,0,normal
2026-01-01 22:55:00,database,56.72,61.76,58.77,966.73,966.96,89.6,0.25,67.45,0,normal
2026-01-01 23:00:00,api-gateway,44.74,50.28,46.28,749.12,855.42,142.73,0.19,26.16,0,normal
2026-01-01 23:00:00,user-service,36.13,45.71,41.5,557.34,507.02,113.58,0.2,38.25,0,normal
2026-01-01 23:00:00,payment-service,47.26,58.35,41.71,786.59,675.88,163.37,0.14,45.82,0,normal
2026-01-01 23:00:00,notification-service,28.57,46.05,43.76,437.17,411.83,106.7,0.21,27.2,0,normal
2026-01-01 23:00:00,database,52.48,62.41,41.86,864.73,985.89,106.65,0.18,69.24,0,normal
2026-01-01 23:05:00,api-gateway,37.73,57.37,49.77,859.02,865.37,134.67,0.18,31.0,0,normal
2026-01-01 23:05:00,user-service,40.89,50.53,62.99,552.26,498.75,112.0,0.23,32.84,0,normal
2026-01-01 23:05:00,payment-service,51.07,60.64,53.31,765.84,709.87,168.88,0.27,52.09,0,normal
2026-01-01 23:05:00,notification-service,26.46,42.45,58.66,336.02,373.23,101.37,0.21,22.89,0,normal
2026-01-01 23:05:00,database,57.83,60.93,51.67,1184.14,1054.07,105.9,0.24,71.55,0,normal
2026-01-01 23:10:00,api-gateway,47.1,53.99,43.23,1008.57,898.66,142.66,0.17,25.45,0,normal
2026-01-01 23:10:00,user-service,36.32,46.37,48.34,416.32,490.64,111.07,0.31,32.2,0,normal
2026-01-01 23:10:00,payment-service,47.21,59.78,42.0,554.26,680.99,172.89,0.23,45.42,0,normal
2026-01-01 23:10:00,notification-service,20.48,42.8,51.06,452.64,399.64,114.1,0.22,22.6,0,normal
2026-01-01 23:10:00,database,53.96,65.11,39.54,1170.94,1084.62,90.83,0.17,68.53,0,normal
2026-01-01 23:15:00,api-gateway,51.93,47.7,44.71,1022.21,890.6,142.27,0.19,30.02,0,normal
2026-01-01 23:15:00,user-service,37.64,46.65,59.18,489.99,437.69,107.03,0.18,35.82,0,normal
2026-01-01 23:15:00,payment-service,52.74,55.76,36.24,855.85,742.36,186.05,0.25,49.98,0,normal
2026-01-01 23:15:00,notification-service,29.39,38.54,20.27,410.49,386.59,111.57,0.21,25.71,0,normal
2026-01-01 23:15:00,database,53.89,63.67,57.56,1064.06,936.72,101.12,0.25,71.13,0,normal
2026-01-01 23:20:00,api-gateway,44.27,60.49,57.52,960.49,916.99,145.31,0.21,27.28,0,normal
2026-01-01 23:20:00,user-service,35.23,53.74,45.65,415.26,485.3,126.31,0.23,34.1,0,normal
2026-01-01 23:20:00,payment-service,50.78,65.0,49.03,637.2,733.05,169.16,0.24,52.35,0,normal
2026-01-01 23:20:00,notification-service,30.73,41.63,52.1,362.96,415.58,93.26,0.2,28.78,0,normal
2026-01-01 23:20:00,database,58.02,68.25,49.44,945.23,1055.54,98.99,0.16,69.16,0,normal
2026-01-01 23:25:00,api-gateway,49.42,47.57,38.65,842.93,896.46,135.35,0.28,30.64,0,normal
2026-01-01 23:25:00,user-service,28.5,52.29,52.17,568.41,513.87,129.78,0.28,35.65,0,normal
2026-01-01 23:25:00,payment-service,50.66,60.67,48.2,739.57,650.41,172.73,0.19,45.49,0,normal
2026-01-01 23:25:00,notification-service,26.06,44.66,44.94,437.82,382.44,113.45,0.16,25.05,0,normal
2026-01-01 23:25:00,database,58.23,64.56,51.03,788.44,943.35,73.59,0.19,69.28,0,normal
2026-01-01 23:30:00,api-gateway,53.68,59.33,58.26,807.96,891.6,123.09,0.2,31.07,0,normal
2026-01-01 23:30:00,user-service,36.23,48.98,36.13,452.13,481.38,110.53,0.22,30.7,0,normal
2026-01-01 23:30:00,payment-service,48.69,59.11,43.02,751.63,744.49,175.8,0.22,55.06,0,normal
2026-01-01 23:30:00,notification-service,31.51,41.9,39.57,380.67,367.62,102.46,0.28,23.51,0,normal
2026-01-01 23:30:00,database,53.28,68.97,20.53,1131.94,1027.0,100.21,0.2,70.93,0,normal
2026-01-01 23:35:00,api-gateway,49.18,53.16,39.42,1139.96,972.21,143.88,0.17,26.47,0,normal
2026-01-01 23:35:00,user-service,31.03,47.1,55.22,605.45,509.27,122.74,0.11,37.22,0,normal
2026-01-01 23:35:00,payment-service,47.59,58.35,50.53,651.37,680.99,185.75,0.23,48.84,0,normal
2026-01-01 23:35:00,notification-service,29.7,48.28,56.57,441.41,408.81,120.15,0.2,26.46,0,normal
2026-01-01 23:35:00,database,51.38,68.04,32.34,913.88,1015.71,110.34,0.23,68.07,0,normal
2026-01-01 23:40:00,api-gateway,49.65,55.54,44.62,1094.43,916.31,126.93,0.14,27.3,0,normal
2026-01-01 23:40:00,user-service,35.24,49.48,38.62,540.86,495.43,134.38,0.27,31.05,0,normal
2026-01-01 23:40:00,payment-service,51.37,56.17,37.76,731.08,675.72,178.42,0.18,49.43,0,normal
2026-01-01 23:40:00,notification-service,25.58,41.57,58.65,379.21,350.45,109.2,0.1,22.58,0,normal
2026-01-01 23:40:00,database,64.44,71.81,48.92,953.21,902.87,99.94,0.25,65.22,0,normal
2026-01-01 23:45:00,api-gateway,44.03,58.0,53.03,721.45,894.92,145.06,0.25,27.94,0,normal
2026-01-01 23:45:00,user-service,35.71,39.87,45.34,544.8,490.96,115.14,0.18,37.11,0,normal
2026-01-01 23:45:00,payment-service,48.53,62.3,47.56,614.5,663.55,161.43,0.18,49.94,0,normal
2026-01-01 23:45:00,notification-service,33.4,39.26,59.07,380.51,393.08,127.43,0.2,26.28,0,normal
2026-01-01 23:45:00,database,54.93,62.84,74.98,1071.46,927.41,106.38,0.14,72.05,0,normal
2026-01-01 23:50:00,api-gateway,47.31,56.52,56.42,889.01,930.4,151.8,0.19,33.65,0,normal
2026-01-01 23:50:00,user-service,33.1,48.04,52.84,493.99,490.42,138.64,0.2,34.48,0,normal
2026-01-01 23:50:00,payment-service,56.01,59.22,51.93,931.32,795.02,172.81,0.17,52.27,0,normal
2026-01-01 23:50:00,notification-service,30.3,39.69,46.05,333.2,397.12,114.49,0.28,23.46,0,normal
2026-01-01 23:50:00,database,54.68,65.64,62.83,1162.7,1064.86,100.33,0.19,74.36,0,normal
2026-01-01 23:55:00,api-gateway,45.01,49.19,44.76,789.29,895.34,127.68,0.14,29.08,0,normal
2026-01-01 23:55:00,user-service,29.53,50.95,60.95,488.72,498.8,133.61,0.24,35.82,0,normal
2026-01-01 23:55:00,payment-service,48.18,60.6,42.43,598.38,743.28,175.01,0.24,52.08,0,normal
2026-01-01 23:55:00,notification-service,33.1,50.67,71.35,355.5,414.17,110.82,0.15,26.63,0,normal
2026-01-01 23:55:00,database,52.9,63.32,38.8,958.8,983.17,92.02,0.28,67.64,0,normal
2026-01-02 00:00:00,api-gateway,42.7,58.53,41.96,567.11,663.1,153.08,0.14,22.05,0,normal
2026-01-02 00:00:00,user-service,25.85,46.83,45.26,295.35,338.26,114.39,0.1,33.28,0,normal
2026-01-02 00:00:00,payment-service,39.48,58.53,41.51,403.24,481.35,152.44,0.15,46.5,0,normal
2026-01-02 00:00:00,notification-service,25.2,44.87,61.25,290.03,253.83,110.63,0.23,20.26,0,normal
2026-01-02 00:00:00,database,45.81,66.14,54.6,642.06,696.51,100.84,0.28,67.39,0,normal
2026-01-02 00:05:00,api-gateway,32.32,57.14,54.19,710.06,671.11,137.58,0.22,26.6,0,normal
2026-01-02 00:05:00,user-service,25.1,50.69,49.22,259.43,314.38,105.33,0.23,41.42,0,normal
2026-01-02 00:05:00,payment-service,44.6,64.4,29.84,528.56,471.96,175.75,0.29,48.1,0,normal
2026-01-02 00:05:00,notification-service,26.15,49.66,50.53,270.59,253.17,116.36,0.27,23.53,0,normal
2026-01-02 00:05:00,database,48.03,62.57,44.42,610.95,731.41,102.2,0.2,70.27,0,normal
2026-01-02 00:10:00,api-gateway,41.6,53.64,42.35,531.93,619.8,150.96,0.26,23.02,0,normal
2026-01-02 00:10:00,user-service,27.13,53.07,47.63,360.81,305.1,121.02,0.36,30.43,0,normal
2026-01-02 00:10:00,payment-service,43.89,55.71,58.51,601.83,506.76,150.27,0.19,46.63,0,normal
2026-01-02 00:10:00,notification-service,21.06,47.35,58.46,261.48,295.15,91.94,0.21,19.11,0,normal
2026-01-02 00:10:00,database,39.45,62.5,49.62,602.33,726.26,87.61,0.16,67.62,0,normal
2026-01-02 00:15:00,api-gateway,37.04,54.7,46.2,681.65,620.53,129.25,0.24,28.47,0,normal
2026-01-02 00:15:00,user-service,35.08,49.06,54.02,271.17,330.73,128.53,0.1,29.69,0,normal
2026-01-02 00:15:00,payment-service,41.94,60.08,48.11,524.75,498.7,174.36,0.23,46.88,0,normal
2026-01-02 00:15:00,notification-service,22.63,41.54,49.18,306.82,275.36,100.07,0.17,11.92,0,normal
2026-01-02 00:15:00,database,48.92,60.59,45.4,714.24,728.18,83.52,0.25,62.25,0,normal
2026-01-02 00:20:00,api-gateway,39.07,54.94,36.15,741.75,646.7,127.23,0.22,25.55,0,normal
2026-01-02 00:20:00,user-service,24.22,46.38,33.6,343.47,364.83,102.34,0.17,33.44,0,normal
2026-01-02 00:20:00,payment-service,46.44,65.75,55.88,519.51,575.44,174.73,0.18,46.0,0,normal
2026-01-02 00:20:00,notification-service,23.84,37.22,42.82,326.6,288.75,125.17,0.2,23.52,0,normal
2026-01-02 00:20:00,database,48.35,63.61,37.21,766.52,641.86,107.08,0.21,69.93,0,normal
2026-01-02 00:25:00,api-gateway,34.42,55.21,44.17,556.2,574.83,131.8,0.2,21.84,0,normal
2026-01-02 00:25:00,user-service,33.83,47.56,62.63,392.63,334.32,115.18,0.26,32.37,0,normal
2026-01-02 00:25:00,payment-service,42.59,59.36,55.1,513.57,487.99,172.96,0.22,44.67,0,normal
2026-01-02 00:25:00,notification-service,24.5,48.3,60.08,285.79,317.26,102.35,0.25,26.49,0,normal
2026-01-02 00:25:00,database,54.22,63.32,35.48,814.28,704.7,104.1,0.14,66.99,0,normal
2026-01-02 00:30:00,api-gateway,27.37,51.33,52.9,603.98,689.24,126.16,0.22,25.2,0,normal
2026-01-02 00:30:00,user-service,32.39,54.81,42.45,379.82,359.85,108.53,0.28,29.75,0,normal
2026-01-02 00:30:00,payment-service,44.75,61.88,52.75,614.71,544.5,179.26,0.26,45.85,0,normal
2026-01-02 00:30:00,notification-service,18.09,45.73,69.06,338.38,298.27,83.22,0.19,24.6,0,normal
2026-01-02 00:30:00,database,53.54,66.29,51.18,651.32,758.8,100.26,0.1,68.86,0,normal
2026-01-02 00:35:00,api-gateway,47.09,57.16,54.75,472.33,579.78,132.56,0.17,19.06,0,normal
2026-01-02 00:35:00,user-service,26.3,52.98,44.09,406.41,364.25,112.04,0.2,31.03,0,normal
2026-01-02 00:35:00,payment-service,42.11,56.96,44.74,533.1,501.5,175.29,0.23,45.88,0,normal
2026-01-02 00:35:00,notification-service,20.23,44.08,73.33,312.26,267.88,93.72,0.14,23.39,0,normal
2026-01-02 00:35:00,database,61.35,66.27,43.86,627.93,764.8,77.94,0.19,67.01,0,normal
2026-01-02 00:40:00,api-gateway,40.95,51.68,41.96,514.69,546.48,133.16,0.15,24.44,0,normal
2026-01-02 00:40:00,user-service,30.22,49.45,50.36,417.16,355.64,116.74,0.24,35.45,0,normal
2026-01-02 00:40:00,payment-service,40.33,58.9,52.17,568.72,506.72,164.79,0.25,46.19,0,normal
2026-01-02 00:40:00,notification-service,20.15,44.46,51.23,356.76,298.16,90.19,0.15,15.6,0,normal
2026-01-02 00:40:00,database,46.49,72.52,74.26,722.41,663.06,111.33,0.18,71.11,0,normal
2026-01-02 00:45:00,api-gateway,39.24,53.81,29.02,771.12,646.58,141.55,0.17,26.7,0,normal
2026-01-02 00:45:00,user-service,17.13,51.53,52.08,379.15,387.74,122.69,0.2,36.2,0,normal
2026-01-02 00:45:00,payment-service,46.95,62.54,57.82,495.84,524.51,156.36,0.2,47.73,0,normal
2026-01-02 00:45:00,notification-service,28.37,46.57,65.48,366.91,309.32,100.98,0.17,20.09,0,normal
2026-01-02 00:45:00,database,41.96,66.45,12.43,598.83,668.58,98.46,0.22,69.6,0,normal
2026-01-02 00:50:00,api-gateway,47.42,48.82,38.96,546.06,570.37,124.67,0.18,26.39,0,normal
2026-01-02 00:50:00,user-service,29.09,46.68,63.77,328.54,326.05,122.85,0.19,35.87,0,normal
2026-01-02 00:50:00,payment-service,49.23,58.28,44.97,426.46,479.34,181.32,0.18,51.3,0,normal
2026-01-02 00:50:00,notification-service,19.0,43.04,62.2,310.51,259.73,116.41,0.17,22.57,0,normal
2026-01-02 00:50:00,database,55.2,66.54,61.26,617.94,616.94,99.84,0.23,63.89,0,normal
2026-01-02 00:55:00,api-gateway,42.28,60.13,52.02,673.16,625.56,129.0,0.15,29.29,0,normal
2026-01-02 00:55:00,user-service,35.98,49.36,64.34,364.91,328.84,103.12,0.13,30.5,0,normal
2026-01-02 00:55:00,payment-service,42.84,60.19,36.63,459.44,465.65,165.29,0.22,48.03,0,normal
2026-01-02 00:55:00,notification-service,23.23,42.68,37.74,239.91,298.73,103.8,0.3,21.45,0,normal
2026-01-02 00:55:00,database,44.72,64.32,63.55,708.59,706.74,100.75,0.19,64.35,0,normal
2026-01-02 01:00:00,api-gateway,32.38,56.94,44.01,704.25,643.49,149.04,0.19,24.37,0,normal
2026-01-02 01:00:00,user-service,35.86,50.28,49.03,374.47,380.89,125.29,0.21,41.82,0,normal
2026-01-02 01:00:00,payment-service,39.85,60.02,55.79,457.69,483.43,152.98,0.24,41.13,0,normal
2026-01-02 01:00:00,notification-service,23.64,49.83,46.17,347.01,289.34,101.31,0.16,21.48,0,normal
2026-01-02 01:00:00,database,46.55,59.49,43.44,721.44,696.01,89.51,0.21,63.55,0,normal
2026-01-02 01:05:00,api-gateway,41.39,55.99,25.52,753.12,680.02,138.74,0.2,30.93,0,normal
2026-01-02 01:05:00,user-service,26.79,44.4,50.0,338.41,383.07,107.72,0.13,37.85,0,normal
2026-01-02 01:05:00,payment-service,50.68,66.61,58.76,460.56,491.2,170.54,0.16,44.07,0,normal
2026-01-02 01:05:00,notification-service,30.27,46.94,51.21,245.51,274.32,110.76,0.22,24.53,0,normal
2026-01-02 01:05:00,database,54.71,63.32,46.73,660.12,733.12,84.1,0.21,68.82,0,normal
2026-01-02 01:10:00,api-gateway,38.99,52.55,54.33,706.75,705.63,136.91,0.17,26.19,0,normal
2026-01-02 01:10:00,user-service,33.4,49.72,56.12,333.26,309.91,112.79,0.15,34.79,0,normal
2026-01-02 01:10:00,payment-service,41.89,60.21,27.17,546.95,516.88,163.68,0.13,50.48,0,normal
2026-01-02 01:10:00,notification-service,24.77,47.21,49.16,266.34,275.73,99.2,0.25,25.53,0,normal
2026-01-02 01:10:00,database,49.11,66.26,48.27,640.96,680.4,83.46,0.28,68.67,0,normal
2026-01-02 01:15:00,api-gateway,43.38,54.96,59.87,635.69,579.19,132.19,0.2,26.57,0,normal
2026-01-02 01:15:00,user-service,25.55,48.93,52.99,292.35,360.21,99.16,0.18,31.62,0,normal
2026-01-02 01:15:00,payment-service,39.98,60.99,50.3,438.68,468.17,168.92,0.17,42.7,0,normal
2026-01-02 01:15:00,notification-service,21.14,43.92,46.13,310.38,276.38,124.13,0.19,19.17,0,normal
2026-01-02 01:15:00,database,50.08,61.92,71.21,660.18,687.64,82.0,0.17,64.85,0,normal
2026-01-02 01:20:00,api-gateway,49.32,56.63,52.54,709.76,619.08,115.68,0.2,24.81,0,normal
2026-01-02 01:20:00,user-service,35.93,44.94,52.51,254.78,317.13,116.92,0.22,29.65,0,normal
2026-01-02 01:20:00,payment-service,42.01,62.14,45.03,512.86,510.1,167.66,0.17,47.69,0,normal
2026-01-02 01:20:00,notification-service,19.1,46.3,48.99,263.73,281.48,112.42,0.26,17.99,0,normal
2026-01-02 01:20:00,database,50.04,67.38,59.85,800.65,681.2,87.91,0.28,64.89,0,normal
2026-01-02 01:25:00,api-gateway,40.37,53.06,58.03,692.33,665.58,134.99,0.14,22.95,0,normal
2026-01-02 01:25:00,user-service,24.2,53.82,41.69,269.74,329.38,87.65,0.05,30.38,0,normal
2026-01-02 01:25:00,payment-service,45.42,56.06,45.39,435.97,472.82,157.97,0.21,48.19,0,normal
2026-01-02 01:25:00,notification-service,24.15,41.39,50.78,225.47,280.36,94.12,0.2,19.53,0,normal
2026-01-02 01:25:00,database,45.83,70.41,50.41,644.6,777.2,80.61,0.22,67.94,0,normal
2026-01-02 01:30:00,api-gateway,35.75,53.01,53.57,571.06,586.53,119.28,0.13,27.13,0,normal
2026-01-02 01:30:00,user-service,28.79,45.83,53.75,339.11,405.92,129.28,0.17,31.81,0,normal
2026-01-02 01:30:00,payment-service,47.56,67.64,45.94,557.73,492.71,181.2,0.13,45.47,0,normal
2026-01-02 01:30:00,notification-service,26.89,45.62,42.56,269.17,261.06,93.55,0.09,21.27,0,normal
2026-01-02 01:30:00,database,48.83,65.05,46.32,767.84,683.61,95.48,0.2,68.67,0,normal
2026-01-02 01:35:00,api-gateway,42.23,53.07,62.78,715.3,611.66,119.5,0.24,27.03,0,normal
2026-01-02 01:35:00,user-service,31.11,51.64,38.72,353.41,335.09,124.98,0.22,34.6,0,normal
2026-01-02 01:35:00,payment-service,40.4,58.28,62.65,633.8,575.7,152.95,0.12,50.0,0,normal
2026-01-02 01:35:00,notification-service,14.66,50.2,49.02,278.76,274.76,93.03,0.19,22.85,0,normal
2026-01-02 01:35:00,database,52.46,68.21,58.7,797.18,740.49,98.07,0.23,69.17,0,normal
2026-01-02 01:40:00,api-gateway,36.36,54.49,49.88,604.96,678.71,137.48,0.28,23.43,0,normal
2026-01-02 01:40:00,user-service,35.17,46.44,55.01,287.45,357.1,116.04,0.16,29.99,0,normal
2026-01-02 01:40:00,payment-service,42.65,61.49,52.94,531.12,502.14,179.18,0.24,49.29,0,normal
2026-01-02 01:40:00,notification-service,21.21,44.94,68.95,283.4,249.94,103.81,0.21,23.24,0,normal
2026-01-02 01:40:00,database,48.77,62.59,62.36,587.79,659.64,108.78,0.23,68.97,0,normal
2026-01-02 01:45:00,api-gateway,47.88,54.48,64.18,631.18,539.1,129.94,0.23,28.15,0,normal
2026-01-02 01:45:00,user-service,25.33,49.55,48.6,252.3,309.12,123.49,0.14,32.57,0,normal
2026-01-02 01:45:00,payment-service,47.89,61.33,48.34,520.75,560.62,174.02,0.21,49.61,0,normal
2026-01-02 01:45:00,notification-service,25.93,42.72,52.85,259.74,283.39,95.96,0.2,24.92,0,normal
2026-01-02 01:45:00,database,41.34,61.91,65.02,589.62,684.68,95.06,0.25,71.06,0,normal
2026-01-02 01:50:00,api-gateway,40.74,54.87,38.44,673.52,612.77,134.36,0.25,24.07,0,normal
2026-01-02 01:50:00,user-service,33.0,50.45,54.54,309.47,322.28,123.91,0.17,28.13,0,normal
2026-01-02 01:50:00,payment-service,42.95,63.53,51.06,431.13,412.74,150.55,0.15,48.0,0,normal
2026-01-02 01:50:00,notification-service,27.21,40.51,67.06,242.43,294.16,105.3,0.18,23.25,0,normal
2026-01-02 01:50:00,database,49.32,72.57,30.68,678.97,696.21,97.63,0.17,60.85,0,normal
2026-01-02 01:55:00,api-gateway,42.67,49.14,49.31,497.49,615.16,119.65,0.26,26.85,0,normal
2026-01-02 01:55:00,user-service,36.69,51.23,54.53,420.64,362.84,110.25,0.15,27.97,0,normal
2026-01-02 01:55:00,payment-service,49.47,62.21,42.27,439.45,527.56,170.54,0.2,51.52,0,normal
2026-01-02 01:55:00,notification-service,30.72,41.07,58.33,327.15,286.62,109.15,0.24,26.61,0,normal
2026-01-02 01:55:00,database,48.11,63.19,36.54,702.38,729.38,94.44,0.21,73.24,0,normal
2026-01-02 02:00:00,api-gateway,37.27,53.89,55.58,729.54,684.93,134.5,0.21,27.77,0,normal
2026-01-02 02:00:00,user-service,30.82,51.77,41.12,384.14,345.68,109.71,0.17,24.91,0,normal
2026-01-02 02:00:00,payment-service,46.17,57.42,73.02,401.97,500.83,163.58,0.17,46.69,0,normal
2026-01-02 02:00:00,notification-service,24.48,48.57,68.39,266.28,264.74,106.11,0.21,20.55,0,normal
2026-01-02 02:00:00,database,46.35,66.36,73.68,688.52,712.53,91.59,0.14,69.9,0,normal
2026-01-02 02:05:00,api-gateway,38.18,54.73,63.75,599.99,668.52,143.44,0.26,29.99,0,normal
2026-01-02 02:05:00,user-service,28.64,53.34,43.95,273.26,301.32,106.54,0.21,26.51,0,normal
2026-01-02 02:05:00,payment-service,44.36,55.26,48.68,526.48,512.03,155.72,0.25,45.94,0,normal
2026-01-02 02:05:00,notification-service,25.07,45.82,56.56,324.46,275.69,91.74,0.18,28.06,0,normal
2026-01-02 02:05:00,database,43.79,63.65,43.3,707.91,738.46,85.02,0.15,67.77,0,normal
2026-01-02 02:10:00,api-gateway,45.41,57.93,42.21,637.48,680.69,147.83,0.17,26.53,0,normal
2026-01-02 02:10:00,user-service,29.35,51.3,43.47,393.32,366.1,108.26,0.23,34.77,0,normal
2026-01-02 02:10:00,payment-service,51.59,64.91,46.13,518.74,509.31,168.96,0.13,44.76,0,normal
2026-01-02 02:10:00,notification-service,16.38,39.86,67.21,274.28,295.06,108.65,0.19,23.69,0,normal
2026-01-02 02:10:00,database,50.1,61.41,41.16,847.48,747.49,70.65,0.2,66.38,0,normal
2026-01-02 02:15:00,api-gateway,37.99,59.86,41.64,748.25,636.44,143.26,0.15,26.58,0,normal
2026-01-02 02:15:00,user-service,30.89,48.85,40.8,347.06,362.23,111.21,0.24,30.06,0,normal
2026-01-02 02:15:00,payment-service,38.08,57.24,40.68,585.78,519.75,164.59,0.27,44.44,0,normal
2026-01-02 02:15:00,notification-service,24.19,43.33,55.21,314.49,270.08,104.99,0.25,26.37,0,normal
2026-01-02 02:15:00,database,46.67,67.81,44.56,542.84,675.36,101.47,0.25,67.25,0,normal
2026-01-02 02:20:00,api-gateway,41.68,55.88,41.55,606.34,663.32,132.78,0.15,28.98,0,normal
2026-01-02 02:20:00,user-service,33.71,50.2,49.62,298.0,351.54,122.72,0.1,36.45,0,normal
2026-01-02 02:20:00,payment-service,43.7,59.01,62.29,395.81,476.17,149.54,0.2,45.16,0,normal
2026-01-02 02:20:00,notification-service,21.23,48.87,43.48,352.95,324.04,99.99,0.2,27.62,0,normal
2026-01-02 02:20:00,database,47.0,67.27,27.27,572.06,633.62,99.57,0.23,65.74,0,normal
2026-01-02 02:25:00,api-gateway,35.9,58.64,52.3,677.01,634.67,114.96,0.22,22.77,0,normal
2026-01-02 02:25:00,user-service,28.38,48.38,40.45,451.32,387.8,117.24,0.19,36.61,0,normal
2026-01-02 02:25:00,payment-service,45.89,62.89,32.11,360.02,436.07,156.82,0.22,45.2,0,normal
2026-01-02 02:25:00,notification-service,22.91,49.05,42.23,245.1,275.21,119.14,0.22,17.05,0,normal
2026-01-02 02:25:00,database,51.64,65.7,58.29,657.88,687.59,90.79,0.14,67.15,0,normal
2026-01-02 02:30:00,api-gateway,46.85,52.62,48.04,520.54,591.57,121.21,0.19,27.53,0,normal
2026-01-02 02:30:00,user-service,27.35,51.12,39.41,350.77,385.23,109.78,0.2,29.05,0,normal
2026-01-02 02:30:00,payment-service,52.74,57.1,47.1,368.76,436.2,160.84,0.19,47.01,0,normal
2026-01-02 02:30:00,notification-service,24.55,43.31,59.86,338.66,288.44,95.96,0.26,26.51,0,normal
2026-01-02 02:30:00,database,54.5,64.34,47.63,783.79,717.55,90.3,0.11,68.78,0,normal
2026-01-02 02:35:00,api-gateway,37.26,49.51,51.46,622.83,623.96,136.43,0.24,25.99,0,normal
2026-01-02 02:35:00,user-service,29.49,46.73,59.19,316.04,367.51,100.35,0.17,32.67,0,normal
2026-01-02 02:35:00,payment-service,38.88,59.34,52.83,473.04,516.1,155.21,0.19,48.73,0,normal
2026-01-02 02:35:00,notification-service,28.68,44.98,42.2,310.49,277.23,99.43,0.23,17.35,0,normal
2026-01-02 02:35:00,database,43.86,61.5,69.47,820.97,705.88,95.04,0.09,66.21,0,normal
2026-01-02 02:40:00,api-gateway,36.9,52.15,39.29,633.13,630.14,128.48,0.23,24.69,0,normal
2026-01-02 02:40:00,user-service,33.69,50.0,40.74,443.25,383.33,99.39,0.28,34.55,0,normal
2026-01-02 02:40:00,payment-service,41.07,57.42,43.49,528.87,450.79,155.63,0.19,45.47,0,normal
2026-01-02 02:40:00,notification-service,27.04,47.02,52.94,294.36,264.84,87.91,0.26,19.84,0,normal
2026-01-02 02:40:00,database,43.02,65.02,49.12,783.63,678.26,93.49,0.13,63.42,0,normal
2026-01-02 02:45:00,api-gateway,38.72,53.93,42.92,713.08,619.51,132.87,0.17,25.91,0,normal
2026-01-02 02:45:00,user-service,27.11,46.79,57.59,307.15,308.2,115.0,0.12,32.12,0,normal
2026-01-02 02:45:00,payment-service,42.66,57.67,57.05,448.26,451.07,154.16,0.23,45.09,0,normal
2026-01-02 02:45:00,notification-service,24.24,49.26,38.37,270.79,266.02,106.01,0.23,16.83,0,normal
2026-01-02 02:45:00,database,39.48,64.25,51.09,879.92,770.34,101.51,0.3,68.75,0,normal
2026-01-02 02:50:00,api-gateway,38.51,53.9,52.91,693.34,686.35,131.78,0.22,30.2,0,normal
2026-01-02 02:50:00,user-service,33.55,47.48,49.03,380.49,369.88,138.18,0.22,34.47,0,normal
2026-01-02 02:50:00,payment-service,46.24,61.2,42.84,553.5,548.66,168.1,0.2,46.39,0,normal
2026-01-02 02:50:00,notification-service,22.11,44.63,50.27,311.71,279.11,93.35,0.21,17.15,0,normal
2026-01-02 02:50:00,database,48.59,64.56,60.36,717.92,796.46,86.28,0.27,68.04,0,normal
2026-01-02 02:55:00,api-gateway,38.55,58.16,45.01,681.29,668.45,138.99,0.28,26.44,0,normal
2026-01-02 02:55:00,user-service,27.17,44.61,65.09,419.08,379.94,129.05,0.13,36.68,0,normal
2026-01-02 02:55:00,payment-service,53.16,61.41,62.49,603.39,503.37,170.71,0.17,48.62,0,normal
2026-01-02 02:55:00,notification-service,23.78,42.29,51.37,225.65,272.0,100.27,0.17,20.7,0,normal
2026-01-02 02:55:00,database,48.61,64.45,42.36,567.94,683.8,98.57,0.17,67.07,0,normal
2026-01-02 03:00:00,api-gateway,40.43,56.94,54.79,509.8,558.66,137.35,0.21,29.32,0,normal
2026-01-02 03:00:00,user-service,35.61,52.49,54.06,338.42,353.9,123.53,0.2,31.29,0,normal
2026-01-02 03:00:00,payment-service,43.63,58.78,43.17,525.08,531.03,166.47,0.2,46.53,0,normal
2026-01-02 03:00:00,notification-service,22.67,41.65,39.96,270.03,302.17,98.11,0.14,19.06,0,normal
2026-01-02 03:00:00,database,52.76,63.14,47.33,844.09,725.53,81.18,0.24,77.11,0,normal
2026-01-02 03:05:00,api-gateway,45.42,53.85,51.59,565.37,669.11,108.51,0.23,24.77,0,normal
2026-01-02 03:05:00,user-service,28.15,47.12,58.15,376.14,316.0,112.12,0.25,33.38,0,normal
2026-01-02 03:05:00,payment-service,51.93,65.23,44.52,396.32,479.3,170.69,0.11,41.82,0,normal
2026-01-02 03:05:00,notification-service,21.48,51.82,61.93,262.09,264.61,112.63,0.28,16.97,0,normal
2026-01-02 03:05:00,database,48.87,65.78,54.12,807.34,685.94,89.32,0.25,67.3,0,normal
2026-01-02 03:10:00,api-gateway,47.77,51.46,54.22,523.04,565.51,134.77,0.18,21.06,0,normal
2026-01-02 03:10:00,user-service,30.06,51.91,53.23,270.91,329.38,121.3,0.29,37.56,0,normal
2026-01-02 03:10:00,payment-service,46.58,62.1,39.15,635.61,535.43,172.53,0.22,47.19,0,normal
2026-01-02 03:10:00,notification-service,23.98,42.14,53.53,331.84,305.38,87.0,0.16,20.37,0,normal
2026-01-02 03:10:00,database,52.78,65.59,54.49,574.91,681.56,73.29,0.25,63.89,0,normal
2026-01-02 03:15:00,api-gateway,38.67,57.23,58.4,623.73,708.67,135.82,0.12,33.1,0,normal
2026-01-02 03:15:00,user-service,35.43,54.78,40.4,246.24,293.58,101.59,0.2,30.19,0,normal
2026-01-02 03:15:00,payment-service,42.1,65.13,57.75,400.71,428.57,149.88,0.29,47.3,0,normal
2026-01-02 03:15:00,notification-service,21.11,45.58,51.63,268.7,308.63,111.85,0.22,21.08,0,normal
2026-01-02 03:15:00,database,43.38,67.73,48.5,663.39,626.6,98.42,0.13,67.94,0,normal
2026-01-02 03:20:00,api-gateway,36.6,56.18,52.82,584.95,584.33,136.57,0.14,23.96,0,normal
2026-01-02 03:20:00,user-service,25.12,55.37,35.7,358.04,345.45,100.31,0.26,36.56,0,normal
2026-01-02 03:20:00,payment-service,42.16,56.49,50.1,449.61,462.62,145.1,0.21,48.76,0,normal
2026-01-02 03:20:00,notification-service,20.35,47.43,51.64,225.24,252.0,112.01,0.21,22.0,0,normal
2026-01-02 03:20:00,database,49.62,66.48,52.32,671.85,716.35,83.02,0.21,67.76,0,normal
2026-01-02 03:25:00,api-gateway,41.38,48.78,62.44,638.9,633.26,143.13,0.16,29.54,0,normal
2026-01-02 03:25:00,user-service,29.68,50.41,51.21,304.78,324.33,110.75,0.2,32.59,0,normal
2026-01-02 03:25:00,payment-service,42.36,63.05,49.79,447.11,467.63,169.8,0.2,45.39,0,normal
2026-01-02 03:25:00,notification-service,27.14,43.04,33.72,213.03,255.03,101.75,0.23,25.82,0,normal
2026-01-02 03:25:00,database,47.17,63.81,74.27,615.5,611.52,119.95,0.23,60.91,0,normal
2026-01-02 03:30:00,api-gateway,40.41,55.29,38.64,595.99,617.46,131.12,0.15,24.36,0,normal
2026-01-02 03:30:00,user-service,17.56,46.31,63.74,353.48,360.13,115.46,0.18,33.94,0,normal
2026-01-02 03:30:00,payment-service,41.5,62.83,59.65,476.7,464.82,163.19,0.13,50.04,0,normal
2026-01-02 03:30:00,notification-service,25.7,44.73,38.12,265.9,294.42,119.51,0.27,24.52,0,normal
2026-01-02 03:30:00,database,45.1,70.95,71.18,679.04,741.03,97.14,0.12,69.37,0,normal
2026-01-02 03:35:00,api-gateway,42.52,56.86,60.48,621.83,574.89,124.0,0.26,23.22,0,normal
2026-01-02 03:35:00,user-service,35.39,45.63,52.64,379.67,326.55,106.81,0.16,32.97,0,normal
2026-01-02 03:35:00,payment-service,48.46,59.12,51.07,565.79,498.44,156.09,0.19,49.56,0,normal
2026-01-02 03:35:00,notification-service,20.49,41.16,58.15,265.51,290.5,103.81,0.24,19.55,0,normal
2026-01-02 03:35:00,database,53.66,63.65,57.27,675.01,604.87,84.11,0.09,60.61,0,normal
2026-01-02 03:40:00,api-gateway,36.89,59.63,33.89,525.51,626.49,121.61,0.23,27.0,0,normal
2026-01-02 03:40:00,user-service,21.44,47.64,56.69,354.99,327.0,109.36,0.18,29.47,0,normal
2026-01-02 03:40:00,payment-service,51.71,58.03,46.59,513.96,446.18,149.64,0.25,41.15,0,normal
2026-01-02 03:40:00,notification-service,32.18,42.08,78.0,321.62,274.93,114.58,0.14,21.79,0,normal
2026-01-02 03:40:00,database,50.33,66.53,70.7,654.32,670.65,87.69,0.26,67.21,0,normal
2026-01-02 03:45:00,api-gateway,36.2,55.97,38.51,711.65,668.45,120.34,0.18,30.54,0,normal
2026-01-02 03:45:00,user-service,35.11,53.59,52.82,335.65,316.47,116.98,0.18,31.19,0,normal
2026-01-02 03:45:00,payment-service,45.01,60.03,46.37,646.43,545.29,165.44,0.15,45.75,0,normal
2026-01-02 03:45:00,notification-service,25.67,46.57,50.66,321.57,276.94,125.55,0.26,23.32,0,normal
2026-01-02 03:45:00,database,49.21,67.68,52.88,934.97,783.9,85.27,0.18,64.26,0,normal
2026-01-02 03:50:00,api-gateway,40.84,55.02,60.2,628.18,661.43,128.34,0.29,28.55,0,normal
2026-01-02 03:50:00,user-service,28.03,50.75,61.04,354.17,363.37,101.17,0.23,27.74,0,normal
2026-01-02 03:50:00,payment-service,44.61,61.35,65.58,509.1,474.2,152.18,0.23,50.48,0,normal
2026-01-02 03:50:00,notification-service,32.67,48.3,51.51,218.21,266.42,81.95,0.12,22.63,0,normal
2026-01-02 03:50:00,database,52.27,63.36,58.72,603.37,607.42,82.27,0.22,69.89,0,normal
2026-01-02 03:55:00,api-gateway,37.78,63.23,45.53,648.94,622.52,138.51,0.17,31.82,0,normal
2026-01-02 03:55:00,user-service,28.9,51.05,36.68,372.11,326.94,88.37,0.18,34.7,0,normal
2026-01-02 03:55:00,payment-service,40.05,47.94,47.29,615.19,522.94,155.49,0.2,46.35,0,normal
2026-01-02 03:55:00,notification-service,28.36,44.66,53.5,250.29,280.67,104.18,0.22,20.22,0,normal
2026-01-02 03:55:00,database,50.57,61.85,32.24,688.64,745.04,97.79,0.25,69.04,0,normal
2026-01-02 04:00:00,api-gateway,46.54,50.37,51.85,477.7,573.07,144.26,0.18,26.12,0,normal
2026-01-02 04:00:00,user-service,27.65,51.69,72.73,364.54,365.8,106.54,0.27,29.25,0,normal
2026-01-02 04:00:00,payment-service,48.59,58.24,48.0,486.59,456.12,168.12,0.26,48.48,0,normal
2026-01-02 04:00:00,notification-service,30.32,46.52,48.68,297.82,319.78,106.74,0.28,24.01,0,normal
2026-01-02 04:00:00,database,48.94,62.4,39.97,778.67,742.82,87.17,0.11,65.87,0,normal
2026-01-02 04:05:00,api-gateway,42.16,57.64,53.68,657.24,563.29,157.05,0.25,29.37,0,normal
2026-01-02 04:05:00,user-service,29.11,50.43,51.3,485.97,427.41,129.67,0.2,36.29,0,normal
2026-01-02 04:05:00,payment-service,44.76,59.25,54.48,432.69,437.35,167.39,0.14,44.74,0,normal
2026-01-02 04:05:00,notification-service,29.74,47.69,51.15,337.7,301.13,103.42,0.37,25.66,0,normal
2026-01-02 04:05:00,database,49.57,60.53,52.02,734.54,634.41,100.56,0.26,63.99,0,normal
2026-01-02 04:10:00,api-gateway,42.46,48.51,32.7,658.21,688.96,144.52,0.21,29.77,0,normal
2026-01-02 04:10:00,user-service,25.96,49.65,61.47,345.54,330.58,72.58,0.11,28.27,0,normal
2026-01-02 04:10:00,payment-service,44.39,57.28,68.55,533.32,471.45,159.25,0.19,46.08,0,normal
2026-01-02 04:10:00,notification-service,25.25,45.72,45.13,309.04,287.56,103.75,0.21,23.64,0,normal
2026-01-02 04:10:00,database,52.07,64.42,63.41,607.2,687.98,94.1,0.19,65.46,0,normal
2026-01-02 04:15:00,api-gateway,33.26,55.4,42.38,515.28,634.16,134.4,0.21,23.9,0,normal
2026-01-02 04:15:00,user-service,25.18,48.8,43.38,366.1,353.04,114.9,0.21,35.61,0,normal
2026-01-02 04:15:00,payment-service,43.16,60.23,63.42,539.97,503.97,167.3,0.24,48.14,0,normal
2026-01-02 04:15:00,notification-service,28.27,41.76,44.56,285.05,291.34,89.54,0.2,22.75,0,normal
2026-01-02 04:15:00,database,44.53,62.28,54.86,681.13,741.29,75.15,0.26,64.07,0,normal
2026-01-02 04:20:00,api-gateway,34.57,57.05,48.59,587.18,659.07,137.54,0.22,34.32,0,normal
2026-01-02 04:20:00,user-service,29.11,44.94,73.34,319.03,328.59,119.07,0.25,33.85,0,normal
2026-01-02 04:20:00,payment-service,45.74,57.51,60.03,407.09,491.94,156.5,0.32,48.49,0,normal
2026-01-02 04:20:00,notification-service,26.29,44.45,38.03,287.7,305.31,101.05,0.19,24.77,0,normal
2026-01-02 04:20:00,database,48.3,65.4,30.37,795.0,671.98,97.06,0.17,66.68,0,normal
2026-01-02 04:25:00,api-gateway,41.05,58.06,66.31,706.76,604.11,138.49,0.17,24.53,0,normal
2026-01-02 04:25:00,user-service,26.01,45.48,41.74,387.57,336.95,123.4,0.14,31.21,0,normal
2026-01-02 04:25:00,payment-service,51.04,60.35,49.1,389.82,459.66,162.11,0.13,45.51,0,normal
2026-01-02 04:25:00,notification-service,21.49,45.65,45.7,318.44,275.5,104.44,0.22,21.81,0,normal
2026-01-02 04:25:00,database,49.81,67.33,54.97,725.78,675.67,101.24,0.25,69.33,0,normal
2026-01-02 04:30:00,api-gateway,39.82,54.45,53.73,484.13,558.93,149.2,0.17,28.99,0,normal
2026-01-02 04:30:00,user-service,24.0,52.19,48.67,403.88,354.19,125.51,0.22,33.91,0,normal
2026-01-02 04:30:00,payment-service,40.09,59.85,34.95,459.73,453.2,155.23,0.21,43.82,0,normal
2026-01-02 04:30:00,notification-service,29.08,48.02,53.29,254.57,259.84,105.67,0.24,20.57,0,normal
2026-01-02 04:30:00,database,44.77,65.49,43.76,647.73,598.08,95.26,0.21,63.25,0,normal
2026-01-02 04:35:00,api-gateway,35.36,57.98,45.62,692.29,617.54,130.85,0.24,21.26,0,normal
2026-01-02 04:35:00,user-service,33.67,41.54,62.73,268.07,318.34,121.07,0.18,34.17,0,normal
2026-01-02 04:35:00,payment-service,45.17,67.85,52.35,502.1,487.79,149.02,0.18,47.33,0,normal
2026-01-02 04:35:00,notification-service,24.56,41.63,41.41,292.81,296.44,105.63,0.21,19.86,0,normal
2026-01-02 04:35:00,database,49.62,65.92,71.92,829.81,701.37,101.07,0.28,67.94,0,normal
2026-01-02 04:40:00,api-gateway,40.81,57.26,34.95,564.81,658.79,114.4,0.25,22.66,0,normal
2026-01-02 04:40:00,user-service,34.55,47.81,52.79,418.29,360.04,113.55,0.16,34.72,0,normal
2026-01-02 04:40:00,payment-service,45.41,58.02,52.66,640.33,540.4,173.43,0.2,49.42,0,normal
2026-01-02 04:40:00,notification-service,27.07,43.73,38.47,218.29,268.06,103.82,0.16,21.92,0,normal
2026-01-02 04:40:00,database,50.06,60.71,54.31,779.83,713.99,107.14,0.19,67.5,0,normal
2026-01-02 04:45:00,api-gateway,41.13,57.13,57.3,614.6,640.64,123.52,0.21,32.87,0,normal
2026-01-02 04:45:00,user-service,27.11,44.79,54.53,341.91,344.06,117.15,0.12,32.33,0,normal
2026-01-02 04:45:00,payment-service,39.52,60.7,56.71,420.2,472.56,154.7,0.23,41.6,0,normal
2026-01-02 04:45:00,notification-service,26.5,50.34,67.1,287.65,252.39,108.29,0.24,23.22,0,normal
2026-01-02 04:45:00,database,53.8,67.62,38.19,747.03,760.49,88.89,0.2,63.69,0,normal
2026-01-02 04:50:00,api-gateway,43.44,56.17,71.06,622.45,601.03,144.6,0.25,23.43,0,normal
2026-01-02 04:50:00,user-service,29.05,50.1,66.59,341.43,369.1,109.6,0.17,27.49,0,normal
2026-01-02 04:50:00,payment-service,46.02,60.15,43.19,493.86,512.47,166.35,0.18,41.66,0,normal
2026-01-02 04:50:00,notification-service,21.85,43.43,48.58,256.68,266.82,94.32,0.14,25.65,0,normal
2026-01-02 04:50:00,database,45.2,65.31,31.6,590.82,703.96,92.63,0.22,72.06,0,normal
2026-01-02 04:55:00,api-gateway,46.06,63.71,56.83,491.44,573.08,149.59,0.23,25.7,0,normal
2026-01-02 04:55:00,user-service,29.82,47.24,50.39,388.66,332.39,128.46,0.26,26.94,0,normal
2026-01-02 04:55:00,payment-service,45.53,60.23,64.28,395.52,472.87,165.54,0.21,43.52,0,normal
2026-01-02 04:55:00,notification-service,29.39,47.73,45.43,351.28,316.34,113.77,0.26,25.01,0,normal
2026-01-02 04:55:00,database,41.29,66.1,55.3,749.97,632.25,92.97,0.23,61.68,0,normal
2026-01-02 05:00:00,api-gateway,34.11,49.47,55.99,713.6,646.29,126.17,0.22,31.5,0,normal
2026-01-02 05:00:00,user-service,34.66,48.13,41.35,376.03,368.46,123.07,0.17,31.66,0,normal
2026-01-02 05:00:00,payment-service,36.86,63.49,44.63,466.74,463.82,163.0,0.22,39.94,0,normal
2026-01-02 05:00:00,notification-service,21.87,46.04,33.88,279.71,250.32,96.91,0.14,17.36,0,normal
2026-01-02 05:00:00,database,40.82,61.05,63.43,629.17,701.1,100.12,0.29,68.14,0,normal
2026-01-02 05:05:00,api-gateway,39.63,57.98,62.13,682.37,619.62,143.31,0.22,27.72,0,normal
2026-01-02 05:05:00,user-service,20.23,51.38,50.33,390.43,388.97,110.4,0.28,38.05,0,normal
2026-01-02 05:05:00,payment-service,43.96,65.36,35.76,435.77,543.75,174.01,0.12,48.46,0,normal
2026-01-02 05:05:00,notification-service,24.34,49.23,43.04,298.36,272.92,103.84,0.22,16.74,0,normal
2026-01-02 05:05:00,database,44.43,66.14,56.58,670.93,743.26,86.72,0.25,65.51,0,normal
2026-01-02 05:10:00,api-gateway,36.25,60.4,57.16,763.37,718.58,130.47,0.21,25.43,0,normal
2026-01-02 05:10:00,user-service,27.08,47.86,44.04,393.41,372.79,99.7,0.23,30.24,0,normal
2026-01-02 05:10:00,payment-service,45.41,56.47,58.0,413.74,438.44,168.82,0.15,44.4,0,normal
2026-01-02 05:10:00,notification-service,26.12,44.93,57.14,268.37,268.26,111.51,0.16,18.88,0,normal
2026-01-02 05:10:00,database,46.33,63.64,55.62,875.64,760.47,118.33,0.24,65.49,0,normal
2026-01-02 05:15:00,api-gateway,37.23,59.1,54.23,772.01,647.56,133.99,0.15,27.67,0,normal
2026-01-02 05:15:00,user-service,32.29,52.1,49.28,337.06,375.54,126.19,0.11,32.23,0,normal
2026-01-02 05:15:00,payment-service,39.99,58.65,26.63,478.67,455.31,163.61,0.24,48.99,0,normal
2026-01-02 05:15:00,notification-service,23.78,43.74,66.83,269.19,275.94,104.7,0.16,21.79,0,normal
2026-01-02 05:15:00,database,49.24,67.22,44.56,527.37,625.64,98.86,0.18,67.19,0,normal
2026-01-02 05:20:00,api-gateway,34.43,52.7,53.0,744.67,631.8,116.19,0.2,24.25,0,normal
2026-01-02 05:20:00,user-service,26.44,49.52,36.68,248.52,300.52,101.63,0.23,30.03,0,normal
2026-01-02 05:20:00,payment-service,41.03,59.05,26.29,534.82,570.77,165.79,0.25,46.09,0,normal
2026-01-02 05:20:00,notification-service,23.87,44.66,39.19,311.64,269.38,106.79,0.21,23.77,0,normal
2026-01-02 05:20:00,database,50.82,63.79,51.11,654.64,659.94,100.65,0.07,71.05,0,normal
2026-01-02 05:25:00,api-gateway,37.08,62.32,42.91,592.01,551.89,136.04,0.21,25.52,0,normal
2026-01-02 05:25:00,user-service,29.22,50.86,50.84,425.65,398.59,113.27,0.15,32.11,0,normal
2026-01-02 05:25:00,payment-service,46.98,60.21,66.86,524.98,462.38,190.17,0.12,43.76,0,normal
2026-01-02 05:25:00,notification-service,18.73,46.5,37.92,280.97,284.59,106.97,0.25,22.18,0,normal
2026-01-02 05:25:00,database,50.2,58.29,51.9,848.64,781.74,98.88,0.2,72.2,0,normal
2026-01-02 05:30:00,api-gateway,44.85,55.44,64.84,734.61,628.67,145.34,0.19,24.25,0,normal
2026-01-02 05:30:00,user-service,26.0,46.14,53.73,348.69,333.09,118.01,0.21,29.11,0,normal
2026-01-02 05:30:00,payment-service,44.45,62.02,56.67,538.65,460.04,178.31,0.21,48.73,0,normal
2026-01-02 05:30:00,notification-service,24.11,45.49,67.57,278.09,293.48,103.66,0.2,19.41,0,normal
2026-01-02 05:30:00,database,46.95,61.54,63.82,649.65,715.09,85.5,0.3,69.44,0,normal
2026-01-02 05:35:00,api-gateway,36.45,57.08,55.76,482.08,569.5,137.1,0.16,24.72,0,normal
2026-01-02 05:35:00,user-service,31.27,53.53,49.49,300.11,361.61,101.62,0.15,32.29,0,normal
2026-01-02 05:35:00,payment-service,33.75,57.56,43.02,456.81,482.08,157.9,0.26,46.67,0,normal
2026-01-02 05:35:00,notification-service,29.67,49.87,20.88,278.05,262.81,83.63,0.18,21.85,0,normal
2026-01-02 05:35:00,database,57.22,67.56,47.38,662.82,627.77,96.21,0.04,67.94,0,normal
2026-01-02 05:40:00,api-gateway,30.61,58.97,42.47,638.99,540.0,131.53,0.11,26.55,0,normal
2026-01-02 05:40:00,user-service,25.39,53.9,54.54,371.31,342.61,117.65,0.18,27.29,0,normal
2026-01-02 05:40:00,payment-service,41.91,57.4,77.36,312.19,386.62,164.54,0.23,55.38,0,normal
2026-01-02 05:40:00,notification-service,28.06,48.03,56.81,243.05,291.38,106.35,0.29,19.36,0,normal
2026-01-02 05:40:00,database,52.3,69.66,54.17,542.24,628.54,92.97,0.22,64.28,0,normal
2026-01-02 05:45:00,api-gateway,40.81,57.36,47.26,598.12,633.65,126.65,0.23,29.84,0,normal
2026-01-02 05:45:00,user-service,26.43,50.78,46.85,336.88,353.7,110.84,0.22,34.72,0,normal
2026-01-02 05:45:00,payment-service,42.28,64.28,53.13,468.48,498.1,170.57,0.11,48.34,0,normal
2026-01-02 05:45:00,notification-service,19.32,46.79,54.17,278.75,254.17,88.65,0.23,20.46,0,normal
2026-01-02 05:45:00,database,49.53,61.56,53.75,675.17,680.72,89.49,0.14,73.95,0,normal
2026-01-02 05:50:00,api-gateway,46.61,53.43,46.59,633.58,593.57,152.38,0.15,22.87,0,normal
2026-01-02 05:50:00,user-service,27.33,52.97,42.52,319.69,348.41,108.0,0.27,30.84,0,normal
2026-01-02 05:50:00,payment-service,50.47,58.97,61.18,400.36,426.01,154.45,0.27,48.31,0,normal
2026-01-02 05:50:00,notification-service,19.28,46.02,58.81,328.18,290.04,99.33,0.23,26.46,0,normal
2026-01-02 05:50:00,database,46.65,68.88,46.86,587.51,656.88,85.38,0.16,66.94,0,normal
2026-01-02 05:55:00,api-gateway,36.58,54.0,47.04,619.67,627.92,120.78,0.23,29.0,0,normal
2026-01-02 05:55:00,user-service,26.1,56.45,41.29,458.6,387.66,105.46,0.16,36.0,0,normal
2026-01-02 05:55:00,payment-service,38.24,59.39,46.43,401.3,463.93,152.91,0.23,49.61,0,normal
2026-01-02 05:55:00,notification-service,23.16,42.15,45.66,313.03,277.77,106.58,0.17,28.73,0,normal
2026-01-02 05:55:00,database,51.98,61.65,57.1,633.82,727.98,84.82,0.15,66.75,0,normal
2026-01-02 06:00:00,api-gateway,33.92,53.0,35.09,568.27,691.77,129.76,0.19,27.64,0,normal
2026-01-02 06:00:00,user-service,34.61,48.97,33.41,320.14,340.0,120.76,0.19,33.08,0,normal
2026-01-02 06:00:00,payment-service,42.31,57.79,61.39,618.14,525.17,187.78,0.22,52.96,0,normal
2026-01-02 06:00:00,notification-service,21.92,42.5,31.01,226.65,235.48,105.75,0.21,19.47,0,normal
2026-01-02 06:00:00,database,55.41,62.64,59.01,721.79,727.18,85.84,0.19,59.23,0,normal
2026-01-02 06:05:00,api-gateway,34.68,56.62,51.42,667.28,602.47,113.78,0.28,27.78,0,normal
2026-01-02 06:05:00,user-service,24.92,50.48,26.08,315.94,383.98,121.0,0.16,34.01,0,normal
2026-01-02 06:05:00,payment-service,47.19,59.29,56.71,487.72,502.14,164.13,0.19,45.95,0,normal
2026-01-02 06:05:00,notification-service,33.57,47.17,61.67,233.66,257.42,104.76,0.19,20.89,0,normal
2026-01-02 06:05:00,database,49.37,67.03,54.75,553.59,675.47,81.48,0.17,71.09,0,normal
2026-01-02 06:10:00,api-gateway,37.75,55.33,54.38,720.03,677.62,151.41,0.21,24.4,0,normal
2026-01-02 06:10:00,user-service,31.13,49.88,34.89,373.95,363.0,117.78,0.27,34.82,0,normal
2026-01-02 06:10:00,payment-service,40.52,64.48,51.92,359.29,434.41,143.64,0.18,41.39,0,normal
2026-01-02 06:10:00,notification-service,27.44,44.12,48.08,294.25,311.84,97.73,0.2,26.2,0,normal
2026-01-02 06:10:00,database,49.75,64.03,51.38,636.68,771.01,106.6,0.19,64.32,0,normal
2026-01-02 06:15:00,api-gateway,40.14,60.11,37.01,683.25,610.14,135.39,0.19,22.58,0,normal
2026-01-02 06:15:00,user-service,28.49,47.5,61.63,347.47,320.71,118.77,0.29,30.97,0,normal
2026-01-02 06:15:00,payment-service,50.87,61.02,61.02,546.97,484.64,177.32,0.25,48.81,0,normal
2026-01-02 06:15:00,notification-service,30.8,50.41,55.51,265.29,257.21,100.52,0.23,20.32,0,normal
2026-01-02 06:15:00,database,51.08,61.94,60.6,797.33,689.9,85.84,0.2,68.91,0,normal
2026-01-02 06:20:00,api-gateway,38.28,49.76,65.21,692.65,609.08,131.71,0.22,28.83,0,normal
2026-01-02 06:20:00,user-service,29.27,55.57,43.98,405.29,343.43,128.38,0.24,34.63,0,normal
2026-01-02 06:20:00,payment-service,42.71,62.52,43.02,631.83,555.3,178.15,0.21,50.98,0,normal
2026-01-02 06:20:00,notification-service,27.57,46.33,54.01,297.01,278.37,108.72,0.16,23.34,0,normal
2026-01-02 06:20:00,database,52.79,60.85,56.07,732.31,690.93,72.89,0.23,71.43,0,normal
2026-01-02 06:25:00,api-gateway,40.35,58.25,62.07,574.05,581.54,127.3,0.14,26.01,0,normal
2026-01-02 06:25:00,user-service,30.05,49.42,41.5,433.58,364.83,127.38,0.17,28.15,0,normal
2026-01-02 06:25:00,payment-service,39.88,60.61,50.38,566.85,480.24,170.32,0.17,40.67,0,normal
2026-01-02 06:25:00,notification-service,20.97,49.43,38.4,283.55,282.87,89.68,0.17,21.07,0,normal
2026-01-02 06:25:00,database,42.42,65.39,54.24,772.6,686.0,92.09,0.21,64.26,0,normal
2026-01-02 06:30:00,api-gateway,44.55,51.64,21.85,632.19,655.72,129.84,0.19,32.58,0,normal
2026-01-02 06:30:00,user-service,19.8,50.24,54.07,399.55,344.93,119.24,0.19,32.98,0,normal
2026-01-02 06:30:00,payment-service,39.72,57.19,40.65,467.96,444.91,173.57,0.17,45.91,0,normal
2026-01-02 06:30:00,notification-service,28.97,47.56,40.77,295.68,303.92,103.64,0.17,25.35,0,normal
2026-01-02 06:30:00,database,46.22,68.59,43.85,898.48,752.85,103.87,0.23,69.2,0,normal
2026-01-02 06:35:00,api-gateway,33.52,55.95,54.25,678.58,713.6,146.14,0.19,24.63,0,normal
2026-01-02 06:35:00,user-service,33.78,48.16,42.73,327.76,318.25,109.34,0.14,35.72,0,normal
2026-01-02 06:35:00,payment-service,50.02,61.02,48.74,485.8,463.09,170.89,0.25,50.08,0,normal
2026-01-02 06:35:00,notification-service,22.93,49.99,41.52,228.3,277.89,109.29,0.21,26.3,0,normal
2026-01-02 06:35:00,database,56.09,67.07,64.3,716.81,670.83,103.67,0.15,62.0,0,normal
2026-01-02 06:40:00,api-gateway,39.98,54.84,43.24,562.84,641.77,121.29,0.24,29.74,0,normal
2026-01-02 06:40:00,user-service,35.11,51.71,60.67,318.62,367.69,107.9,0.15,31.42,0,normal
2026-01-02 06:40:00,payment-service,40.62,54.77,51.36,402.31,474.44,174.96,0.14,49.69,0,normal
2026-01-02 06:40:00,notification-service,21.79,43.54,48.6,219.93,261.96,105.07,0.26,20.06,0,normal
2026-01-02 06:40:00,database,45.77,62.71,64.47,720.93,677.98,104.0,0.16,61.82,0,normal
2026-01-02 06:45:00,api-gateway,35.45,55.09,38.04,713.34,640.98,124.24,0.29,28.36,0,normal
2026-01-02 06:45:00,user-service,33.85,48.76,51.65,309.56,378.11,105.68,0.16,32.41,0,normal
2026-01-02 06:45:00,payment-service,35.51,57.55,51.73,626.57,529.62,177.62,0.18,47.13,0,normal
2026-01-02 06:45:00,notification-service,21.44,41.59,68.22,289.4,288.93,109.39,0.19,22.65,0,normal
2026-01-02 06:45:00,database,48.36,70.29,61.39,577.85,652.66,84.12,0.19,62.36,0,normal
2026-01-02 06:50:00,api-gateway,40.97,57.32,41.41,614.62,591.43,122.58,0.24,24.45,0,normal
2026-01-02 06:50:00,user-service,33.32,52.08,37.95,382.37,322.95,90.11,0.1,31.51,0,normal
2026-01-02 06:50:00,payment-service,46.61,62.52,55.83,466.11,465.15,141.21,0.32,44.69,0,normal
2026-01-02 06:50:00,notification-service,25.73,46.84,53.73,343.6,293.52,95.56,0.21,19.59,0,normal
2026-01-02 06:50:00,database,46.65,65.04,40.56,833.8,708.6,82.49,0.19,64.71,0,normal
2026-01-02 06:55:00,api-gateway,34.42,51.27,63.97,715.66,607.27,137.86,0.25,29.76,0,normal
2026-01-02 06:55:00,user-service,33.75,53.67,63.44,361.49,357.98,127.67,0.23,32.28,0,normal
2026-01-02 06:55:00,payment-service,41.03,61.55,63.56,440.67,468.17,153.34,0.12,46.36,0,normal
2026-01-02 06:55:00,notification-service,29.44,45.12,55.2,338.1,286.53,106.44,0.12,25.71,0,normal
2026-01-02 06:55:00,database,48.69,65.34,55.06,583.36,699.42,99.27,0.2,69.51,0,normal
2026-01-02 07:00:00,api-gateway,48.44,53.48,40.45,1145.97,974.21,128.24,0.27,25.78,0,normal
2026-01-02 07:00:00,user-service,38.1,52.58,64.36,423.76,491.86,109.91,0.18,41.45,0,normal
2026-01-02 07:00:00,payment-service,51.76,58.06,52.04,718.89,674.71,150.16,0.13,48.98,0,normal
2026-01-02 07:00:00,notification-service,27.77,43.08,49.98,422.27,376.26,104.8,0.15,30.62,0,normal
2026-01-02 07:00:00,database,56.26,68.52,36.64,957.47,950.83,94.26,0.21,66.67,0,normal
2026-01-02 07:05:00,api-gateway,44.13,58.53,69.1,787.4,870.28,148.09,0.28,29.24,0,normal
2026-01-02 07:05:00,user-service,42.55,50.99,44.25,591.7,533.26,126.4,0.3,29.27,0,normal
2026-01-02 07:05:00,payment-service,54.06,59.63,71.93,771.23,667.33,169.35,0.21,45.98,0,normal
2026-01-02 07:05:00,notification-service,35.91,43.13,68.29,316.78,379.24,124.32,0.23,28.38,0,normal
2026-01-02 07:05:00,database,59.63,58.23,41.73,1065.06,1111.62,111.5,0.27,70.85,0,normal
2026-01-02 07:10:00,api-gateway,40.23,54.37,56.28,774.3,868.49,133.98,0.2,31.44,0,normal
2026-01-02 07:10:00,user-service,35.34,45.85,35.07,459.42,492.72,116.7,0.19,35.2,0,normal
2026-01-02 07:10:00,payment-service,57.38,63.09,62.46,693.09,703.39,160.88,0.2,57.3,0,normal
2026-01-02 07:10:00,notification-service,34.5,44.41,48.4,451.4,376.9,109.06,0.09,27.97,0,normal
2026-01-02 07:10:00,database,51.3,66.36,47.1,864.71,1010.73,102.11,0.26,71.97,0,normal
2026-01-02 07:15:00,api-gateway,46.34,56.53,50.24,801.79,860.41,146.41,0.14,33.26,0,normal
2026-01-02 07:15:00,user-service,32.3,51.49,45.94,473.72,510.45,112.09,0.29,34.01,0,normal
2026-01-02 07:15:00,payment-service,47.35,61.03,41.52,717.34,672.04,174.39,0.23,51.56,0,normal
2026-01-02 07:15:00,notification-service,32.38,43.6,52.78,317.07,385.06,103.2,0.17,28.24,0,normal
2026-01-02 07:15:00,database,51.3,61.3,61.28,1061.28,1007.78,90.79,0.13,70.41,0,normal
2026-01-02 07:20:00,api-gateway,46.45,55.16,55.25,882.02,883.96,147.27,0.28,25.27,0,normal
2026-01-02 07:20:00,user-service,34.12,52.22,70.36,531.13,533.99,126.51,0.15,31.68,0,normal
2026-01-02 07:20:00,payment-service,48.85,59.25,54.46,727.85,692.56,175.07,0.25,52.52,0,normal
2026-01-02 07:20:00,notification-service,35.19,44.78,64.11,346.72,363.98,110.86,0.2,24.86,0,normal
2026-01-02 07:20:00,database,60.13,65.14,37.83,1180.36,998.11,83.5,0.16,71.27,0,normal
2026-01-02 07:25:00,api-gateway,47.74,56.98,64.35,1021.54,862.46,149.89,0.23,30.76,0,normal
2026-01-02 07:25:00,user-service,25.32,50.33,50.31,613.87,517.42,110.25,0.19,38.84,0,normal
2026-01-02 07:25:00,payment-service,50.56,61.02,64.65,541.56,647.32,163.22,0.24,50.7,0,normal
2026-01-02 07:25:00,notification-service,31.74,38.52,51.67,380.6,386.11,104.43,0.22,30.04,0,normal
2026-01-02 07:25:00,database,59.11,64.13,63.16,1251.84,1099.26,90.07,0.16,68.48,0,normal
2026-01-02 07:30:00,api-gateway,40.87,54.63,49.58,1078.55,954.52,136.31,0.17,33.77,0,normal
2026-01-02 07:30:00,user-service,36.2,55.42,50.12,586.9,512.67,119.23,0.26,34.7,0,normal
2026-01-02 07:30:00,payment-service,50.72,63.01,48.0,724.34,723.36,170.67,0.18,45.12,0,normal
2026-01-02 07:30:00,notification-service,34.78,41.24,54.68,354.07,414.86,100.05,0.11,24.06,0,normal
2026-01-02 07:30:00,database,57.73,62.8,31.38,1112.67,964.47,90.26,0.25,74.95,0,normal
2026-01-02 07:35:00,api-gateway,47.19,58.75,61.21,964.08,865.59,151.9,0.22,26.55,0,normal
2026-01-02 07:35:00,user-service,41.23,53.3,55.04,505.68,511.21,112.03,0.17,37.12,0,normal
2026-01-02 07:35:00,payment-service,52.04,60.96,36.1,796.16,716.68,161.13,0.3,51.43,0,normal
2026-01-02 07:35:00,notification-service,26.17,47.01,31.84,364.16,404.02,113.5,0.2,28.95,0,normal
2026-01-02 07:35:00,database,56.78,68.51,46.33,778.1,914.99,98.16,0.19,66.8,0,normal
2026-01-02 07:40:00,api-gateway,44.09,57.77,58.55,1019.2,885.44,138.38,0.28,32.91,0,normal
2026-01-02 07:40:00,user-service,38.24,50.89,60.3,596.76,513.36,102.91,0.21,36.11,0,normal
2026-01-02 07:40:00,payment-service,48.1,60.5,56.0,830.6,696.29,179.86,0.22,52.61,0,normal
2026-01-02 07:40:00,notification-service,21.32,42.25,44.79,438.94,425.43,105.86,0.12,26.99,0,normal
2026-01-02 07:40:00,database,57.35,67.17,44.52,1111.99,962.49,92.73,0.16,69.22,0,normal
2026-01-02 07:45:00,api-gateway,52.0,51.3,63.17,997.45,911.98,149.81,0.15,28.71,0,normal
2026-01-02 07:45:00,user-service,27.42,59.42,59.96,415.18,491.04,118.15,0.14,37.94,0,normal
2026-01-02 07:45:00,payment-service,41.23,58.95,49.87,746.3,765.02,180.09,0.18,50.88,0,normal
2026-01-02 07:45:00,notification-service,32.42,40.02,49.15,386.66,410.55,111.42,0.13,32.57,0,normal
2026-01-02 07:45:00,database,54.91,69.11,45.34,898.14,1097.09,101.8,0.21,71.47,0,normal
2026-01-02 07:50:00,api-gateway,39.89,54.88,57.54,866.17,866.32,156.4,0.18,29.87,0,normal
2026-01-02 07:50:00,user-service,31.17,52.14,44.42,415.72,496.04,127.81,0.3,37.74,0,normal
2026-01-02 07:50:00,payment-service,49.49,60.86,50.18,858.0,722.01,170.25,0.19,50.61,0,normal
2026-01-02 07:50:00,notification-service,25.63,47.6,62.01,517.68,453.96,111.13,0.18,29.02,0,normal
2026-01-02 07:50:00,database,56.46,61.69,35.68,952.57,952.0,104.4,0.18,65.94,0,normal
2026-01-02 07:55:00,api-gateway,48.24,51.69,58.46,1114.61,1027.09,133.29,0.22,35.53,0,normal
2026-01-02 07:55:00,user-service,35.96,49.09,41.16,482.99,505.31,111.12,0.27,38.82,0,normal
2026-01-02 07:55:00,payment-service,54.75,60.28,62.36,612.56,694.62,163.08,0.18,45.61,0,normal
2026-01-02 07:55:00,notification-service,36.22,47.77,43.12,316.62,393.4,121.15,0.25,27.29,0,normal
2026-01-02 07:55:00,database,53.27,60.64,55.37,1060.22,990.07,101.73,0.19,72.58,0,normal
2026-01-02 08:00:00,api-gateway,40.01,55.28,40.4,998.54,922.51,147.9,0.23,29.61,0,normal
2026-01-02 08:00:00,user-service,38.06,50.36,84.9,391.85,458.41,108.3,0.28,32.57,0,normal
2026-01-02 08:00:00,payment-service,44.75,54.92,44.99,580.97,685.84,161.13,0.2,50.38,0,normal
2026-01-02 08:00:00,notification-service,30.88,47.12,37.33,342.33,404.04,104.06,0.18,24.89,0,normal
2026-01-02 08:00:00,database,50.05,63.74,65.86,877.26,989.95,79.05,0.15,75.64,0,normal
2026-01-02 08:05:00,api-gateway,41.77,55.83,53.19,801.58,901.71,141.57,0.18,30.64,0,normal
2026-01-02 08:05:00,user-service,37.09,53.25,33.03,452.71,460.15,134.57,0.16,35.12,0,normal
2026-01-02 08:05:00,payment-service,46.32,55.98,27.55,701.14,736.46,171.17,0.24,57.59,0,normal
2026-01-02 08:05:00,notification-service,21.37,42.56,53.44,455.67,388.9,103.74,0.21,28.29,0,normal
2026-01-02 08:05:00,database,56.32,64.89,64.99,1112.59,1059.06,91.04,0.13,68.2,0,normal
2026-01-02 08:10:00,api-gateway,38.93,56.8,56.1,818.15,941.28,159.54,0.19,29.82,0,normal
2026-01-02 08:10:00,user-service,35.18,52.44,39.57,432.28,491.77,113.72,0.15,35.82,0,normal
2026-01-02 08:10:00,payment-service,48.05,58.03,55.93,556.12,687.73,190.64,0.21,46.73,0,normal
2026-01-02 08:10:00,notification-service,27.41,44.47,53.32,405.39,412.6,117.35,0.19,27.8,0,normal
2026-01-02 08:10:00,database,50.41,63.0,44.63,1134.16,976.6,99.86,0.29,70.84,0,normal
2026-01-02 08:15:00,api-gateway,47.53,56.69,59.84,1116.36,934.86,127.71,0.26,31.32,0,normal
2026-01-02 08:15:00,user-service,36.25,48.41,65.08,539.75,456.92,108.47,0.21,30.34,0,normal
2026-01-02 08:15:00,payment-service,49.84,60.77,33.38,584.09,685.7,177.13,0.2,53.69,0,normal
2026-01-02 08:15:00,notification-service,33.57,41.83,13.65,342.05,393.17,113.57,0.17,22.31,0,normal
2026-01-02 08:15:00,database,51.81,69.04,54.7,1096.6,1104.6,96.58,0.28,67.96,0,normal
2026-01-02 08:20:00,api-gateway,45.32,61.61,45.99,787.73,848.97,145.19,0.23,29.81,0,normal
2026-01-02 08:20:00,user-service,30.34,49.64,40.21,638.35,532.49,130.79,0.19,34.51,0,normal
2026-01-02 08:20:00,payment-service,48.96,63.59,39.41,806.48,690.16,176.67,0.2,50.65,0,normal
2026-01-02 08:20:00,notification-service,27.68,45.23,54.34,375.71,356.38,91.97,0.2,18.67,0,normal
2026-01-02 08:20:00,database,58.03,61.13,54.93,1237.2,1047.98,107.59,0.23,71.61,0,normal
2026-01-02 08:25:00,api-gateway,44.97,51.4,56.19,1001.69,920.37,122.6,0.22,32.75,0,normal
2026-01-02 08:25:00,user-service,41.68,47.35,51.79,452.09,509.11,115.49,0.24,35.82,0,normal
2026-01-02 08:25:00,payment-service,45.5,55.37,54.38,603.84,745.0,171.21,0.2,51.13,0,normal
2026-01-02 08:25:00,notification-service,28.78,44.39,72.57,412.8,400.58,105.99,0.21,27.58,0,normal
2026-01-02 08:25:00,database,59.84,64.83,55.63,1068.58,1008.04,111.61,0.17,71.73,0,normal
2026-01-02 08:30:00,api-gateway,39.7,54.48,54.81,851.6,916.54,133.11,0.22,31.26,0,normal
2026-01-02 08:30:00,user-service,36.82,52.08,48.82,418.69,507.18,109.99,0.22,38.97,0,normal
2026-01-02 08:30:00,payment-service,54.18,63.64,54.15,616.99,674.56,160.03,0.29,50.56,0,normal
2026-01-02 08:30:00,notification-service,32.37,49.66,60.04,429.74,428.43,122.24,0.19,26.11,0,normal
2026-01-02 08:30:00,database,46.25,65.53,56.74,878.42,934.36,101.09,0.15,70.19,0,normal
2026-01-02 08:35:00,api-gateway,50.65,52.58,57.27,847.03,932.23,168.7,0.25,30.36,0,normal
2026-01-02 08:35:00,user-service,31.93,43.57,27.01,495.47,488.69,120.57,0.2,32.88,0,normal
2026-01-02 08:35:00,payment-service,43.35,58.21,51.08,600.01,705.94,175.36,0.25,50.75,0,normal
2026-01-02 08:35:00,notification-service,28.21,44.93,43.79,332.05,338.11,104.94,0.14,27.82,0,normal
2026-01-02 08:35:00,database,53.77,69.47,52.83,803.17,904.21,98.45,0.14,72.11,0,normal
2026-01-02 08:40:00,api-gateway,38.99,55.12,65.16,861.16,882.33,147.44,0.16,27.96,0,normal
2026-01-02 08:40:00,user-service,39.85,43.96,43.36,515.03,464.34,116.69,0.19,33.94,0,normal
2026-01-02 08:40:00,payment-service,56.05,58.63,34.29,610.23,727.13,178.15,0.25,49.66,0,normal
2026-01-02 08:40:00,notification-service,24.87,41.61,41.36,440.01,367.09,104.57,0.22,26.77,0,normal
2026-01-02 08:40:00,database,51.26,60.16,35.53,1111.83,961.54,99.93,0.25,67.91,0,normal
2026-01-02 08:45:00,api-gateway,44.37,57.42,40.18,835.47,875.61,129.49,0.3,31.13,0,normal
2026-01-02 08:45:00,user-service,35.53,44.91,56.68,583.98,504.28,123.76,0.26,38.56,0,normal
2026-01-02 08:45:00,payment-service,46.8,65.14,64.61,605.38,660.47,182.22,0.23,47.1,0,normal
2026-01-02 08:45:00,notification-service,33.12,43.1,50.18,398.96,401.91,116.55,0.18,27.58,0,normal
2026-01-02 08:45:00,database,51.65,67.89,37.61,936.66,967.57,90.15,0.22,70.18,0,normal
2026-01-02 08:50:00,api-gateway,46.87,54.71,49.92,984.89,913.89,140.5,0.25,29.71,0,normal
2026-01-02 08:50:00,user-service,35.37,49.51,39.86,600.58,519.18,108.51,0.17,31.38,0,normal
2026-01-02 08:50:00,payment-service,46.73,60.51,48.45,831.2,748.79,163.64,0.2,51.96,0,normal
2026-01-02 08:50:00,notification-service,31.09,40.98,40.7,422.09,423.77,109.04,0.24,23.79,0,normal
2026-01-02 08:50:00,database,61.62,65.66,43.57,870.05,1005.04,96.23,0.22,74.67,0,normal
2026-01-02 08:55:00,api-gateway,44.17,53.52,44.95,992.44,921.18,141.53,0.28,30.22,0,normal
2026-01-02 08:55:00,user-service,36.69,49.25,49.55,599.63,545.95,130.19,0.28,38.47,0,normal
2026-01-02 08:55:00,payment-service,51.51,56.51,56.7,701.1,694.2,179.0,0.23,47.96,0,normal
2026-01-02 08:55:00,notification-service,27.57,43.23,60.83,403.35,417.44,102.08,0.15,27.09,0,normal
2026-01-02 08:55:00,database,44.67,65.64,39.82,949.82,1066.15,88.48,0.19,71.78,0,normal
2026-01-02 09:00:00,api-gateway,49.89,50.37,39.02,1092.75,1189.25,175.17,0.21,34.01,0,normal
2026-01-02 09:00:00,user-service,48.79,49.46,68.87,751.85,656.52,128.43,0.17,33.32,0,normal
2026-01-02 09:00:00,payment-service,60.36,64.99,52.78,1040.44,906.97,188.92,0.2,49.76,0,normal
2026-01-02 09:00:00,notification-service,40.72,48.75,43.57,522.48,514.81,102.72,0.29,29.15,0,normal
2026-01-02 09:00:00,database,63.75,67.09,27.18,1447.46,1276.15,107.44,0.15,72.78,0,normal
2026-01-02 09:05:00,api-gateway,48.56,54.5,38.46,1203.78,1119.97,160.86,0.23,30.45,0,normal
2026-01-02 09:05:00,user-service,35.1,48.94,49.44,636.35,665.15,146.08,0.12,41.67,0,normal
2026-01-02 09:05:00,payment-service,52.79,59.8,39.57,739.42,922.71,157.02,0.2,54.98,0,normal
2026-01-02 09:05:00,notification-service,35.12,39.73,59.19,427.27,502.32,118.23,0.19,18.99,0,normal
2026-01-02 09:05:00,database,60.93,71.3,38.04,1246.88,1247.03,102.29,0.1,62.57,0,normal
2026-01-02 09:10:00,api-gateway,52.14,52.45,27.01,1452.45,1256.62,162.58,0.14,28.58,0,normal
2026-01-02 09:10:00,user-service,43.46,50.91,50.46,672.12,695.03,131.37,0.21,39.21,0,normal
2026-01-02 09:10:00,payment-service,50.09,55.97,39.08,875.32,913.87,186.94,0.23,52.13,0,normal
2026-01-02 09:10:00,notification-service,36.93,43.93,54.44,494.17,490.54,123.28,0.08,26.33,0,normal
2026-01-02 09:10:00,database,54.96,65.69,42.58,1565.65,1352.8,99.31,0.27,79.96,0,normal
2026-01-02 09:15:00,api-gateway,47.37,55.79,43.85,1307.86,1164.27,136.38,0.21,44.27,0,normal
2026-01-02 09:15:00,user-service,43.59,48.84,58.02,662.68,630.66,134.13,0.18,45.19,0,normal
2026-01-02 09:15:00,payment-service,56.19,59.35,31.8,819.03,883.91,161.16,0.22,52.51,0,normal
2026-01-02 09:15:00,notification-service,33.89,37.47,70.11,491.0,542.84,116.76,0.24,28.62,0,normal
2026-01-02 09:15:00,database,62.96,64.4,32.84,1522.54,1281.0,115.15,0.22,74.37,0,normal
2026-01-02 09:20:00,api-gateway,49.07,47.71,55.04,1220.19,1129.39,147.46,0.21,32.63,0,normal
2026-01-02 09:20:00,user-service,37.5,45.27,59.13,774.04,659.65,108.85,0.25,38.89,0,normal
2026-01-02 09:20:00,payment-service,59.6,62.08,45.18,882.07,936.12,155.69,0.28,56.96,0,normal
2026-01-02 09:20:00,notification-service,29.55,43.67,27.06,433.0,524.73,113.87,0.19,27.47,0,normal
2026-01-02 09:20:00,database,63.17,67.04,43.8,1067.44,1261.49,129.03,0.21,75.99,0,normal
2026-01-02 09:25:00,api-gateway,47.54,57.77,43.17,997.01,1183.22,153.32,0.15,33.8,0,normal
2026-01-02 09:25:00,user-service,37.66,53.52,40.51,700.81,646.56,115.68,0.22,38.89,0,normal
2026-01-02 09:25:00,payment-service,53.2,59.3,46.8,1059.35,912.56,171.57,0.22,55.9,0,normal
2026-01-02 09:25:00,notification-service,30.57,49.77,59.08,443.74,495.52,120.2,0.17,27.81,0,normal
2026-01-02 09:25:00,database,64.26,66.96,61.2,1091.47,1258.79,113.47,0.17,69.67,0,normal
2026-01-02 09:30:00,api-gateway,47.6,59.11,21.56,1187.39,1177.06,122.14,0.17,30.74,0,normal
2026-01-02 09:30:00,user-service,41.49,51.59,59.88,615.62,615.09,114.85,0.19,38.13,0,normal
2026-01-02 09:30:00,payment-service,56.4,61.85,64.82,799.84,861.19,177.5,0.25,49.63,0,normal
2026-01-02 09:30:00,notification-service,36.84,48.97,48.06,526.28,538.76,120.58,0.18,30.0,0,normal
2026-01-02 09:30:00,database,64.95,63.68,63.89,1159.38,1295.89,114.85,0.19,75.17,0,normal
2026-01-02 09:35:00,api-gateway,51.4,56.82,49.83,1328.04,1154.0,142.75,0.25,33.37,0,normal
2026-01-02 09:35:00,user-service,40.18,46.23,63.06,643.15,647.79,123.74,0.23,35.54,0,normal
2026-01-02 09:35:00,payment-service,57.41,58.07,37.1,1005.64,867.06,170.21,0.14,48.07,0,normal
2026-01-02 09:35:00,notification-service,38.2,41.38,26.84,422.31,491.27,103.03,0.14,30.86,0,normal
2026-01-02 09:35:00,database,61.81,64.16,48.18,1497.66,1331.14,109.95,0.17,71.59,0,normal
2026-01-02 09:40:00,api-gateway,52.78,56.93,40.09,1110.66,1103.57,136.93,0.25,29.19,0,normal
2026-01-02 09:40:00,user-service,42.62,54.47,68.98,653.44,634.83,141.08,0.17,36.26,0,normal
2026-01-02 09:40:00,payment-service,58.97,59.59,67.5,908.86,938.91,184.7,0.13,56.22,0,normal
2026-01-02 09:40:00,notification-service,35.58,41.41,49.75,472.14,488.82,124.31,0.14,29.11,0,normal
2026-01-02 09:40:00,database,66.48,65.21,50.51,1130.19,1279.14,124.89,0.17,75.01,0,normal
2026-01-02 09:45:00,api-gateway,51.02,52.72,59.29,1090.67,1131.61,163.93,0.24,32.56,0,normal
2026-01-02 09:45:00,user-service,48.53,55.5,40.56,781.1,677.49,112.31,0.15,35.22,0,normal
2026-01-02 09:45:00,payment-service,57.91,63.09,62.86,995.72,921.32,183.76,0.2,52.95,0,normal
2026-01-02 09:45:00,notification-service,41.95,43.65,52.07,662.67,559.11,97.86,0.17,28.32,0,normal
2026-01-02 09:45:00,database,69.46,68.32,46.42,1392.31,1304.46,111.88,0.19,70.25,0,normal
2026-01-02 09:50:00,api-gateway,50.53,53.46,42.9,1298.4,1157.34,154.72,0.17,30.7,0,normal
2026-01-02 09:50:00,user-service,40.89,46.08,51.7,603.75,677.3,137.81,0.24,42.52,0,normal
2026-01-02 09:50:00,payment-service,55.93,61.93,72.41,850.81,945.95,164.15,0.17,51.17,0,normal
2026-01-02 09:50:00,notification-service,39.5,40.4,62.4,457.86,503.75,116.71,0.17,28.76,0,normal
2026-01-02 09:50:00,database,60.19,68.56,40.32,1604.45,1368.27,105.87,0.18,70.78,0,normal
2026-01-02 09:55:00,api-gateway,53.51,55.78,44.0,1017.7,1144.55,145.41,0.17,34.15,0,normal
2026-01-02 09:55:00,user-service,38.8,54.15,40.38,730.96,653.32,138.01,0.18,41.61,0,normal
2026-01-02 09:55:00,payment-service,54.87,52.65,66.74,800.46,912.87,185.35,0.25,50.92,0,normal
2026-01-02 09:55:00,notification-service,31.12,43.71,55.49,530.08,505.45,125.96,0.28,26.52,0,normal
2026-01-02 09:55:00,database,63.05,68.21,42.34,1531.4,1280.3,91.05,0.2,71.58,0,normal
2026-01-02 10:00:00,api-gateway,55.72,56.55,59.12,1329.62,1131.5,151.44,0.24,31.05,0,normal
2026-01-02 10:00:00,user-service,43.03,54.03,44.07,604.65,633.28,126.95,0.23,32.82,0,normal
2026-01-02 10:00:00,payment-service,60.43,58.46,52.92,1017.92,896.25,185.61,0.15,58.98,0,normal
2026-01-02 10:00:00,notification-service,36.27,48.34,28.7,535.44,574.98,121.06,0.17,26.6,0,normal
2026-01-02 10:00:00,database,59.57,62.92,52.75,1436.5,1360.37,116.0,0.14,71.05,0,normal
2026-01-02 10:05:00,api-gateway,48.17,52.93,56.01,1307.65,1161.77,140.75,0.22,28.25,0,normal
2026-01-02 10:05:00,user-service,41.16,47.26,45.16,713.61,671.98,122.25,0.29,39.47,0,normal
2026-01-02 10:05:00,payment-service,56.44,58.62,35.23,1063.2,938.17,168.29,0.21,57.63,0,normal
2026-01-02 10:05:00,notification-service,32.72,47.11,58.24,446.12,497.02,124.8,0.32,27.48,0,normal
2026-01-02 10:05:00,database,58.38,63.89,55.13,1365.7,1287.83,111.09,0.13,77.22,0,normal
2026-01-02 10:10:00,api-gateway,56.02,53.31,42.97,1309.96,1139.75,156.55,0.2,34.09,0,normal
2026-01-02 10:10:00,user-service,33.11,53.53,41.51,674.02,647.64,107.92,0.14,38.7,0,normal
2026-01-02 10:10:00,payment-service,55.38,55.36,50.2,764.94,954.97,172.48,0.17,54.78,0,normal
2026-01-02 10:10:00,notification-service,32.57,44.17,32.57,546.95,534.8,130.39,0.1,27.19,0,normal
2026-01-02 10:10:00,database,62.0,67.77,40.59,1421.03,1354.55,101.59,0.23,68.24,0,normal
2026-01-02 10:15:00,api-gateway,51.28,54.87,46.19,896.13,1107.53,152.45,0.19,32.73,0,normal
2026-01-02 10:15:00,user-service,39.32,49.79,53.9,729.87,666.73,121.55,0.15,37.7,0,normal
2026-01-02 10:15:00,payment-service,57.91,59.51,48.61,976.59,947.63,170.79,0.24,58.58,0,normal
2026-01-02 10:15:00,notification-service,42.68,47.2,37.57,566.13,506.57,106.25,0.32,27.76,0,normal
2026-01-02 10:15:00,database,57.45,59.94,50.87,1345.53,1326.41,110.43,0.24,77.06,0,normal
2026-01-02 10:20:00,api-gateway,51.08,54.47,65.34,1050.37,1143.43,153.38,0.19,36.32,0,normal
2026-01-02 10:20:00,user-service,39.65,51.01,56.68,736.89,688.25,118.34,0.14,35.82,0,normal
2026-01-02 10:20:00,payment-service,56.07,64.0,51.44,896.04,938.82,188.24,0.27,57.72,0,normal
2026-01-02 10:20:00,notification-service,40.39,36.98,44.6,574.59,496.82,111.45,0.18,24.73,0,normal
2026-01-02 10:20:00,database,60.79,62.3,67.71,1094.93,1243.91,102.17,0.19,76.47,0,normal
2026-01-02 10:25:00,api-gateway,54.84,53.7,37.28,1358.66,1234.42,159.95,0.14,33.53,0,normal
2026-01-02 10:25:00,user-service,43.85,50.46,34.35,616.12,633.1,118.46,0.2,36.61,0,normal
2026-01-02 10:25:00,payment-service,53.03,59.94,63.43,818.84,936.8,149.7,0.25,51.84,0,normal
2026-01-02 10:25:00,notification-service,32.88,46.53,55.79,601.87,506.79,104.93,0.29,23.3,0,normal
2026-01-02 10:25:00,database,53.55,64.91,55.52,1093.72,1286.79,100.85,0.23,73.94,0,normal
2026-01-02 10:30:00,api-gateway,53.94,56.46,68.29,968.94,1169.7,130.91,0.18,28.92,0,normal
2026-01-02 10:30:00,user-service,43.93,53.9,56.58,511.59,628.71,125.78,0.23,36.57,0,normal
2026-01-02 10:30:00,payment-service,67.01,60.24,66.63,741.27,881.88,169.42,0.18,56.83,0,normal
2026-01-02 10:30:00,notification-service,36.22,43.19,57.43,470.35,502.59,119.93,0.29,31.4,0,normal
2026-01-02 10:30:00,database,56.81,62.59,51.46,1368.7,1229.55,109.63,0.19,72.39,0,normal
2026-01-02 10:35:00,api-gateway,50.88,61.18,38.53,1064.37,1196.61,154.82,0.17,34.96,0,normal
2026-01-02 10:35:00,user-service,40.5,46.38,61.29,672.43,674.98,112.1,0.26,38.65,0,normal
2026-01-02 10:35:00,payment-service,53.68,60.76,49.94,1085.93,913.88,172.51,0.23,49.42,0,normal
2026-01-02 10:35:00,notification-service,39.41,49.69,50.11,593.87,511.05,107.25,0.25,29.16,0,normal
2026-01-02 10:35:00,database,55.86,69.98,53.75,1172.48,1185.84,100.07,0.2,69.84,0,normal
2026-01-02 10:40:00,api-gateway,50.99,59.79,55.66,1383.81,1216.22,155.6,0.2,32.45,0,normal
2026-01-02 10:40:00,user-service,36.94,50.84,46.39,564.47,674.17,130.52,0.24,38.24,0,normal
2026-01-02 10:40:00,payment-service,50.65,61.34,65.21,824.33,867.95,170.73,0.18,51.9,0,normal
2026-01-02 10:40:00,notification-service,38.7,42.32,49.13,472.85,545.24,113.96,0.12,29.48,0,normal
2026-01-02 10:40:00,database,67.81,62.94,35.53,1091.92,1313.85,96.02,0.25,72.81,0,normal
2026-01-02 10:45:00,api-gateway,57.28,50.04,39.9,1050.05,1235.41,155.15,0.18,32.31,0,normal
2026-01-02 10:45:00,user-service,40.6,47.99,51.81,640.13,637.84,110.17,0.13,45.94,0,normal
2026-01-02 10:45:00,payment-service,59.7,58.46,41.93,903.38,847.98,154.39,0.13,53.73,0,normal
2026-01-02 10:45:00,notification-service,36.58,43.96,47.19,527.23,520.76,123.76,0.19,30.51,0,normal
2026-01-02 10:45:00,database,61.47,67.75,50.37,1509.01,1374.95,103.3,0.15,68.96,0,normal
2026-01-02 10:50:00,api-gateway,47.37,54.56,41.94,1384.99,1160.06,159.7,0.25,31.55,0,normal
2026-01-02 10:50:00,user-service,43.57,50.01,43.93,677.99,668.97,93.45,0.1,40.17,0,normal
2026-01-02 10:50:00,payment-service,55.78,57.52,40.42,856.95,891.43,168.55,0.25,53.55,0,normal
2026-01-02 10:50:00,notification-service,39.84,44.79,67.0,439.78,508.5,97.83,0.2,29.23,0,normal
2026-01-02 10:50:00,database,61.62,65.87,66.35,1266.49,1341.46,118.25,0.19,71.2,0,normal
2026-01-02 10:55:00,api-gateway,52.89,58.29,46.09,1364.18,1161.14,148.26,0.29,30.39,0,normal
2026-01-02 10:55:00,user-service,38.31,47.66,54.25,544.4,662.94,130.53,0.2,42.82,0,normal
2026-01-02 10:55:00,payment-service,58.14,63.9,39.74,935.63,898.74,187.07,0.27,49.98,0,normal
2026-01-02 10:55:00,notification-service,36.26,41.08,63.54,529.17,539.77,118.55,0.24,29.26,0,normal
2026-01-02 10:55:00,database,57.17,63.93,31.15,1144.8,1295.24,103.75,0.18,78.81,0,normal
2026-01-02 11:00:00,api-gateway,55.47,50.48,45.68,1094.0,1171.56,155.12,0.25,33.31,0,normal
2026-01-02 11:00:00,user-service,45.85,47.82,56.91,739.31,616.69,119.73,0.18,37.6,0,normal
2026-01-02 11:00:00,payment-service,58.52,55.43,47.96,895.72,890.23,177.24,0.13,54.72,0,normal
2026-01-02 11:00:00,notification-service,40.1,44.73,34.24,632.49,534.32,105.51,0.09,31.21,0,normal
2026-01-02 11:00:00,database,65.35,67.29,48.12,1530.6,1301.61,125.24,0.17,73.48,0,normal
2026-01-02 11:05:00,api-gateway,47.72,51.68,50.04,970.1,1188.7,159.61,0.25,35.15,0,normal
2026-01-02 11:05:00,user-service,44.72,51.48,50.2,729.12,643.99,135.32,0.16,35.45,0,normal
2026-01-02 11:05:00,payment-service,56.63,56.53,69.23,723.5,856.37,181.78,0.16,53.52,0,normal
2026-01-02 11:05:00,notification-service,35.68,48.35,51.47,508.66,568.51,128.06,0.22,24.78,0,normal
2026-01-02 11:05:00,database,63.19,64.31,35.78,1360.83,1316.5,104.07,0.24,75.93,0,normal
2026-01-02 11:10:00,api-gateway,54.44,51.99,55.77,1389.19,1232.85,143.31,0.17,34.33,0,normal
2026-01-02 11:10:00,user-service,45.86,52.57,72.9,793.76,668.01,121.38,0.22,36.58,0,normal
2026-01-02 11:10:00,payment-service,56.55,56.62,50.11,1077.92,920.86,163.88,0.2,52.92,0,normal
2026-01-02 11:10:00,notification-service,41.0,42.17,50.05,574.52,533.52,139.81,0.23,27.4,0,normal
2026-01-02 11:10:00,database,60.15,62.3,53.95,1535.29,1317.6,91.92,0.16,70.2,0,normal
2026-01-02 11:15:00,api-gateway,58.88,56.66,44.95,986.28,1146.32,164.71,0.2,32.53,0,normal
2026-01-02 11:15:00,user-service,44.75,43.28,52.26,750.35,636.52,111.03,0.28,37.41,0,normal
2026-01-02 11:15:00,payment-service,57.66,56.97,35.39,926.59,862.7,186.47,0.25,51.22,0,normal
2026-01-02 11:15:00,notification-service,32.2,40.42,64.78,492.64,545.48,118.61,0.22,29.64,0,normal
2026-01-02 11:15:00,database,56.54,68.33,36.13,1069.51,1213.31,99.94,0.2,73.71,0,normal
2026-01-02 11:20:00,api-gateway,54.15,56.92,64.0,1342.6,1135.23,162.11,0.23,33.71,0,normal
2026-01-02 11:20:00,user-service,41.13,48.74,39.14,647.24,634.31,128.36,0.32,33.32,0,normal
2026-01-02 11:20:00,payment-service,58.2,58.62,42.09,948.13,912.19,184.89,0.07,49.38,0,normal
2026-01-02 11:20:00,notification-service,43.4,48.26,52.99,442.4,490.89,101.06,0.15,24.02,0,normal
2026-01-02 11:20:00,database,56.08,64.7,44.65,1601.7,1337.4,99.89,0.19,74.79,0,normal
2026-01-02 11:25:00,api-gateway,50.6,58.26,44.38,1146.28,1160.4,158.12,0.17,36.49,0,normal
2026-01-02 11:25:00,user-service,39.59,48.87,52.76,610.32,705.79,129.83,0.12,44.31,0,normal
2026-01-02 11:25:00,payment-service,59.46,60.22,58.78,1032.47,983.05,175.59,0.17,50.65,0,normal
2026-01-02 11:25:00,notification-service,34.07,49.31,61.09,434.58,491.13,115.25,0.21,28.15,0,normal
2026-01-02 11:25:00,database,60.86,64.15,53.8,1026.01,1269.49,118.82,0.14,75.65,0,normal
2026-01-02 11:30:00,api-gateway,46.64,59.84,54.17,1268.17,1180.23,155.16,0.17,37.19,0,normal
2026-01-02 11:30:00,user-service,36.69,52.12,47.19,559.67,654.93,150.49,0.21,42.19,0,normal
2026-01-02 11:30:00,payment-service,60.22,55.59,51.07,728.17,857.11,172.28,0.25,52.98,0,normal
2026-01-02 11:30:00,notification-service,33.15,49.97,39.0,460.45,532.7,108.2,0.15,26.91,0,normal
2026-01-02 11:30:00,database,61.02,66.18,75.97,1443.29,1284.66,103.89,0.13,69.76,0,normal
2026-01-02 11:35:00,api-gateway,52.11,54.3,52.69,1156.96,1119.16,152.98,0.25,35.25,0,normal
2026-01-02 11:35:00,user-service,40.94,53.2,59.05,678.16,649.44,135.59,0.11,42.74,0,normal
2026-01-02 11:35:00,payment-service,57.32,57.89,54.46,997.47,931.06,172.71,0.23,55.5,0,normal
2026-01-02 11:35:00,notification-service,35.43,45.9,58.02,543.53,498.58,106.97,0.19,24.83,0,normal
2026-01-02 11:35:00,database,63.54,62.02,27.91,1571.45,1332.19,118.07,0.2,72.29,0,normal
2026-01-02 11:40:00,api-gateway,49.44,55.33,36.49,1156.36,1151.25,134.9,0.19,31.75,0,normal
2026-01-02 11:40:00,user-service,43.48,49.45,52.59,682.52,629.04,122.49,0.17,40.44,0,normal
2026-01-02 11:40:00,payment-service,57.83,55.89,48.7,929.03,911.27,175.97,0.29,56.59,0,normal
2026-01-02 11:40:00,notification-service,30.69,46.29,65.45,592.87,520.83,109.29,0.24,25.38,0,normal
2026-01-02 11:40:00,database,59.97,63.11,49.2,1235.67,1325.89,121.14,0.18,72.52,0,normal
2026-01-02 11:45:00,api-gateway,53.07,53.43,30.44,1136.89,1178.69,137.04,0.12,29.47,0,normal
2026-01-02 11:45:00,user-service,41.06,51.5,60.45,817.94,684.04,132.73,0.2,38.85,0,normal
2026-01-02 11:45:00,payment-service,62.13,64.51,43.51,858.34,915.11,168.17,0.23,55.35,0,normal
2026-01-02 11:45:00,notification-service,32.81,45.96,59.13,492.3,511.9,114.62,0.29,28.68,0,normal
2026-01-02 11:45:00,database,58.04,62.76,60.98,1052.7,1301.35,106.17,0.26,79.38,0,normal
2026-01-02 11:50:00,api-gateway,48.33,56.49,59.84,1326.69,1172.2,134.47,0.27,39.52,0,normal
2026-01-02 11:50:00,user-service,35.6,50.76,41.91,528.86,615.24,128.9,0.17,37.84,0,normal
2026-01-02 11:50:00,payment-service,62.12,54.24,29.9,905.93,888.88,181.96,0.15,48.82,0,normal
2026-01-02 11:50:00,notification-service,38.83,48.33,42.03,537.34,509.02,118.05,0.21,22.15,0,normal
2026-01-02 11:50:00,database,57.79,66.88,51.28,1361.83,1334.13,108.85,0.17,74.9,0,normal
2026-01-02 11:55:00,api-gateway,55.32,53.95,41.8,926.12,1133.24,145.26,0.24,32.06,0,normal
2026-01-02 11:55:00,user-service,42.31,49.15,67.33,551.5,658.33,129.05,0.24,39.58,0,normal
2026-01-02 11:55:00,payment-service,48.63,60.76,47.21,854.01,918.2,178.4,0.24,53.47,0,normal
2026-01-02 11:55:00,notification-service,39.59,45.35,74.49,465.09,538.25,106.51,0.23,26.62,0,normal
2026-01-02 11:55:00,database,58.13,67.99,48.38,1478.01,1282.96,108.53,0.24,68.55,0,normal
2026-01-02 12:00:00,api-gateway,49.94,51.47,40.35,1059.15,1069.64,134.93,0.21,36.01,0,normal
2026-01-02 12:00:00,user-service,41.76,48.79,47.17,531.2,635.26,118.39,0.23,48.37,0,normal
2026-01-02 12:00:00,payment-service,59.79,61.06,62.11,978.15,898.96,181.59,0.15,53.88,0,normal
2026-01-02 12:00:00,notification-service,40.74,47.13,41.97,520.35,535.97,100.94,0.27,29.89,0,normal
2026-01-02 12:00:00,database,61.38,66.16,36.19,1097.79,1314.81,136.09,0.16,69.75,0,normal
2026-01-02 12:05:00,api-gateway,53.26,55.93,42.62,1289.11,1159.53,147.42,0.22,34.72,0,normal
2026-01-02 12:05:00,user-service,45.34,50.85,44.76,775.44,672.03,125.29,0.18,36.12,0,normal
2026-01-02 12:05:00,payment-service,60.32,63.73,53.75,887.8,935.61,171.26,0.18,52.86,0,normal
2026-01-02 12:05:00,notification-service,45.94,43.84,42.19,532.17,511.22,112.31,0.19,27.2,0,normal
2026-01-02 12:05:00,database,59.21,68.81,60.92,1066.15,1307.16,102.71,0.21,71.99,0,normal
2026-01-02 12:10:00,api-gateway,50.4,54.74,69.58,1259.68,1229.87,165.11,0.23,36.29,0,normal
2026-01-02 12:10:00,user-service,44.67,44.22,46.29,615.06,662.25,122.51,0.17,33.39,0,normal
2026-01-02 12:10:00,payment-service,60.13,57.86,53.24,936.39,897.79,181.1,0.19,49.93,0,normal
2026-01-02 12:10:00,notification-service,35.47,40.56,73.51,486.07,500.07,112.92,0.17,28.2,0,normal
2026-01-02 12:10:00,database,61.6,65.56,64.47,1299.85,1257.74,111.52,0.13,73.35,0,normal
2026-01-02 12:15:00,api-gateway,52.58,51.36,56.93,1421.37,1227.24,148.71,0.3,31.88,0,normal
2026-01-02 12:15:00,user-service,41.73,54.08,55.13,535.72,641.5,125.21,0.12,35.17,0,normal
2026-01-02 12:15:00,payment-service,57.35,61.25,49.48,806.21,918.66,165.5,0.15,49.02,0,normal
2026-01-02 12:15:00,notification-service,40.61,41.57,58.72,597.09,524.72,121.12,0.21,28.63,0,normal
2026-01-02 12:15:00,database,64.68,67.73,55.29,1300.97,1302.46,103.01,0.13,71.46,0,normal
2026-01-02 12:20:00,api-gateway,51.25,55.73,47.26,1166.47,1171.41,140.09,0.23,29.43,0,normal
2026-01-02 12:20:00,user-service,38.38,51.45,56.58,617.66,654.28,116.43,0.15,36.72,0,normal
2026-01-02 12:20:00,payment-service,53.89,61.87,49.33,1104.58,994.91,197.82,0.18,56.58,0,normal
2026-01-02 12:20:00,notification-service,36.6,44.04,42.94,596.5,503.35,120.36,0.14,30.68,0,normal
2026-01-02 12:20:00,database,64.95,65.36,59.63,1158.17,1233.94,106.83,0.13,69.87,0,normal
2026-01-02 12:25:00,api-gateway,56.0,53.13,30.94,1342.99,1171.89,149.96,0.18,33.76,0,normal
2026-01-02 12:25:00,user-service,46.37,48.04,61.29,648.57,637.16,131.78,0.11,37.57,0,normal
2026-01-02 12:25:00,payment-service,52.03,58.46,50.9,946.77,813.48,168.03,0.31,55.82,0,normal
2026-01-02 12:25:00,notification-service,36.08,46.48,62.01,462.99,519.09,115.67,0.31,22.36,0,normal
2026-01-02 12:25:00,database,57.86,60.31,48.62,1117.43,1235.75,86.83,0.15,73.71,0,normal
2026-01-02 12:30:00,api-gateway,48.58,52.75,48.23,1387.31,1173.59,152.28,0.23,34.4,0,normal
2026-01-02 12:30:00,user-service,43.31,42.85,63.9,634.29,635.71,136.8,0.18,32.58,0,normal
2026-01-02 12:30:00,payment-service,63.16,60.04,56.59,1072.29,894.61,172.49,0.22,52.83,0,normal
2026-01-02 12:30:00,notification-service,44.34,49.01,41.44,437.41,515.42,134.04,0.29,28.92,0,normal
2026-01-02 12:30:00,database,58.96,65.26,36.15,1318.09,1336.62,115.84,0.28,71.24,0,normal
2026-01-02 12:35:00,api-gateway,47.63,53.67,46.13,1291.89,1257.29,140.96,0.2,30.55,0,normal
2026-01-02 12:35:00,user-service,37.62,48.36,70.97,720.24,654.98,124.37,0.14,35.01,0,normal
2026-01-02 12:35:00,payment-service,52.83,56.61,35.58,916.39,920.59,166.2,0.12,48.92,0,normal
2026-01-02 12:35:00,notification-service,34.77,39.45,67.98,448.16,544.2,114.04,0.22,30.17,0,normal
2026-01-02 12:35:00,database,58.58,65.12,41.36,1456.57,1257.36,105.98,0.25,71.53,0,normal
2026-01-02 12:40:00,api-gateway,48.26,51.98,57.95,1199.23,1189.21,146.8,0.28,36.7,0,normal
2026-01-02 12:40:00,user-service,41.02,50.83,37.77,701.0,650.73,125.25,0.22,34.96,0,normal
2026-01-02 12:40:00,payment-service,55.71,57.5,74.84,1026.01,877.69,174.45,0.23,55.66,0,normal
2026-01-02 12:40:00,notification-service,31.99,46.08,54.18,474.35,543.85,136.54,0.24,26.21,0,normal
2026-01-02 12:40:00,database,64.39,60.61,60.31,1263.9,1362.05,109.68,0.26,73.12,0,normal
2026-01-02 12:45:00,api-gateway,48.02,51.36,44.28,1010.4,1229.34,151.19,0.24,37.66,0,normal
2026-01-02 12:45:00,user-service,48.16,50.89,53.59,626.32,636.32,127.06,0.28,36.62,0,normal
2026-01-02 12:45:00,payment-service,56.78,58.87,59.27,817.23,895.7,174.14,0.2,52.59,0,normal
2026-01-02 12:45:00,notification-service,37.37,42.85,56.52,448.79,532.2,123.21,0.2,25.65,0,normal
2026-01-02 12:45:00,database,63.22,66.94,58.95,1410.29,1323.15,119.65,0.31,70.05,0,normal
2026-01-02 12:50:00,api-gateway,51.77,57.38,52.56,1317.67,1220.41,149.26,0.22,29.93,0,normal
2026-01-02 12:50:00,user-service,34.95,48.76,55.08,740.68,664.59,138.3,0.2,39.79,0,normal
2026-01-02 12:50:00,payment-service,58.23,61.77,43.65,1085.0,918.59,162.16,0.22,55.6,0,normal
2026-01-02 12:50:00,notification-service,34.9,44.03,57.82,589.97,505.01,133.14,0.12,22.87,0,normal
2026-01-02 12:50:00,database,64.03,70.27,32.13,1153.59,1290.14,100.1,0.28,69.55,0,normal
2026-01-02 12:55:00,api-gateway,58.66,53.71,43.74,902.62,1124.62,153.31,0.27,34.66,0,normal
2026-01-02 12:55:00,user-service,40.55,48.65,63.64,818.19,686.23,150.05,0.21,40.89,0,normal
2026-01-02 12:55:00,payment-service,58.45,65.15,53.03,897.78,920.57,175.22,0.27,51.96,0,normal
2026-01-02 12:55:00,notification-service,42.18,49.24,76.65,570.36,509.76,114.83,0.19,26.04,0,normal
2026-01-02 12:55:00,database,67.78,67.57,39.05,1441.18,1393.72,109.76,0.18,79.44,0,normal
2026-01-02 13:00:00,api-gateway,56.5,53.32,46.93,1395.94,1207.2,163.77,0.22,31.34,0,normal
2026-01-02 13:00:00,user-service,40.26,45.3,40.86,750.35,642.33,127.33,0.17,40.22,0,normal
2026-01-02 13:00:00,payment-service,49.74,53.35,40.19,1088.11,975.35,170.56,0.15,56.06,0,normal
2026-01-02 13:00:00,notification-service,34.02,42.43,32.52,527.45,539.02,113.75,0.16,29.62,0,normal
2026-01-02 13:00:00,database,64.72,65.77,56.54,1251.18,1278.34,114.14,0.22,66.73,0,normal
2026-01-02 13:05:00,api-gateway,50.93,57.66,63.89,1006.87,1109.21,118.21,0.18,33.45,0,normal
2026-01-02 13:05:00,user-service,45.15,55.17,53.91,547.18,656.94,140.5,0.26,35.24,0,normal
2026-01-02 13:05:00,payment-service,53.62,59.49,39.0,1039.75,887.09,196.78,0.18,53.61,0,normal
2026-01-02 13:05:00,notification-service,34.96,44.09,24.8,621.78,547.35,123.97,0.2,28.29,0,normal
2026-01-02 13:05:00,database,60.35,62.56,43.34,1130.64,1300.84,91.06,0.15,69.29,0,normal
2026-01-02 13:10:00,api-gateway,51.89,49.3,49.39,1099.56,1199.89,147.5,0.18,34.29,0,normal
2026-01-02 13:10:00,user-service,46.48,51.51,42.71,673.72,654.76,147.69,0.28,35.88,0,normal
2026-01-02 13:10:00,payment-service,55.48,57.09,45.29,842.25,977.12,175.21,0.12,63.25,0,normal
2026-01-02 13:10:00,notification-service,28.38,46.06,62.26,402.74,491.75,99.16,0.13,27.11,0,normal
2026-01-02 13:10:00,database,61.72,64.89,46.91,1243.95,1291.83,113.52,0.16,76.62,0,normal
2026-01-02 13:15:00,api-gateway,54.13,54.63,43.43,1096.08,1210.57,136.18,0.17,35.9,0,normal
2026-01-02 13:15:00,user-service,36.28,49.2,44.8,638.26,667.34,117.64,0.24,33.98,0,normal
2026-01-02 13:15:00,payment-service,58.31,55.08,45.86,1005.46,916.6,154.75,0.16,60.87,0,normal
2026-01-02 13:15:00,notification-service,32.53,45.46,46.48,542.49,536.99,111.63,0.17,32.08,0,normal
2026-01-02 13:15:00,database,60.16,62.1,52.87,1569.3,1347.28,95.84,0.24,72.01,0,normal
2026-01-02 13:20:00,api-gateway,52.97,53.26,62.41,1311.17,1145.49,153.68,0.22,33.37,0,normal
2026-01-02 13:20:00,user-service,41.48,48.57,47.48,727.13,658.0,119.77,0.16,39.13,0,normal
2026-01-02 13:20:00,payment-service,60.45,61.37,39.74,1081.61,919.74,194.5,0.23,56.4,0,normal
2026-01-02 13:20:00,notification-service,44.8,47.59,29.36,499.02,516.41,98.5,0.27,29.76,0,normal
2026-01-02 13:20:00,database,65.01,66.09,46.71,1097.71,1297.74,109.42,0.24,74.64,0,normal
2026-01-02 13:25:00,api-gateway,50.97,58.69,56.55,1385.39,1216.57,151.88,0.15,31.54,0,normal
2026-01-02 13:25:00,user-service,38.32,55.25,50.44,654.26,672.42,126.05,0.14,33.83,0,normal
2026-01-02 13:25:00,payment-service,52.39,60.92,40.69,891.1,914.89,179.59,0.24,53.1,0,normal
2026-01-02 13:25:00,notification-service,38.35,46.18,66.56,520.17,497.27,114.62,0.14,28.99,0,normal
2026-01-02 13:25:00,database,59.52,65.01,59.09,1337.33,1396.24,104.7,0.19,70.32,0,normal
2026-01-02 13:30:00,api-gateway,48.88,54.44,45.09,1231.49,1262.74,136.93,0.16,36.88,0,normal
2026-01-02 13:30:00,user-service,44.61,44.71,42.46,550.76,657.49,134.11,0.32,41.58,0,normal
2026-01-02 13:30:00,payment-service,60.04,63.31,27.28,795.25,914.03,175.79,0.22,53.93,0,normal
2026-01-02 13:30:00,notification-service,38.22,41.8,37.42,470.97,488.22,79.0,0.2,31.55,0,normal
2026-01-02 13:30:00,database,61.97,60.31,57.18,1083.17,1303.16,108.31,0.16,69.91,0,normal
2026-01-02 13:35:00,api-gateway,56.84,55.4,69.38,1268.34,1260.64,153.9,0.25,34.31,0,normal
2026-01-02 13:35:00,user-service,42.01,54.65,64.85,510.6,632.12,140.15,0.2,31.79,0,normal
2026-01-02 13:35:00,payment-service,55.44,59.79,59.51,992.21,1011.17,181.75,0.21,55.97,0,normal
2026-01-02 13:35:00,notification-service,32.61,44.39,43.86,509.84,534.57,119.83,0.16,30.0,0,normal
2026-01-02 13:35:00,database,62.67,66.63,55.16,1446.45,1217.35,88.5,0.21,74.05,0,normal
2026-01-02 13:40:00,api-gateway,52.24,53.37,65.33,1405.66,1226.08,157.72,0.13,37.31,0,normal
2026-01-02 13:40:00,user-service,45.86,51.19,42.87,576.66,659.12,115.76,0.29,35.98,0,normal
2026-01-02 13:40:00,payment-service,62.44,63.57,38.06,1006.61,876.91,188.39,0.21,52.9,0,normal
2026-01-02 13:40:00,notification-service,34.11,49.66,32.12,455.59,539.92,124.06,0.16,29.71,0,normal
2026-01-02 13:40:00,database,59.7,68.93,44.31,1297.27,1324.65,91.38,0.23,76.61,0,normal
2026-01-02 13:45:00,api-gateway,50.69,58.78,56.88,1251.32,1128.4,141.73,0.17,35.04,0,normal
2026-01-02 13:45:00,user-service,40.57,48.01,62.68,664.39,625.86,109.61,0.21,36.97,0,normal
2026-01-02 13:45:00,payment-service,53.3,61.64,65.18,1031.95,942.79,183.33,0.28,53.85,0,normal
2026-01-02 13:45:00,notification-service,31.87,44.02,49.18,578.88,544.81,121.53,0.19,32.1,0,normal
2026-01-02 13:45:00,database,54.57,61.46,50.06,1465.24,1334.36,122.6,0.27,72.0,0,normal
2026-01-02 13:50:00,api-gateway,50.39,50.37,53.44,1196.63,1171.86,123.45,0.27,33.61,0,normal
2026-01-02 13:50:00,user-service,34.92,48.92,59.17,618.15,665.59,126.92,0.14,39.32,0,normal
2026-01-02 13:50:00,payment-service,51.85,65.56,51.19,977.98,953.86,149.69,0.22,57.89,0,normal
2026-01-02 13:50:00,notification-service,31.13,48.58,54.11,618.98,516.49,101.56,0.2,26.47,0,normal
2026-01-02 13:50:00,database,60.78,63.28,59.09,1263.86,1224.01,104.57,0.27,74.42,0,normal
2026-01-02 13:55:00,api-gateway,51.07,50.65,49.38,1017.06,1137.54,154.89,0.2,34.86,0,normal
2026-01-02 13:55:00,user-service,44.45,51.57,50.08,654.78,619.66,123.08,0.19,36.4,0,normal
2026-01-02 13:55:00,payment-service,60.83,56.71,43.98,753.73,882.97,173.41,0.27,54.27,0,normal
2026-01-02 13:55:00,notification-service,34.58,51.38,49.55,508.83,505.44,96.82,0.29,25.37,0,normal
2026-01-02 13:55:00,database,62.78,67.04,49.7,1272.09,1264.7,98.17,0.22,71.6,0,normal
2026-01-02 14:00:00,api-gateway,55.51,53.78,45.21,1435.61,1208.39,151.85,0.22,34.9,0,normal
2026-01-02 14:00:00,user-service,38.14,52.78,48.46,569.19,624.3,104.82,0.09,41.53,0,normal
2026-01-02 14:00:00,payment-service,58.75,58.34,36.16,819.36,948.39,250.0,1.0,65.0,0,db_connection_saturation
2026-01-02 14:00:00,notification-service,42.36,44.51,56.81,602.84,515.84,119.31,0.19,29.5,0,normal
2026-01-02 14:00:00,database,59.41,63.25,43.79,1164.41,1310.09,119.58,0.24,66.97,0,normal
2026-01-02 14:05:00,api-gateway,54.56,55.32,47.58,1085.55,1136.25,143.88,0.18,31.95,0,normal
2026-01-02 14:05:00,user-service,48.19,43.93,43.42,633.81,690.03,133.04,0.23,41.38,0,normal
2026-01-02 14:05:00,payment-service,55.6,56.63,41.56,731.11,901.46,336.11,1.39,66.94,0,db_connection_saturation
2026-01-02 14:05:00,notification-service,36.83,42.96,24.72,571.67,495.03,117.66,0.28,30.62,0,normal
2026-01-02 14:05:00,database,58.7,60.68,58.27,1501.29,1258.29,116.45,0.25,70.45,0,normal
2026-01-02 14:10:00,api-gateway,51.77,55.17,27.96,1383.28,1185.24,152.99,0.28,26.45,0,normal
2026-01-02 14:10:00,user-service,44.84,48.86,46.84,674.85,623.02,124.91,0.28,40.25,0,normal
2026-01-02 14:10:00,payment-service,54.8,58.15,54.34,951.39,885.59,422.22,1.78,68.89,0,db_connection_saturation
2026-01-02 14:10:00,notification-service,33.61,49.76,58.94,420.0,522.63,125.11,0.19,26.7,0,normal
2026-01-02 14:10:00,database,64.65,70.94,31.34,1167.81,1266.5,107.19,0.24,72.92,0,normal
2026-01-02 14:15:00,api-gateway,50.03,59.21,71.2,1004.25,1171.28,121.39,0.18,27.3,0,normal
2026-01-02 14:15:00,user-service,41.07,51.46,60.48,604.51,672.7,118.19,0.23,42.92,0,normal
2026-01-02 14:15:00,payment-service,59.35,62.14,52.67,1009.75,922.78,508.33,2.17,70.83,0,db_connection_saturation
2026-01-02 14:15:00,notification-service,37.14,48.42,46.4,488.52,506.06,119.82,0.23,26.69,0,normal
2026-01-02 14:15:00,database,67.96,66.42,61.94,1180.31,1320.61,90.29,0.23,76.89,0,normal
2026-01-02 14:20:00,api-gateway,47.0,51.24,51.16,1311.5,1186.39,144.49,0.15,29.57,0,normal
2026-01-02 14:20:00,user-service,45.93,50.86,59.91,674.87,625.85,123.23,0.28,34.39,0,normal
2026-01-02 14:20:00,payment-service,61.17,60.84,61.05,1126.69,939.9,594.44,2.56,72.78,0,db_connection_saturation
2026-01-02 14:20:00,notification-service,38.13,48.97,57.34,442.66,520.89,118.05,0.25,26.91,0,normal
2026-01-02 14:20:00,database,64.94,62.65,53.22,1444.74,1234.56,112.54,0.25,68.9,0,normal
2026-01-02 14:25:00,api-gateway,48.89,58.34,42.77,1060.99,1134.84,146.61,0.19,33.19,0,normal
2026-01-02 14:25:00,user-service,46.47,52.7,48.12,593.27,639.24,141.81,0.17,42.75,0,normal
2026-01-02 14:25:00,payment-service,51.07,59.27,49.67,740.29,895.61,680.56,2.94,74.72,0,db_connection_saturation
2026-01-02 14:25:00,notification-service,37.12,45.88,58.46,495.41,538.13,113.28,0.15,27.76,0,normal
2026-01-02 14:25:00,database,55.55,69.24,38.77,1381.48,1212.93,107.82,0.17,75.01,0,normal
2026-01-02 14:30:00,api-gateway,41.86,51.04,43.01,991.8,1202.43,159.64,0.11,32.69,0,normal
2026-01-02 14:30:00,user-service,36.71,46.48,54.74,603.04,626.91,126.02,0.14,38.99,0,normal
2026-01-02 14:30:00,payment-service,56.54,60.42,59.85,1039.75,952.24,766.67,3.33,76.67,0,db_connection_saturation
2026-01-02 14:30:00,notification-service,33.39,47.34,51.68,572.5,535.68,115.4,0.19,26.54,0,normal
2026-01-02 14:30:00,database,60.06,62.59,51.33,1386.14,1267.04,113.32,0.2,68.63,0,normal
2026-01-02 14:35:00,api-gateway,49.88,53.32,52.3,1215.12,1088.51,142.94,0.11,34.35,0,normal
2026-01-02 14:35:00,user-service,38.32,49.0,44.0,580.93,637.83,139.78,0.14,39.47,0,normal
2026-01-02 14:35:00,payment-service,53.76,56.11,44.99,838.85,923.05,852.78,3.72,78.61,0,db_connection_saturation
2026-01-02 14:35:00,notification-service,31.65,45.36,58.17,522.68,514.48,113.67,0.27,28.94,0,normal
2026-01-02 14:35:00,database,60.02,58.95,51.88,1187.41,1324.46,81.32,0.21,74.18,0,normal
2026-01-02 14:40:00,api-gateway,54.1,53.89,46.13,1256.03,1246.94,138.28,0.24,34.29,0,normal
2026-01-02 14:40:00,user-service,33.07,51.71,38.53,530.08,642.74,119.54,0.21,38.41,0,normal
2026-01-02 14:40:00,payment-service,62.4,64.23,75.89,966.21,874.96,938.89,4.11,80.56,0,db_connection_saturation
2026-01-02 14:40:00,notification-service,42.3,49.38,43.06,504.5,522.89,127.93,0.19,22.42,0,normal
2026-01-02 14:40:00,database,66.05,67.78,30.82,1390.99,1302.52,105.23,0.17,78.27,0,normal
2026-01-02 14:45:00,api-gateway,54.4,52.52,54.85,1196.79,1071.81,140.55,0.25,28.65,0,normal
2026-01-02 14:45:00,user-service,46.42,49.14,59.25,696.36,628.48,121.3,0.23,43.9,0,normal
2026-01-02 14:45:00,payment-service,51.62,58.56,35.27,1108.49,957.42,1025.0,4.5,82.5,0,db_connection_saturation
2026-01-02 14:45:00,notification-service,38.7,44.17,53.9,488.79,510.18,112.23,0.22,27.9,0,normal
2026-01-02 14:45:00,database,59.9,66.38,53.84,1232.29,1281.84,106.79,0.13,65.37,0,normal
2026-01-02 14:50:00,api-gateway,52.23,54.21,57.91,1176.6,1173.14,160.81,0.26,25.58,0,normal
2026-01-02 14:50:00,user-service,32.54,49.24,56.76,776.97,661.42,136.54,0.25,36.38,0,normal
2026-01-02 14:50:00,payment-service,57.01,61.25,58.37,1062.89,938.55,1111.11,4.89,84.44,0,db_connection_saturation
2026-01-02 14:50:00,notification-service,40.5,41.53,41.12,516.48,534.48,127.46,0.32,25.72,0,normal
2026-01-02 14:50:00,database,59.48,65.58,42.99,1164.84,1281.93,98.67,0.16,72.6,0,normal
2026-01-02 14:55:00,api-gateway,48.89,50.81,64.8,992.23,1191.91,140.0,0.24,29.61,0,normal
2026-01-02 14:55:00,user-service,49.91,49.51,52.33,638.47,640.73,128.98,0.25,40.65,0,normal
2026-01-02 14:55:00,payment-service,52.57,61.3,29.84,858.78,904.36,1197.22,5.28,86.39,0,db_connection_saturation
2026-01-02 14:55:00,notification-service,44.96,39.51,44.5,441.37,515.9,106.78,0.19,27.49,0,normal
2026-01-02 14:55:00,database,61.64,62.72,44.94,1202.9,1295.95,105.86,0.26,68.86,0,normal
2026-01-02 15:00:00,api-gateway,49.68,59.17,55.21,1329.73,1248.99,144.59,0.29,30.98,0,normal
2026-01-02 15:00:00,user-service,44.58,49.89,55.24,525.87,650.11,118.29,0.18,37.7,0,normal
2026-01-02 15:00:00,payment-service,52.49,56.04,42.82,942.83,923.43,1283.33,5.67,88.33,0,db_connection_saturation
2026-01-02 15:00:00,notification-service,36.13,48.24,52.96,420.92,507.69,116.34,0.18,25.69,0,normal
2026-01-02 15:00:00,database,57.99,68.08,51.76,1129.29,1329.65,129.77,0.14,70.92,0,normal
2026-01-02 15:05:00,api-gateway,53.6,54.86,34.18,1375.74,1209.4,157.47,0.22,32.73,0,normal
2026-01-02 15:05:00,user-service,44.32,47.43,41.97,776.06,649.3,116.42,0.18,37.19,0,normal
2026-01-02 15:05:00,payment-service,55.67,56.39,52.92,833.91,974.07,1369.44,6.06,90.28,0,db_connection_saturation
2026-01-02 15:05:00,notification-service,41.22,39.67,54.4,461.82,542.15,121.87,0.29,24.63,0,normal
2026-01-02 15:05:00,database,62.99,63.55,35.71,1354.64,1258.83,117.07,0.11,76.95,0,normal
2026-01-02 15:10:00,api-gateway,57.84,58.7,51.05,1361.27,1173.28,142.71,0.35,35.48,0,normal
2026-01-02 15:10:00,user-service,43.69,51.98,39.16,654.36,634.18,121.12,0.16,34.62,0,normal
2026-01-02 15:10:00,payment-service,47.95,54.81,50.58,761.51,941.61,1455.56,6.44,92.22,0,db_connection_saturation
2026-01-02 15:10:00,notification-service,32.85,46.44,64.51,429.81,515.07,107.51,0.22,28.11,0,normal
2026-01-02 15:10:00,database,65.7,60.18,57.54,1456.65,1307.93,105.4,0.24,70.8,0,normal
2026-01-02 15:15:00,api-gateway,48.31,50.37,37.52,1198.0,1192.85,143.86,0.19,25.36,0,normal
2026-01-02 15:15:00,user-service,41.52,45.3,60.99,586.6,683.07,128.33,0.23,41.94,0,normal
2026-01-02 15:15:00,payment-service,58.7,59.22,54.48,1020.32,862.18,1541.67,6.83,94.17,0,db_connection_saturation
2026-01-02 15:15:00,notification-service,34.13,42.83,51.24,473.43,576.94,117.42,0.18,33.56,0,normal
2026-01-02 15:15:00,database,57.09,65.2,49.8,1077.47,1304.83,106.47,0.28,72.96,0,normal
2026-01-02 15:20:00,api-gateway,47.64,53.82,52.4,1258.35,1249.23,139.51,0.17,34.44,0,normal
2026-01-02 15:20:00,user-service,45.92,48.91,57.07,751.01,677.59,139.26,0.17,35.39,0,normal
2026-01-02 15:20:00,payment-service,59.01,57.7,70.99,1022.44,888.31,1627.78,7.22,96.11,0,db_connection_saturation
2026-01-02 15:20:00,notification-service,26.86,46.34,41.96,563.56,505.88,111.28,0.19,29.97,0,normal
2026-01-02 15:20:00,database,59.29,67.12,30.01,1427.17,1303.91,107.63,0.15,70.03,0,normal
2026-01-02 15:25:00,api-gateway,56.09,57.09,40.7,1148.0,1132.59,148.04,0.24,32.46,0,normal
2026-01-02 15:25:00,user-service,46.37,52.62,48.72,647.26,647.54,133.26,0.25,31.92,0,normal
2026-01-02 15:25:00,payment-service,53.78,58.53,35.31,1037.7,894.46,1713.89,7.61,98.06,0,db_connection_saturation
2026-01-02 15:25:00,notification-service,35.65,44.84,61.31,434.87,543.02,107.98,0.29,23.89,0,normal
2026-01-02 15:25:00,database,57.91,62.71,64.16,1455.93,1230.37,113.68,0.14,73.33,0,normal
2026-01-02 15:30:00,api-gateway,54.75,56.39,45.32,1103.3,1162.92,146.57,0.22,32.81,0,normal
2026-01-02 15:30:00,user-service,39.19,48.43,35.93,636.52,670.54,128.3,0.17,44.85,0,normal
2026-01-02 15:30:00,payment-service,55.18,63.86,38.29,848.94,936.48,1800.0,8.0,100.0,0,db_connection_saturation
2026-01-02 15:30:00,notification-service,37.38,45.16,53.29,519.4,540.64,124.13,0.19,28.29,0,normal
2026-01-02 15:30:00,database,69.84,63.84,57.72,1522.36,1313.92,121.97,0.21,70.88,0,normal
2026-01-02 15:35:00,api-gateway,52.59,48.81,42.55,1217.17,1169.62,135.63,0.2,36.83,0,normal
2026-01-02 15:35:00,user-service,36.42,44.52,49.85,750.18,635.14,129.04,0.18,39.67,0,normal
2026-01-02 15:35:00,payment-service,61.76,62.49,64.33,733.61,869.03,171.37,0.26,52.27,0,normal
2026-01-02 15:35:00,notification-service,35.69,44.43,55.37,508.07,536.97,102.56,0.19,32.5,0,normal
2026-01-02 15:35:00,database,60.17,63.23,55.18,1404.28,1333.64,118.38,0.2,76.45,0,normal
2026-01-02 15:40:00,api-gateway,51.53,61.63,50.34,1001.87,1116.92,125.71,0.22,31.99,0,normal
2026-01-02 15:40:00,user-service,39.56,49.07,49.71,704.43,659.55,122.4,0.21,38.07,0,normal
2026-01-02 15:40:00,payment-service,57.28,54.54,62.86,797.56,893.55,173.24,0.15,59.72,0,normal
2026-01-02 15:40:00,notification-service,40.98,43.43,53.11,595.41,521.09,91.8,0.2,30.11,0,normal
2026-01-02 15:40:00,database,61.4,69.54,48.02,1403.55,1221.39,104.06,0.22,63.99,0,normal
2026-01-02 15:45:00,api-gateway,46.5,52.95,64.23,956.89,1087.69,137.25,0.16,31.97,0,normal
2026-01-02 15:45:00,user-service,41.17,49.75,48.34,755.97,661.07,145.82,0.24,40.41,0,normal
2026-01-02 15:45:00,payment-service,57.32,59.55,35.38,1098.9,917.71,179.84,0.19,52.55,0,normal
2026-01-02 15:45:00,notification-service,33.33,42.97,39.14,522.6,578.76,125.88,0.19,27.68,0,normal
2026-01-02 15:45:00,database,59.69,67.21,43.66,1275.87,1324.58,86.59,0.19,77.13,0,normal
2026-01-02 15:50:00,api-gateway,53.78,58.85,62.19,1160.16,1156.14,140.22,0.23,35.05,0,normal
2026-01-02 15:50:00,user-service,37.17,46.76,52.93,560.08,641.25,120.51,0.26,36.63,0,normal
2026-01-02 15:50:00,payment-service,59.74,59.43,42.17,1090.57,910.52,175.23,0.19,51.88,0,normal
2026-01-02 15:50:00,notification-service,32.94,42.67,47.16,470.23,502.35,123.26,0.25,28.83,0,normal
2026-01-02 15:50:00,database,56.8,60.22,40.0,1248.02,1270.45,118.54,0.24,69.29,0,normal
2026-01-02 15:55:00,api-gateway,58.42,56.72,57.77,1462.83,1229.28,153.65,0.15,32.18,0,normal
2026-01-02 15:55:00,user-service,48.95,50.35,65.91,557.44,635.66,113.26,0.14,36.95,0,normal
2026-01-02 15:55:00,payment-service,53.87,62.95,59.66,846.52,886.89,190.35,0.13,51.74,0,normal
2026-01-02 15:55:00,notification-service,29.42,48.66,39.62,512.55,536.07,107.76,0.21,25.09,0,normal
2026-01-02 15:55:00,database,66.71,75.13,54.42,1163.6,1264.64,98.05,0.19,74.42,0,normal
2026-01-02 16:00:00,api-gateway,53.4,59.16,56.95,1340.96,1214.62,140.16,0.22,34.39,0,normal
2026-01-02 16:00:00,user-service,40.8,51.06,48.86,701.75,678.18,126.45,0.2,36.33,0,normal
2026-01-02 16:00:00,payment-service,51.44,59.08,38.19,874.86,948.83,189.55,0.22,54.54,0,normal
2026-01-02 16:00:00,notification-service,37.79,46.26,38.7,598.7,499.12,124.26,0.2,22.35,0,normal
2026-01-02 16:00:00,database,58.68,61.76,47.75,1065.62,1274.08,110.31,0.25,70.74,0,normal
2026-01-02 16:05:00,api-gateway,48.0,50.86,45.67,1153.19,1122.37,148.75,0.28,33.84,0,normal
2026-01-02 16:05:00,user-service,37.45,52.97,59.68,589.42,681.48,142.51,0.25,43.23,0,normal
2026-01-02 16:05:00,payment-service,54.69,62.4,45.44,874.51,899.41,178.29,0.26,49.93,0,normal
2026-01-02 16:05:00,notification-service,40.33,43.52,52.12,533.23,495.37,101.92,0.26,32.27,0,normal
2026-01-02 16:05:00,database,60.32,63.82,56.7,1429.38,1301.7,106.83,0.33,69.65,0,normal
2026-01-02 16:10:00,api-gateway,47.81,52.8,57.46,1262.39,1154.8,140.13,0.29,39.28,0,normal
2026-01-02 16:10:00,user-service,40.76,49.18,42.23,561.72,625.98,125.56,0.14,40.5,0,normal
2026-01-02 16:10:00,payment-service,54.01,59.9,40.17,1008.59,901.24,174.93,0.28,47.25,0,normal
2026-01-02 16:10:00,notification-service,35.84,45.38,59.97,582.61,500.95,118.21,0.23,32.22,0,normal
2026-01-02 16:10:00,database,62.24,59.2,37.96,1393.22,1311.57,103.73,0.4,76.6,0,normal
2026-01-02 16:15:00,api-gateway,59.79,52.62,47.18,1183.31,1189.04,142.57,0.22,28.62,0,normal
2026-01-02 16:15:00,user-service,43.65,50.06,58.11,575.28,623.07,127.65,0.14,40.34,0,normal
2026-01-02 16:15:00,payment-service,56.06,60.2,55.56,838.89,890.09,188.19,0.15,50.27,0,normal
2026-01-02 16:15:00,notification-service,30.21,41.08,30.61,476.51,533.88,106.07,0.13,27.1,0,normal
2026-01-02 16:15:00,database,66.69,68.12,38.06,1218.51,1243.23,98.09,0.3,72.28,0,normal
2026-01-02 16:20:00,api-gateway,50.09,58.95,47.25,1000.49,1145.64,143.64,0.19,32.87,0,normal
2026-01-02 16:20:00,user-service,38.01,52.49,47.24,690.5,659.26,121.65,0.25,34.61,0,normal
2026-01-02 16:20:00,payment-service,46.47,59.26,55.92,912.95,940.49,165.85,0.18,53.87,0,normal
2026-01-02 16:20:00,notification-service,26.97,46.73,55.66,471.98,519.62,103.72,0.06,26.61,0,normal
2026-01-02 16:20:00,database,57.49,62.89,46.2,1397.46,1275.58,105.65,0.2,70.6,0,normal
2026-01-02 16:25:00,api-gateway,54.03,58.77,54.17,1101.95,1177.54,142.06,0.17,33.78,0,normal
2026-01-02 16:25:00,user-service,43.79,47.82,44.51,714.8,650.11,125.63,0.21,35.97,0,normal
2026-01-02 16:25:00,payment-service,57.08,59.22,60.94,960.96,884.12,177.92,0.16,52.46,0,normal
2026-01-02 16:25:00,notification-service,30.38,43.96,57.84,467.48,516.26,99.02,0.24,30.15,0,normal
2026-01-02 16:25:00,database,63.42,60.86,63.7,1430.26,1301.44,101.17,0.12,73.4,0,normal
2026-01-02 16:30:00,api-gateway,56.41,52.49,40.07,1043.79,1180.3,154.52,0.2,34.68,0,normal
2026-01-02 16:30:00,user-service,43.48,50.24,64.76,656.39,631.89,109.62,0.27,40.23,0,normal
2026-01-02 16:30:00,payment-service,51.85,59.02,52.81,775.06,924.36,175.93,0.2,54.02,0,normal
2026-01-02 16:30:00,notification-service,33.78,46.0,54.71,542.09,518.19,121.07,0.27,23.01,0,normal
2026-01-02 16:30:00,database,61.73,60.48,35.14,1161.05,1339.92,104.18,0.14,72.39,0,normal
2026-01-02 16:35:00,api-gateway,56.79,56.54,46.18,995.15,1192.17,154.91,0.2,27.83,0,normal
2026-01-02 16:35:00,user-service,41.92,50.24,43.61,689.65,654.22,129.61,0.33,44.66,0,normal
2026-01-02 16:35:00,payment-service,56.6,62.03,70.48,690.09,828.86,152.12,0.16,52.64,0,normal
2026-01-02 16:35:00,notification-service,35.1,46.3,41.48,618.51,521.97,126.06,0.23,33.22,0,normal
2026-01-02 16:35:00,database,68.51,62.69,67.09,1350.22,1292.63,99.14,0.19,73.07,0,normal
2026-01-02 16:40:00,api-gateway,47.22,55.25,40.65,1359.33,1176.53,138.34,0.21,36.21,0,normal
2026-01-02 16:40:00,user-service,48.67,53.96,53.39,767.94,671.01,129.18,0.19,37.77,0,normal
2026-01-02 16:40:00,payment-service,55.83,63.68,45.69,828.32,865.93,186.0,0.14,51.09,0,normal
2026-01-02 16:40:00,notification-service,37.24,44.63,41.37,456.09,510.63,109.15,0.08,34.02,0,normal
2026-01-02 16:40:00,database,51.63,69.78,55.04,1267.84,1328.82,108.28,0.16,77.37,0,normal
2026-01-02 16:45:00,api-gateway,56.61,58.75,31.51,1225.57,1173.83,147.6,0.16,30.21,0,normal
2026-01-02 16:45:00,user-service,44.52,50.09,49.13,642.62,647.72,127.56,0.18,36.78,0,normal
2026-01-02 16:45:00,payment-service,55.14,56.59,43.19,863.17,911.46,173.36,0.17,57.9,0,normal
2026-01-02 16:45:00,notification-service,33.16,43.13,56.71,490.57,522.78,117.67,0.11,23.47,0,normal
2026-01-02 16:45:00,database,66.34,63.87,50.56,1312.99,1203.46,107.91,0.1,68.77,0,normal
2026-01-02 16:50:00,api-gateway,61.83,58.19,35.18,934.96,1116.13,150.7,0.21,32.63,0,normal
2026-01-02 16:50:00,user-service,47.63,50.64,45.37,599.06,653.93,143.58,0.06,35.38,0,normal
2026-01-02 16:50:00,payment-service,51.16,57.52,27.72,736.86,855.85,177.61,0.17,53.03,0,normal
2026-01-02 16:50:00,notification-service,41.41,43.75,45.52,492.62,549.55,120.8,0.21,30.66,0,normal
2026-01-02 16:50:00,database,58.58,66.95,46.76,1316.79,1250.16,117.04,0.25,77.26,0,normal
2026-01-02 16:55:00,api-gateway,55.8,56.69,43.3,1081.16,1100.65,154.06,0.3,29.96,0,normal
2026-01-02 16:55:00,user-service,48.19,48.61,58.99,761.92,669.65,130.84,0.24,35.49,0,normal
2026-01-02 16:55:00,payment-service,59.05,61.58,52.73,946.17,993.9,184.22,0.26,50.6,0,normal
2026-01-02 16:55:00,notification-service,37.39,40.63,70.85,576.68,523.51,120.41,0.18,29.68,0,normal
2026-01-02 16:55:00,database,63.48,68.65,44.83,951.13,1185.54,113.69,0.19,75.63,0,normal
2026-01-02 17:00:00,api-gateway,46.62,57.15,42.01,1304.14,1161.75,140.17,0.17,28.41,0,normal
2026-01-02 17:00:00,user-service,46.76,50.5,50.95,612.63,675.71,127.67,0.23,33.15,0,normal
2026-01-02 17:00:00,payment-service,58.77,55.73,41.16,983.44,940.16,182.72,0.19,54.35,0,normal
2026-01-02 17:00:00,notification-service,31.19,44.45,40.86,553.12,533.88,98.8,0.2,29.13,0,normal
2026-01-02 17:00:00,database,58.85,66.5,47.01,1448.46,1294.19,100.66,0.19,69.52,0,normal
2026-01-02 17:05:00,api-gateway,46.85,53.76,46.92,1095.37,1143.35,157.68,0.2,26.32,0,normal
2026-01-02 17:05:00,user-service,46.72,51.18,42.18,710.14,671.69,105.93,0.16,43.04,0,normal
2026-01-02 17:05:00,payment-service,51.97,64.38,63.63,878.52,915.47,193.13,0.2,51.73,0,normal
2026-01-02 17:05:00,notification-service,36.67,42.74,55.75,460.4,517.82,102.64,0.18,29.33,0,normal
2026-01-02 17:05:00,database,61.34,65.88,57.3,1451.06,1266.45,95.13,0.22,74.75,0,normal
2026-01-02 17:10:00,api-gateway,55.17,59.28,34.98,1173.04,1180.74,133.71,0.16,29.97,0,normal
2026-01-02 17:10:00,user-service,45.43,48.45,55.2,740.5,648.43,115.53,0.2,39.95,0,normal
2026-01-02 17:10:00,payment-service,54.21,65.99,61.2,824.17,982.11,168.31,0.17,55.58,0,normal
2026-01-02 17:10:00,notification-service,31.32,48.05,51.93,412.56,510.44,111.19,0.23,31.68,0,normal
2026-01-02 17:10:00,database,64.81,63.23,49.23,1275.3,1232.72,104.58,0.13,71.36,0,normal
2026-01-02 17:15:00,api-gateway,49.48,57.23,38.4,1462.4,1226.92,154.88,0.17,34.9,0,normal
2026-01-02 17:15:00,user-service,40.01,46.4,59.02,541.57,646.74,105.06,0.21,40.39,0,normal
2026-01-02 17:15:00,payment-service,56.02,58.23,53.91,968.41,894.7,174.08,0.19,50.96,0,normal
2026-01-02 17:15:00,notification-service,35.72,48.68,51.3,453.49,516.77,117.91,0.13,33.16,0,normal
2026-01-02 17:15:00,database,61.06,70.24,39.63,1304.85,1308.97,105.8,0.21,78.14,0,normal
2026-01-02 17:20:00,api-gateway,51.2,54.66,56.43,1289.99,1217.25,156.56,0.05,36.52,0,normal
2026-01-02 17:20:00,user-service,42.0,44.69,53.26,529.3,650.7,140.62,0.14,42.0,0,normal
2026-01-02 17:20:00,payment-service,48.57,61.97,57.28,840.21,880.94,172.69,0.2,48.46,0,normal
2026-01-02 17:20:00,notification-service,34.89,43.29,48.76,594.08,517.02,102.25,0.26,27.9,0,normal
2026-01-02 17:20:00,database,54.76,68.04,41.34,1202.34,1332.95,102.57,0.21,71.7,0,normal
2026-01-02 17:25:00,api-gateway,49.33,53.77,48.31,1003.07,1182.54,157.33,0.16,39.2,0,normal
2026-01-02 17:25:00,user-service,41.23,51.82,69.28,623.34,658.19,127.3,0.11,32.14,0,normal
2026-01-02 17:25:00,payment-service,58.08,51.45,22.98,978.04,910.0,160.9,0.17,55.17,0,normal
2026-01-02 17:25:00,notification-service,39.42,43.61,61.64,594.44,534.88,123.47,0.15,26.56,0,normal
2026-01-02 17:25:00,database,59.17,67.12,43.09,1107.58,1292.09,89.93,0.22,74.98,0,normal
2026-01-02 17:30:00,api-gateway,56.38,53.98,41.22,1336.21,1223.41,150.11,0.23,34.93,0,normal
2026-01-02 17:30:00,user-service,44.27,54.19,39.81,630.15,695.51,125.39,0.21,43.13,0,normal
2026-01-02 17:30:00,payment-service,55.84,63.61,31.6,895.96,904.08,171.26,0.2,52.16,0,normal
2026-01-02 17:30:00,notification-service,38.73,44.55,36.88,420.72,514.68,116.54,0.21,27.26,0,normal
2026-01-02 17:30:00,database,60.99,73.79,40.2,1060.93,1246.25,123.38,0.21,72.62,0,normal
2026-01-02 17:35:00,api-gateway,54.19,58.22,62.63,1344.32,1133.92,140.54,0.23,32.93,0,normal
2026-01-02 17:35:00,user-service,43.99,46.57,45.33,505.11,607.98,120.14,0.25,40.04,0,normal
2026-01-02 17:35:00,payment-service,55.41,60.68,43.42,1028.46,895.69,162.76,0.28,50.06,0,normal
2026-01-02 17:35:00,notification-service,32.18,41.41,47.11,568.8,531.21,117.1,0.19,28.47,0,normal
2026-01-02 17:35:00,database,69.77,66.94,41.66,1352.27,1385.54,124.61,0.17,76.81,0,normal
2026-01-02 17:40:00,api-gateway,49.83,51.83,47.78,1340.58,1237.32,143.35,0.17,31.36,0,normal
2026-01-02 17:40:00,user-service,44.72,49.4,64.94,626.47,693.27,127.98,0.21,42.25,0,normal
2026-01-02 17:40:00,payment-service,54.84,60.38,34.63,928.24,937.44,170.66,0.12,49.26,0,normal
2026-01-02 17:40:00,notification-service,29.01,41.72,37.26,494.81,533.38,117.69,0.25,25.51,0,normal
2026-01-02 17:40:00,database,60.62,65.01,53.43,1370.88,1268.91,107.82,0.18,72.8,0,normal
2026-01-02 17:45:00,api-gateway,52.57,52.31,55.55,1068.14,1190.98,150.51,0.18,37.7,0,normal
2026-01-02 17:45:00,user-service,44.77,58.36,72.79,553.69,658.0,136.14,0.16,34.65,0,normal
2026-01-02 17:45:00,payment-service,66.5,61.99,32.73,1076.9,902.5,167.3,0.23,55.22,0,normal
2026-01-02 17:45:00,notification-service,38.19,44.21,48.7,582.3,536.64,111.39,0.17,27.94,0,normal
2026-01-02 17:45:00,database,59.7,64.2,46.44,1045.06,1300.82,117.62,0.19,70.92,0,normal
2026-01-02 17:50:00,api-gateway,52.69,57.7,47.31,1206.11,1173.74,159.13,0.15,33.9,0,normal
2026-01-02 17:50:00,user-service,36.97,50.47,33.19,559.02,624.89,121.04,0.2,38.14,0,normal
2026-01-02 17:50:00,payment-service,57.13,59.82,47.33,1049.49,879.16,194.59,0.21,55.31,0,normal
2026-01-02 17:50:00,notification-service,32.04,44.66,51.77,495.98,553.52,99.02,0.35,30.3,0,normal
2026-01-02 17:50:00,database,62.39,62.84,56.43,1196.49,1378.41,93.14,0.17,76.14,0,normal
2026-01-02 17:55:00,api-gateway,51.48,51.3,30.74,1130.88,1187.54,145.66,0.2,33.92,0,normal
2026-01-02 17:55:00,user-service,43.92,50.68,65.75,613.17,687.98,120.18,0.19,41.75,0,normal
2026-01-02 17:55:00,payment-service,53.13,55.82,78.76,872.59,875.66,164.37,0.21,49.97,0,normal
2026-01-02 17:55:00,notification-service,38.36,45.09,42.98,553.94,486.32,135.49,0.17,30.15,0,normal
2026-01-02 17:55:00,database,61.29,67.46,56.5,1623.67,1375.14,119.44,0.21,71.03,0,normal
2026-01-02 18:00:00,api-gateway,51.37,53.02,46.64,1381.33,1188.8,146.46,0.16,31.07,0,normal
2026-01-02 18:00:00,user-service,49.24,50.56,50.79,727.5,647.01,135.26,0.25,38.57,0,normal
2026-01-02 18:00:00,payment-service,63.88,58.05,46.97,898.62,885.31,158.62,0.19,55.23,0,normal
2026-01-02 18:00:00,notification-service,39.8,49.32,45.28,577.91,509.09,101.02,0.29,28.59,0,normal
2026-01-02 18:00:00,database,62.88,63.89,61.89,1324.02,1305.4,106.31,0.17,72.66,0,normal
2026-01-02 18:05:00,api-gateway,48.16,62.31,45.36,1004.37,1106.45,145.91,0.28,26.39,0,normal
2026-01-02 18:05:00,user-service,42.91,52.39,42.95,717.94,607.59,122.12,0.26,37.31,0,normal
2026-01-02 18:05:00,payment-service,58.27,58.36,51.11,1058.27,888.94,161.03,0.22,48.87,0,normal
2026-01-02 18:05:00,notification-service,39.28,49.66,56.99,553.62,540.12,120.86,0.26,28.37,0,normal
2026-01-02 18:05:00,database,59.81,67.41,35.33,1640.19,1412.24,106.09,0.2,69.81,0,normal
2026-01-02 18:10:00,api-gateway,52.35,53.79,51.51,1418.06,1215.98,147.9,0.21,34.93,0,normal
2026-01-02 18:10:00,user-service,32.46,48.95,30.5,599.75,630.77,120.06,0.2,38.06,0,normal
2026-01-02 18:10:00,payment-service,53.92,63.06,44.68,933.4,941.27,177.49,0.24,52.96,0,normal
2026-01-02 18:10:00,notification-service,36.35,46.92,38.51,607.09,514.27,108.15,0.19,28.84,0,normal
2026-01-02 18:10:00,database,59.71,65.85,69.83,1528.66,1343.74,97.71,0.21,76.56,0,normal
2026-01-02 18:15:00,api-gateway,51.22,56.93,48.55,1363.23,1277.65,149.99,0.21,35.11,0,normal
2026-01-02 18:15:00,user-service,37.7,47.23,41.04,819.87,693.24,125.37,0.23,41.33,0,normal
2026-01-02 18:15:00,payment-service,62.87,56.05,54.86,923.48,936.48,175.36,0.24,57.51,0,normal
2026-01-02 18:15:00,notification-service,41.98,46.62,59.51,603.14,518.18,92.38,0.25,31.49,0,normal
2026-01-02 18:15:00,database,63.34,61.95,44.51,1347.75,1204.45,100.47,0.25,71.85,0,normal
2026-01-02 18:20:00,api-gateway,48.41,50.76,29.21,1091.27,1019.93,146.67,0.2,30.47,0,normal
2026-01-02 18:20:00,user-service,35.76,54.56,42.13,707.96,642.25,119.36,0.21,38.44,0,normal
2026-01-02 18:20:00,payment-service,47.9,62.86,65.38,1003.06,905.9,169.96,0.2,53.98,0,normal
2026-01-02 18:20:00,notification-service,41.8,44.96,48.92,517.65,517.49,110.22,0.23,26.86,0,normal
2026-01-02 18:20:00,database,66.9,64.12,47.83,1300.26,1367.69,97.48,0.14,72.72,0,normal
2026-01-02 18:25:00,api-gateway,44.84,55.7,51.85,1241.45,1154.63,152.81,0.2,30.73,0,normal
2026-01-02 18:25:00,user-service,40.49,53.13,31.48,593.36,655.67,132.18,0.17,38.48,0,normal
2026-01-02 18:25:00,payment-service,62.73,61.96,47.88,963.89,918.65,176.94,0.19,51.69,0,normal
2026-01-02 18:25:00,notification-service,28.65,49.13,62.9,459.15,508.52,102.43,0.2,29.34,0,normal
2026-01-02 18:25:00,database,72.81,66.47,40.14,1396.99,1260.39,101.85,0.23,66.51,0,normal
2026-01-02 18:30:00,api-gateway,44.65,56.53,44.75,1064.46,1140.09,158.76,0.16,30.68,0,normal
2026-01-02 18:30:00,user-service,43.85,55.76,41.68,573.7,664.29,135.89,0.24,38.01,0,normal
2026-01-02 18:30:00,payment-service,57.2,65.22,54.65,972.43,943.6,173.69,0.21,52.69,0,normal
2026-01-02 18:30:00,notification-service,35.03,44.39,50.24,466.52,524.56,111.53,0.16,27.26,0,normal
2026-01-02 18:30:00,database,50.54,70.24,21.24,1382.74,1243.23,110.42,0.17,72.08,0,normal
2026-01-02 18:35:00,api-gateway,54.09,59.61,61.97,1291.13,1137.22,144.04,0.18,34.71,0,normal
2026-01-02 18:35:00,user-service,36.98,46.81,57.14,671.82,627.97,131.71,0.15,35.33,0,normal
2026-01-02 18:35:00,payment-service,56.68,63.82,34.95,982.85,921.48,157.08,0.19,54.99,0,normal
2026-01-02 18:35:00,notification-service,34.13,47.67,63.77,526.02,544.66,126.26,0.22,31.47,0,normal
2026-01-02 18:35:00,database,58.55,65.37,60.12,1194.34,1318.92,110.35,0.19,75.45,0,normal
2026-01-02 18:40:00,api-gateway,57.23,54.31,44.14,1052.74,1080.04,165.67,0.22,34.41,0,normal
2026-01-02 18:40:00,user-service,40.56,51.13,48.96,722.28,623.84,140.33,0.23,33.9,0,normal
2026-01-02 18:40:00,payment-service,56.82,60.45,68.74,803.14,987.46,174.85,0.27,51.3,0,normal
2026-01-02 18:40:00,notification-service,41.0,43.98,36.35,588.02,502.13,129.84,0.18,22.74,0,normal
2026-01-02 18:40:00,database,61.59,68.65,23.28,1482.8,1344.65,91.67,0.2,72.4,0,normal
2026-01-02 18:45:00,api-gateway,47.36,52.87,74.15,1047.99,1121.13,136.34,0.17,29.26,0,normal
2026-01-02 18:45:00,user-service,35.36,51.72,62.41,553.23,613.81,133.31,0.26,39.64,0,normal
2026-01-02 18:45:00,payment-service,58.76,62.47,45.54,948.35,835.5,170.84,0.27,48.19,0,normal
2026-01-02 18:45:00,notification-service,32.48,47.23,45.75,507.08,522.73,122.94,0.14,28.32,0,normal
2026-01-02 18:45:00,database,59.3,67.42,57.45,1320.47,1341.89,96.73,0.2,75.46,0,normal
2026-01-02 18:50:00,api-gateway,48.55,51.8,50.55,1324.48,1250.76,146.42,0.25,33.33,0,normal
2026-01-02 18:50:00,user-service,44.44,48.07,49.14,573.26,630.18,137.0,0.23,41.6,0,normal
2026-01-02 18:50:00,payment-service,58.84,54.27,44.54,1004.55,848.97,166.35,0.24,56.81,0,normal
2026-01-02 18:50:00,notification-service,29.04,49.26,43.44,488.6,509.62,116.66,0.16,31.98,0,normal
2026-01-02 18:50:00,database,60.15,65.92,41.72,1358.26,1314.88,97.35,0.13,74.61,0,normal
2026-01-02 18:55:00,api-gateway,55.58,58.49,53.23,1247.28,1159.07,145.79,0.31,39.7,0,normal
2026-01-02 18:55:00,user-service,48.1,48.74,53.19,607.97,674.9,122.01,0.19,39.46,0,normal
2026-01-02 18:55:00,payment-service,55.0,64.19,55.36,800.44,964.7,189.19,0.27,51.21,0,normal
2026-01-02 18:55:00,notification-service,31.36,45.09,63.69,517.48,496.91,94.09,0.11,26.09,0,normal
2026-01-02 18:55:00,database,56.41,66.83,43.45,1512.9,1261.53,102.13,0.21,71.07,0,normal
2026-01-02 19:00:00,api-gateway,41.89,57.24,48.15,1066.31,915.58,143.0,0.16,29.15,0,normal
2026-01-02 19:00:00,user-service,37.86,52.71,48.32,544.34,479.58,129.37,0.14,34.85,0,normal
2026-01-02 19:00:00,payment-service,49.76,60.84,58.98,812.87,695.83,160.29,0.23,45.54,0,normal
2026-01-02 19:00:00,notification-service,35.61,46.28,30.5,335.09,414.91,102.5,0.19,27.96,0,normal
2026-01-02 19:00:00,database,47.49,70.17,26.55,866.57,987.9,97.02,0.26,70.4,0,normal
2026-01-02 19:05:00,api-gateway,46.5,53.64,56.15,880.59,876.97,154.03,0.15,29.22,0,normal
2026-01-02 19:05:00,user-service,28.88,51.08,70.12,448.16,448.01,118.24,0.18,33.33,0,normal
2026-01-02 19:05:00,payment-service,50.92,59.34,50.93,773.89,671.2,140.93,0.19,46.27,0,normal
2026-01-02 19:05:00,notification-service,31.46,45.02,44.19,495.17,415.98,112.84,0.18,23.34,0,normal
2026-01-02 19:05:00,database,51.51,66.62,43.35,849.09,1045.07,75.26,0.36,64.89,0,normal
2026-01-02 19:10:00,api-gateway,52.92,56.72,45.13,832.35,893.87,145.17,0.18,25.0,0,normal
2026-01-02 19:10:00,user-service,42.4,47.28,49.98,481.04,480.35,129.2,0.23,33.54,0,normal
2026-01-02 19:10:00,payment-service,47.53,61.06,51.51,641.33,670.37,188.08,0.23,53.87,0,normal
2026-01-02 19:10:00,notification-service,39.1,47.28,36.68,358.05,428.02,108.77,0.14,22.35,0,normal
2026-01-02 19:10:00,database,53.84,67.48,60.24,808.27,985.63,97.06,0.13,68.7,0,normal
2026-01-02 19:15:00,api-gateway,42.68,53.18,43.28,754.21,869.78,139.51,0.18,30.04,0,normal
2026-01-02 19:15:00,user-service,33.69,56.93,41.39,537.3,506.46,119.51,0.1,36.98,0,normal
2026-01-02 19:15:00,payment-service,51.4,56.86,51.31,741.11,661.96,180.62,0.16,44.66,0,normal
2026-01-02 19:15:00,notification-service,33.76,46.03,53.95,380.22,402.7,117.69,0.18,21.57,0,normal
2026-01-02 19:15:00,database,60.06,64.35,57.7,996.3,1060.62,94.61,0.19,69.83,0,normal
2026-01-02 19:20:00,api-gateway,44.54,56.78,38.07,977.95,907.02,127.87,0.26,29.1,0,normal
2026-01-02 19:20:00,user-service,33.42,51.16,46.84,536.44,536.92,133.26,0.22,34.56,0,normal
2026-01-02 19:20:00,payment-service,45.27,56.23,55.6,841.89,750.25,158.39,0.26,48.02,0,normal
2026-01-02 19:20:00,notification-service,43.63,44.07,39.12,449.16,389.1,110.37,0.21,30.52,0,normal
2026-01-02 19:20:00,database,56.43,61.3,42.34,1142.38,1036.33,91.86,0.25,69.4,0,normal
2026-01-02 19:25:00,api-gateway,38.23,56.08,52.22,1013.66,920.52,159.75,0.13,30.07,0,normal
2026-01-02 19:25:00,user-service,31.19,56.01,46.83,512.1,472.95,115.64,0.19,32.47,0,normal
2026-01-02 19:25:00,payment-service,53.59,58.61,41.74,835.32,754.87,178.38,0.2,50.94,0,normal
2026-01-02 19:25:00,notification-service,30.26,44.72,38.37,399.2,393.7,93.12,0.21,29.5,0,normal
2026-01-02 19:25:00,database,58.06,64.41,44.88,771.94,896.62,96.44,0.18,72.46,0,normal
2026-01-02 19:30:00,api-gateway,42.94,56.64,41.8,1021.32,921.97,141.44,0.12,29.99,0,normal
2026-01-02 19:30:00,user-service,36.7,43.64,62.46,426.14,515.06,135.94,0.24,39.89,0,normal
2026-01-02 19:30:00,payment-service,47.91,56.88,66.74,620.53,770.47,160.67,0.15,50.35,0,normal
2026-01-02 19:30:00,notification-service,29.07,47.47,45.76,325.27,404.33,105.9,0.25,22.52,0,normal
2026-01-02 19:30:00,database,56.39,66.56,39.74,836.24,954.6,105.12,0.2,65.08,0,normal
2026-01-02 19:35:00,api-gateway,45.87,57.73,63.24,1068.47,918.07,140.72,0.09,30.21,0,normal
2026-01-02 19:35:00,user-service,34.16,47.72,52.2,437.17,492.09,122.21,0.11,31.43,0,normal
2026-01-02 19:35:00,payment-service,46.19,59.03,48.84,734.63,700.74,185.0,0.12,52.13,0,normal
2026-01-02 19:35:00,notification-service,30.61,40.87,54.51,307.77,374.5,88.71,0.22,25.96,0,normal
2026-01-02 19:35:00,database,61.54,64.13,38.78,916.44,1013.15,88.02,0.14,71.07,0,normal
2026-01-02 19:40:00,api-gateway,36.44,56.32,50.8,864.79,909.12,146.64,0.15,24.71,0,normal
2026-01-02 19:40:00,user-service,34.57,51.79,33.75,595.3,496.41,114.04,0.24,37.47,0,normal
2026-01-02 19:40:00,payment-service,50.12,61.9,39.79,867.58,725.74,176.87,0.14,44.31,0,normal
2026-01-02 19:40:00,notification-service,25.89,39.5,58.12,423.2,383.68,113.5,0.25,24.17,0,normal
2026-01-02 19:40:00,database,54.39,69.15,51.75,948.08,884.89,93.32,0.18,72.27,0,normal
2026-01-02 19:45:00,api-gateway,45.29,50.31,39.52,880.15,848.84,139.13,0.22,32.08,0,normal
2026-01-02 19:45:00,user-service,28.36,52.52,41.17,484.86,492.08,116.92,0.21,37.67,0,normal
2026-01-02 19:45:00,payment-service,48.1,61.5,41.07,599.61,702.04,167.38,0.12,48.1,0,normal
2026-01-02 19:45:00,notification-service,25.52,49.66,51.41,337.05,416.4,97.45,0.29,32.4,0,normal
2026-01-02 19:45:00,database,62.4,59.78,28.89,973.81,917.62,92.63,0.17,66.93,0,normal
2026-01-02 19:50:00,api-gateway,45.58,56.06,52.25,772.8,919.84,144.73,0.21,32.86,0,normal
2026-01-02 19:50:00,user-service,36.55,49.85,56.26,405.44,501.46,134.16,0.19,32.9,0,normal
2026-01-02 19:50:00,payment-service,51.25,59.34,55.97,675.47,680.62,171.25,0.16,52.73,0,normal
2026-01-02 19:50:00,notification-service,30.45,51.1,38.8,457.2,400.66,108.65,0.16,26.83,0,normal
2026-01-02 19:50:00,database,54.87,61.72,65.37,737.74,888.99,99.1,0.24,73.54,0,normal
2026-01-02 19:55:00,api-gateway,39.25,54.23,29.81,844.08,874.73,148.68,0.24,25.73,0,normal
2026-01-02 19:55:00,user-service,37.0,46.66,50.03,562.21,531.15,105.42,0.23,33.98,0,normal
2026-01-02 19:55:00,payment-service,56.28,62.2,42.14,762.4,663.48,167.91,0.24,47.54,0,normal
2026-01-02 19:55:00,notification-service,28.9,43.66,49.26,346.19,389.85,106.71,0.1,26.02,0,normal
2026-01-02 19:55:00,database,53.53,63.88,63.86,959.53,1017.5,106.34,0.34,68.07,0,normal
2026-01-02 20:00:00,api-gateway,52.73,51.43,30.49,740.13,886.95,131.04,0.22,29.25,0,normal
2026-01-02 20:00:00,user-service,33.02,48.5,59.56,420.24,479.27,111.19,0.24,39.55,0,normal
2026-01-02 20:00:00,payment-service,51.67,63.78,34.77,858.76,756.27,188.37,0.25,48.04,0,normal
2026-01-02 20:00:00,notification-service,38.84,44.1,54.57,466.43,408.5,112.37,0.17,25.65,0,normal
2026-01-02 20:00:00,database,61.25,64.58,46.64,1129.55,1072.13,103.82,0.12,70.97,0,normal
2026-01-02 20:05:00,api-gateway,53.78,52.17,56.78,951.42,971.99,137.22,0.25,32.13,0,normal
2026-01-02 20:05:00,user-service,39.24,45.87,44.62,516.25,484.64,107.4,0.2,40.4,0,normal
2026-01-02 20:05:00,payment-service,46.13,63.16,52.19,889.63,747.7,182.64,0.26,54.73,0,normal
2026-01-02 20:05:00,notification-service,23.97,44.36,51.02,492.95,415.09,101.47,0.25,27.08,0,normal
2026-01-02 20:05:00,database,50.28,66.99,35.26,947.31,986.59,100.9,0.22,69.76,0,normal
2026-01-02 20:10:00,api-gateway,46.45,58.8,52.93,794.69,922.34,127.94,0.22,25.04,0,normal
2026-01-02 20:10:00,user-service,33.92,47.91,43.01,539.48,456.72,117.61,0.28,31.04,0,normal
2026-01-02 20:10:00,payment-service,52.23,59.53,55.56,630.03,675.35,175.68,0.16,42.0,0,normal
2026-01-02 20:10:00,notification-service,24.02,46.36,38.38,425.94,393.82,115.93,0.25,26.88,0,normal
2026-01-02 20:10:00,database,60.07,62.61,61.05,891.78,1101.93,103.46,0.3,69.94,0,normal
2026-01-02 20:15:00,api-gateway,42.9,53.96,50.41,817.27,891.5,131.89,0.21,30.92,0,normal
2026-01-02 20:15:00,user-service,38.14,52.73,38.39,523.86,457.79,122.88,0.14,33.61,0,normal
2026-01-02 20:15:00,payment-service,42.71,57.34,34.39,641.9,666.08,155.58,0.21,51.0,0,normal
2026-01-02 20:15:00,notification-service,29.55,49.04,60.59,380.65,395.08,110.64,0.23,23.58,0,normal
2026-01-02 20:15:00,database,52.31,62.56,44.18,1040.9,1014.82,95.41,0.21,68.61,0,normal
2026-01-02 20:20:00,api-gateway,39.71,50.74,44.11,905.82,971.65,129.69,0.06,31.2,0,normal
2026-01-02 20:20:00,user-service,36.22,50.85,30.71,468.19,535.18,113.93,0.17,32.47,0,normal
2026-01-02 20:20:00,payment-service,44.96,61.94,30.16,608.43,689.64,174.54,0.16,51.94,0,normal
2026-01-02 20:20:00,notification-service,27.84,39.98,61.82,362.4,409.35,107.85,0.24,28.72,0,normal
2026-01-02 20:20:00,database,46.52,66.99,21.51,1025.32,1008.64,121.46,0.14,62.28,0,normal
2026-01-02 20:25:00,api-gateway,46.15,57.53,68.57,726.92,896.61,146.74,0.25,34.63,0,normal
2026-01-02 20:25:00,user-service,34.08,50.19,40.68,430.69,478.28,118.28,0.18,38.59,0,normal
2026-01-02 20:25:00,payment-service,54.74,61.31,46.24,561.93,669.56,147.53,0.07,47.0,0,normal
2026-01-02 20:25:00,notification-service,33.79,45.28,62.25,479.76,405.43,123.8,0.24,29.95,0,normal
2026-01-02 20:25:00,database,54.06,64.43,44.83,998.09,950.46,98.07,0.22,71.41,0,normal
2026-01-02 20:30:00,api-gateway,42.4,55.96,49.72,802.62,888.56,129.01,0.2,29.35,0,normal
2026-01-02 20:30:00,user-service,32.78,48.64,64.31,582.23,502.21,130.09,0.13,34.28,0,normal
2026-01-02 20:30:00,payment-service,52.98,61.92,47.43,697.16,671.61,171.36,0.2,54.83,0,normal
2026-01-02 20:30:00,notification-service,25.87,38.15,48.07,407.13,392.0,111.87,0.17,30.46,0,normal
2026-01-02 20:30:00,database,58.14,62.16,50.67,1157.13,1019.86,97.38,0.16,74.63,0,normal
2026-01-02 20:35:00,api-gateway,45.25,52.46,50.62,811.25,781.9,131.0,0.19,25.28,0,normal
2026-01-02 20:35:00,user-service,30.13,51.29,47.48,424.79,523.83,114.42,0.2,36.15,0,normal
2026-01-02 20:35:00,payment-service,54.39,64.97,48.81,707.91,716.72,178.63,0.18,50.74,0,normal
2026-01-02 20:35:00,notification-service,32.69,42.23,42.72,456.43,415.42,110.75,0.19,27.3,0,normal
2026-01-02 20:35:00,database,56.62,65.69,49.41,1047.23,945.38,102.06,0.24,62.19,0,normal
2026-01-02 20:40:00,api-gateway,45.57,54.04,53.96,722.09,892.94,153.8,0.27,26.74,0,normal
2026-01-02 20:40:00,user-service,31.08,51.79,60.64,579.19,515.57,139.43,0.19,31.81,0,normal
2026-01-02 20:40:00,payment-service,55.55,65.74,47.46,757.46,685.33,169.67,0.24,47.53,0,normal
2026-01-02 20:40:00,notification-service,36.73,44.07,39.04,464.76,411.99,105.77,0.25,23.14,0,normal
2026-01-02 20:40:00,database,55.56,67.69,47.76,1168.45,994.6,109.19,0.19,61.88,0,normal
2026-01-02 20:45:00,api-gateway,47.11,54.86,41.0,797.18,930.12,148.08,0.21,31.94,0,normal
2026-01-02 20:45:00,user-service,29.1,57.54,48.25,576.9,522.51,132.81,0.16,35.45,0,normal
2026-01-02 20:45:00,payment-service,54.81,60.83,41.69,618.44,702.93,175.71,0.19,48.61,0,normal
2026-01-02 20:45:00,notification-service,32.77,42.74,52.08,407.4,407.53,105.97,0.26,29.57,0,normal
2026-01-02 20:45:00,database,56.87,65.32,58.0,970.09,888.17,105.18,0.17,67.32,0,normal
2026-01-02 20:50:00,api-gateway,53.12,55.67,60.31,1023.04,885.94,137.96,0.23,27.02,0,normal
2026-01-02 20:50:00,user-service,36.27,46.71,49.37,552.19,521.86,111.53,0.25,40.87,0,normal
2026-01-02 20:50:00,payment-service,49.96,59.21,51.48,603.66,661.88,169.95,0.26,47.82,0,normal
2026-01-02 20:50:00,notification-service,35.04,48.81,63.19,311.63,382.42,102.1,0.22,17.68,0,normal
2026-01-02 20:50:00,database,52.39,63.34,49.48,920.27,995.78,96.25,0.23,66.45,0,normal
2026-01-02 20:55:00,api-gateway,42.72,49.34,57.29,876.4,886.12,150.41,0.2,34.51,0,normal
2026-01-02 20:55:00,user-service,31.93,49.91,44.77,581.56,517.1,109.19,0.15,40.82,0,normal
2026-01-02 20:55:00,payment-service,38.71,63.3,54.16,665.29,674.47,176.86,0.2,54.34,0,normal
2026-01-02 20:55:00,notification-service,30.76,49.75,65.12,454.51,427.26,123.48,0.22,25.93,0,normal
2026-01-02 20:55:00,database,54.91,64.04,64.82,1136.88,952.69,98.99,0.19,74.62,0,normal
2026-01-02 21:00:00,api-gateway,43.92,59.14,39.22,922.1,876.07,116.33,0.16,26.02,0,normal
2026-01-02 21:00:00,user-service,37.83,52.27,48.55,619.22,537.75,132.24,0.25,29.84,0,normal
2026-01-02 21:00:00,payment-service,48.95,58.71,62.15,794.41,676.04,158.58,0.24,55.43,0,normal
2026-01-02 21:00:00,notification-service,26.06,46.32,58.77,363.95,375.53,120.97,0.18,31.34,0,normal
2026-01-02 21:00:00,database,64.8,61.95,45.2,1114.0,1030.33,102.31,0.14,73.63,0,normal
2026-01-02 21:05:00,api-gateway,42.22,55.77,33.62,726.71,861.29,127.99,0.19,30.3,0,normal
2026-01-02 21:05:00,user-service,36.96,49.98,51.6,531.12,514.37,121.15,0.14,35.04,0,normal
2026-01-02 21:05:00,payment-service,52.37,58.23,47.46,739.9,679.57,169.74,0.19,49.41,0,normal
2026-01-02 21:05:00,notification-service,22.76,49.6,47.65,445.54,401.84,96.5,0.27,23.5,0,normal
2026-01-02 21:05:00,database,52.23,67.17,42.03,864.34,940.13,96.0,0.2,71.08,0,normal
2026-01-02 21:10:00,api-gateway,41.42,53.25,61.8,1084.31,980.28,129.95,0.26,32.73,0,normal
2026-01-02 21:10:00,user-service,29.2,51.55,42.5,529.0,468.8,124.27,0.21,37.08,0,normal
2026-01-02 21:10:00,payment-service,48.18,63.63,61.89,695.7,656.31,172.0,0.17,49.73,0,normal
2026-01-02 21:10:00,notification-service,26.29,45.99,57.43,450.25,433.25,117.7,0.14,21.8,0,normal
2026-01-02 21:10:00,database,55.96,67.64,37.92,1006.18,915.6,97.52,0.15,74.9,0,normal
2026-01-02 21:15:00,api-gateway,42.91,52.96,59.34,832.85,870.11,120.74,0.11,27.38,0,normal
2026-01-02 21:15:00,user-service,35.74,55.75,40.23,567.74,505.18,129.35,0.21,39.43,0,normal
2026-01-02 21:15:00,payment-service,52.71,61.66,31.1,601.31,704.48,164.05,0.2,47.59,0,normal
2026-01-02 21:15:00,notification-service,28.3,47.71,52.47,411.92,376.44,98.53,0.2,22.9,0,normal
2026-01-02 21:15:00,database,54.56,69.06,46.07,1091.08,975.04,97.61,0.17,70.36,0,normal
2026-01-02 21:20:00,api-gateway,43.21,52.95,56.77,875.02,874.39,141.42,0.22,25.48,0,normal
2026-01-02 21:20:00,user-service,33.25,55.53,40.64,429.96,485.48,108.85,0.11,35.27,0,normal
2026-01-02 21:20:00,payment-service,45.46,57.8,63.06,736.74,680.48,176.04,0.24,54.67,0,normal
2026-01-02 21:20:00,notification-service,29.63,45.83,52.82,477.49,419.48,110.0,0.16,25.35,0,normal
2026-01-02 21:20:00,database,55.27,67.14,54.33,940.96,989.04,104.01,0.2,69.4,0,normal
2026-01-02 21:25:00,api-gateway,44.03,48.85,30.58,793.24,930.03,136.77,0.2,32.06,0,normal
2026-01-02 21:25:00,user-service,36.59,50.67,74.57,592.49,506.15,125.41,0.15,33.4,0,normal
2026-01-02 21:25:00,payment-service,56.05,57.41,60.31,643.67,689.46,167.37,0.15,53.05,0,normal
2026-01-02 21:25:00,notification-service,25.85,44.92,40.62,438.12,431.86,101.82,0.19,21.45,0,normal
2026-01-02 21:25:00,database,59.81,67.74,58.23,792.53,965.42,112.9,0.21,68.07,0,normal
2026-01-02 21:30:00,api-gateway,44.31,53.99,68.04,822.81,868.22,126.6,0.15,22.59,0,normal
2026-01-02 21:30:00,user-service,27.61,51.35,49.24,504.18,492.26,131.92,0.29,30.13,0,normal
2026-01-02 21:30:00,payment-service,55.46,66.22,46.91,673.67,691.09,168.65,0.13,48.25,0,normal
2026-01-02 21:30:00,notification-service,31.67,45.27,50.11,359.99,401.64,106.37,0.17,26.96,0,normal
2026-01-02 21:30:00,database,56.25,66.54,50.46,956.84,978.66,105.46,0.23,70.98,0,normal
2026-01-02 21:35:00,api-gateway,48.58,53.48,42.45,985.03,852.85,131.9,0.15,29.3,0,normal
2026-01-02 21:35:00,user-service,42.92,56.57,48.5,595.1,520.26,121.78,0.28,36.42,0,normal
2026-01-02 21:35:00,payment-service,48.67,63.53,57.49,717.48,723.77,166.08,0.16,47.5,0,normal
2026-01-02 21:35:00,notification-service,35.05,45.56,44.81,389.04,440.12,117.08,0.27,27.19,0,normal
2026-01-02 21:35:00,database,55.85,66.4,29.16,879.28,1036.61,96.89,0.25,76.41,0,normal
2026-01-02 21:40:00,api-gateway,36.82,61.51,51.46,850.37,809.28,144.16,0.22,29.36,0,normal
2026-01-02 21:40:00,user-service,27.65,54.21,39.38,559.58,524.93,123.03,0.18,39.72,0,normal
2026-01-02 21:40:00,payment-service,46.38,60.4,52.5,583.5,662.03,184.33,0.08,54.24,0,normal
2026-01-02 21:40:00,notification-service,30.92,46.09,47.77,379.54,335.74,110.03,0.18,23.78,0,normal
2026-01-02 21:40:00,database,51.86,66.3,41.39,1183.19,1003.68,97.76,0.19,72.83,0,normal
2026-01-02 21:45:00,api-gateway,46.41,50.97,39.47,897.0,830.89,151.88,0.19,27.6,0,normal
2026-01-02 21:45:00,user-service,34.47,50.09,64.49,418.59,484.31,138.25,0.23,39.38,0,normal
2026-01-02 21:45:00,payment-service,51.84,62.97,49.91,593.31,693.76,171.78,0.32,43.68,0,normal
2026-01-02 21:45:00,notification-service,29.13,44.69,48.53,388.84,389.42,102.65,0.12,21.83,0,normal
2026-01-02 21:45:00,database,54.09,61.77,45.24,1198.9,1030.93,95.39,0.17,71.02,0,normal
2026-01-02 21:50:00,api-gateway,49.04,52.13,39.2,850.98,820.32,135.86,0.27,30.91,0,normal
2026-01-02 21:50:00,user-service,32.18,53.14,48.32,406.82,488.84,117.8,0.24,33.52,0,normal
2026-01-02 21:50:00,payment-service,55.42,60.18,62.78,814.83,682.13,183.23,0.16,50.28,0,normal
2026-01-02 21:50:00,notification-service,26.18,47.9,54.47,337.53,404.25,120.92,0.24,28.22,0,normal
2026-01-02 21:50:00,database,51.77,64.86,60.12,1009.77,1014.49,106.4,0.23,70.85,0,normal
2026-01-02 21:55:00,api-gateway,50.08,51.91,53.56,1037.06,870.82,139.36,0.18,24.08,0,normal
2026-01-02 21:55:00,user-service,31.93,48.37,36.78,498.92,501.52,115.98,0.2,39.36,0,normal
2026-01-02 21:55:00,payment-service,50.79,62.12,42.4,718.35,708.94,161.08,0.17,53.85,0,normal
2026-01-02 21:55:00,notification-service,22.95,48.07,51.7,387.81,406.73,119.41,0.17,26.68,0,normal
2026-01-02 21:55:00,database,55.85,70.26,59.85,1009.01,974.33,101.04,0.15,71.47,0,normal
2026-01-02 22:00:00,api-gateway,40.74,54.45,54.75,890.55,887.17,132.78,0.25,28.72,0,normal
2026-01-02 22:00:00,user-service,35.49,49.77,70.59,470.63,525.18,122.41,0.15,34.51,0,normal
2026-01-02 22:00:00,payment-service,49.23,57.27,50.58,755.68,736.2,155.53,0.12,47.67,0,normal
2026-01-02 22:00:00,notification-service,29.98,41.04,31.47,341.46,417.93,112.04,0.24,27.89,0,normal
2026-01-02 22:00:00,database,64.56,65.34,51.49,952.06,1025.49,115.62,0.2,71.33,0,normal
2026-01-02 22:05:00,api-gateway,55.35,59.08,56.36,706.66,845.02,141.37,0.26,27.41,0,normal
2026-01-02 22:05:00,user-service,29.68,51.21,54.35,554.99,524.61,112.71,0.18,34.98,0,normal
2026-01-02 22:05:00,payment-service,51.58,62.1,66.09,693.04,719.26,174.58,0.24,50.32,0,normal
2026-01-02 22:05:00,notification-service,32.28,44.02,54.73,394.87,394.2,102.68,0.25,26.31,0,normal
2026-01-02 22:05:00,database,45.97,65.62,44.24,1056.7,972.89,95.42,0.19,72.16,0,normal
2026-01-02 22:10:00,api-gateway,47.16,55.96,53.57,683.37,851.93,131.23,0.27,26.19,0,normal
2026-01-02 22:10:00,user-service,32.37,54.91,50.85,380.37,465.91,124.73,0.19,32.09,0,normal
2026-01-02 22:10:00,payment-service,44.04,60.67,73.48,744.41,739.61,185.39,0.22,54.56,0,normal
2026-01-02 22:10:00,notification-service,28.74,46.36,62.36,387.11,412.19,104.6,0.18,24.16,0,normal
2026-01-02 22:10:00,database,57.91,64.95,63.19,935.92,984.08,98.96,0.2,66.88,0,normal
2026-01-02 22:15:00,api-gateway,39.63,51.32,33.94,1047.91,907.0,123.55,0.12,28.92,0,normal
2026-01-02 22:15:00,user-service,30.23,55.2,54.78,608.87,515.2,133.38,0.16,29.57,0,normal
2026-01-02 22:15:00,payment-service,53.39,59.07,46.97,711.25,653.81,156.41,0.29,44.76,0,normal
2026-01-02 22:15:00,notification-service,21.17,47.25,40.48,498.71,450.07,92.82,0.22,31.52,0,normal
2026-01-02 22:15:00,database,56.16,63.49,36.83,1183.32,1039.01,74.88,0.23,73.75,0,normal
2026-01-02 22:20:00,api-gateway,42.22,62.01,44.6,743.77,836.43,142.17,0.19,32.29,0,normal
2026-01-02 22:20:00,user-service,42.35,48.62,55.76,587.45,500.68,123.55,0.17,29.11,0,normal
2026-01-02 22:20:00,payment-service,45.61,61.71,52.55,613.99,740.13,178.7,0.13,53.53,0,normal
2026-01-02 22:20:00,notification-service,24.43,43.57,41.16,468.29,434.32,117.07,0.21,26.64,0,normal
2026-01-02 22:20:00,database,48.35,67.38,40.12,897.65,1025.98,105.58,0.18,75.13,0,normal
2026-01-02 22:25:00,api-gateway,43.67,54.7,52.1,795.38,869.3,148.47,0.17,25.75,0,normal
2026-01-02 22:25:00,user-service,37.78,54.96,67.24,372.32,454.61,111.81,0.22,33.74,0,normal
2026-01-02 22:25:00,payment-service,52.61,58.47,43.45,649.04,706.99,166.79,0.27,53.01,0,normal
2026-01-02 22:25:00,notification-service,27.88,43.36,42.14,383.88,393.29,108.29,0.19,29.94,0,normal
2026-01-02 22:25:00,database,53.91,65.39,56.34,1083.28,1001.26,98.37,0.12,68.32,0,normal
2026-01-02 22:30:00,api-gateway,43.71,57.05,59.42,931.23,857.21,126.45,0.17,27.7,0,normal
2026-01-02 22:30:00,user-service,37.67,50.7,46.22,441.26,513.21,102.49,0.13,31.63,0,normal
2026-01-02 22:30:00,payment-service,50.07,58.53,42.14,792.7,727.56,169.63,0.25,47.28,0,normal
2026-01-02 22:30:00,notification-service,31.37,48.72,50.68,401.7,377.2,97.05,0.19,21.11,0,normal
2026-01-02 22:30:00,database,54.8,63.73,55.86,1041.65,1022.27,104.57,0.29,69.87,0,normal
2026-01-02 22:35:00,api-gateway,45.3,54.27,32.13,734.41,858.45,129.31,0.25,30.65,0,normal
2026-01-02 22:35:00,user-service,37.16,45.22,46.12,620.1,557.59,115.04,0.16,34.28,0,normal
2026-01-02 22:35:00,payment-service,45.26,63.58,51.83,805.27,712.93,149.07,0.25,55.54,0,normal
2026-01-02 22:35:00,notification-service,28.98,45.26,49.66,427.72,404.76,121.5,0.2,24.87,0,normal
2026-01-02 22:35:00,database,47.95,61.97,63.95,988.69,1064.89,108.33,0.15,68.48,0,normal
2026-01-02 22:40:00,api-gateway,54.38,58.74,53.62,940.33,912.5,137.8,0.2,22.88,0,normal
2026-01-02 22:40:00,user-service,36.03,47.88,57.51,535.87,490.43,132.59,0.21,33.87,0,normal
2026-01-02 22:40:00,payment-service,47.36,59.94,59.24,801.72,703.14,186.48,0.21,52.65,0,normal
2026-01-02 22:40:00,notification-service,34.18,46.33,55.49,367.62,410.91,105.27,0.17,26.04,0,normal
2026-01-02 22:40:00,database,51.35,62.18,52.42,889.01,919.74,93.32,0.19,73.88,0,normal
2026-01-02 22:45:00,api-gateway,41.29,58.02,55.57,954.67,912.3,141.83,0.26,28.95,0,normal
2026-01-02 22:45:00,user-service,34.31,53.54,47.92,496.28,504.44,125.05,0.25,32.88,0,normal
2026-01-02 22:45:00,payment-service,55.15,56.64,56.78,745.1,688.42,172.36,0.19,48.84,0,normal
2026-01-02 22:45:00,notification-service,26.68,48.06,61.07,485.31,409.0,120.57,0.31,24.16,0,normal
2026-01-02 22:45:00,database,55.76,65.76,55.14,1082.75,1035.35,107.36,0.22,75.6,0,normal
2026-01-02 22:50:00,api-gateway,44.78,52.54,50.48,834.48,881.02,121.71,0.2,32.13,0,normal
2026-01-02 22:50:00,user-service,29.91,50.16,51.76,529.75,475.33,104.07,0.23,35.42,0,normal
2026-01-02 22:50:00,payment-service,45.8,59.47,60.05,549.58,667.11,165.54,0.15,49.53,0,normal
2026-01-02 22:50:00,notification-service,24.92,42.12,35.83,480.57,416.68,108.07,0.25,23.03,0,normal
2026-01-02 22:50:00,database,53.8,63.92,52.71,1208.65,1081.71,97.56,0.17,69.86,0,normal
2026-01-02 22:55:00,api-gateway,49.81,49.31,66.15,962.3,901.31,151.39,0.22,31.32,0,normal
2026-01-02 22:55:00,user-service,36.57,51.88,31.77,568.91,485.37,109.47,0.26,33.85,0,normal
2026-01-02 22:55:00,payment-service,49.01,54.56,57.93,737.82,656.24,169.68,0.18,45.28,0,normal
2026-01-02 22:55:00,notification-service,33.4,46.11,40.75,383.32,383.8,97.33,0.28,22.19,0,normal
2026-01-02 22:55:00,database,54.87,64.72,43.23,962.5,1046.72,121.51,0.23,78.54,0,normal
2026-01-02 23:00:00,api-gateway,47.26,50.87,36.61,855.88,827.72,134.87,0.3,26.0,0,normal
2026-01-02 23:00:00,user-service,41.96,46.9,57.75,580.79,496.95,120.27,0.23,36.81,0,normal
2026-01-02 23:00:00,payment-service,48.03,59.36,35.99,803.74,719.73,178.67,0.19,51.11,0,normal
2026-01-02 23:00:00,notification-service,26.38,43.36,62.85,484.06,429.96,134.09,0.19,30.25,0,normal
2026-01-02 23:00:00,database,47.95,63.5,43.95,842.44,1035.2,87.97,0.22,69.23,0,normal
2026-01-02 23:05:00,api-gateway,46.21,53.56,63.06,929.45,938.87,149.06,0.15,26.64,0,normal
2026-01-02 23:05:00,user-service,34.5,47.06,54.68,593.13,514.55,115.02,0.14,39.59,0,normal
2026-01-02 23:05:00,payment-service,48.48,54.63,30.45,820.7,707.63,173.28,0.17,50.65,0,normal
2026-01-02 23:05:00,notification-service,21.13,42.67,47.17,425.01,393.89,98.3,0.19,26.9,0,normal
2026-01-02 23:05:00,database,61.34,61.05,66.2,1085.02,999.55,95.62,0.17,77.3,0,normal
2026-01-02 23:10:00,api-gateway,42.59,56.57,54.81,936.74,860.8,131.51,0.12,29.1,0,normal
2026-01-02 23:10:00,user-service,39.01,45.07,39.6,411.48,462.07,108.54,0.21,37.79,0,normal
2026-01-02 23:10:00,payment-service,46.27,64.71,49.99,774.84,701.71,176.12,0.18,52.1,0,normal
2026-01-02 23:10:00,notification-service,26.93,45.13,58.75,437.84,412.55,104.5,0.13,24.54,0,normal
2026-01-02 23:10:00,database,52.41,66.43,41.03,1063.22,1031.93,109.71,0.14,70.78,0,normal
2026-01-02 23:15:00,api-gateway,41.08,53.96,52.89,909.05,867.21,116.32,0.18,31.76,0,normal
2026-01-02 23:15:00,user-service,29.54,48.65,29.9,407.88,449.54,126.96,0.21,35.03,0,normal
2026-01-02 23:15:00,payment-service,50.76,61.36,57.77,679.89,744.45,163.05,0.22,56.16,0,normal
2026-01-02 23:15:00,notification-service,37.79,45.08,51.4,359.04,372.7,98.03,0.14,20.62,0,normal
2026-01-02 23:15:00,database,56.69,61.46,32.66,873.94,999.68,96.19,0.11,69.23,0,normal
2026-01-02 23:20:00,api-gateway,46.27,55.5,59.91,876.29,881.34,147.51,0.11,28.34,0,normal
2026-01-02 23:20:00,user-service,31.32,52.37,58.66,433.98,476.6,119.05,0.17,31.13,0,normal
2026-01-02 23:20:00,payment-service,50.95,61.45,57.34,785.68,691.22,170.99,0.18,47.35,0,normal
2026-01-02 23:20:00,notification-service,27.3,43.27,46.48,363.21,377.08,108.56,0.19,23.94,0,normal
2026-01-02 23:20:00,database,60.28,72.7,31.21,1042.67,1026.28,104.39,0.15,70.11,0,normal
2026-01-02 23:25:00,api-gateway,52.19,60.14,50.1,1013.12,907.96,136.88,0.19,33.24,0,normal
2026-01-02 23:25:00,user-service,32.68,47.89,50.14,459.63,519.06,117.53,0.16,34.31,0,normal
2026-01-02 23:25:00,payment-service,45.42,60.18,43.65,626.71,680.46,188.84,0.19,45.55,0,normal
2026-01-02 23:25:00,notification-service,24.35,50.33,52.02,404.97,411.38,122.61,0.16,23.8,0,normal
2026-01-02 23:25:00,database,59.39,63.04,46.59,769.62,927.63,101.4,0.25,68.08,0,normal
2026-01-02 23:30:00,api-gateway,40.45,56.46,39.46,737.72,832.72,126.89,0.21,25.65,0,normal
2026-01-02 23:30:00,user-service,35.33,44.75,40.52,411.31,496.67,114.39,0.18,28.93,0,normal
2026-01-02 23:30:00,payment-service,50.77,57.82,58.36,635.36,694.76,182.28,0.19,44.38,0,normal
2026-01-02 23:30:00,notification-service,33.13,41.67,42.16,411.73,409.54,115.75,0.21,21.79,0,normal
2026-01-02 23:30:00,database,51.76,60.62,42.86,1146.83,1015.66,97.55,0.09,69.8,0,normal
2026-01-02 23:35:00,api-gateway,48.65,49.99,67.21,818.73,913.38,149.87,0.22,27.41,0,normal
2026-01-02 23:35:00,user-service,29.38,48.76,38.48,547.59,483.28,110.28,0.23,37.43,0,normal
2026-01-02 23:35:00,payment-service,49.16,62.75,43.3,655.27,674.65,185.09,0.27,54.74,0,normal
2026-01-02 23:35:00,notification-service,38.1,46.82,41.26,458.13,403.92,95.88,0.19,23.25,0,normal
2026-01-02 23:35:00,database,55.01,68.14,76.26,1057.59,981.15,97.15,0.21,69.19,0,normal
2026-01-02 23:40:00,api-gateway,38.48,55.18,38.06,781.61,863.25,136.58,0.19,31.94,0,normal
2026-01-02 23:40:00,user-service,36.65,49.52,45.51,477.67,541.77,126.14,0.23,42.14,0,normal
2026-01-02 23:40:00,payment-service,47.58,64.99,49.26,616.81,674.09,181.57,0.26,39.74,0,normal
2026-01-02 23:40:00,notification-service,26.4,42.81,57.1,460.08,385.84,97.43,0.21,20.59,0,normal
2026-01-02 23:40:00,database,54.73,61.08,38.34,922.95,1027.79,105.5,0.23,67.26,0,normal
2026-01-02 23:45:00,api-gateway,42.96,54.25,40.93,891.08,869.06,140.46,0.19,27.12,0,normal
2026-01-02 23:45:00,user-service,30.68,44.69,46.67,435.57,474.04,111.77,0.17,36.54,0,normal
2026-01-02 23:45:00,payment-service,48.15,57.67,37.37,631.52,639.71,180.54,0.13,50.04,0,normal
2026-01-02 23:45:00,notification-service,32.94,47.61,44.91,413.0,425.58,93.84,0.16,30.18,0,normal
2026-01-02 23:45:00,database,55.71,67.84,53.98,1096.64,964.86,75.81,0.26,66.18,0,normal
2026-01-02 23:50:00,api-gateway,50.55,54.59,39.34,984.88,951.95,146.46,0.2,35.87,0,normal
2026-01-02 23:50:00,user-service,34.23,45.84,32.2,471.89,490.39,120.47,0.16,33.67,0,normal
2026-01-02 23:50:00,payment-service,51.01,61.27,60.35,681.95,693.76,169.16,0.2,55.19,0,normal
2026-01-02 23:50:00,notification-service,29.44,41.1,42.36,400.72,415.74,122.64,0.25,30.24,0,normal
2026-01-02 23:50:00,database,49.69,60.46,42.29,950.38,993.17,121.93,0.22,69.26,0,normal
2026-01-02 23:55:00,api-gateway,41.64,57.21,40.46,978.46,914.44,129.13,0.2,31.03,0,normal
2026-01-02 23:55:00,user-service,33.81,48.47,48.6,424.45,489.68,115.0,0.2,27.45,0,normal
2026-01-02 23:55:00,payment-service,46.32,57.61,51.96,796.64,717.1,151.78,0.3,50.21,0,normal
2026-01-02 23:55:00,notification-service,32.64,45.33,42.06,454.52,381.48,98.98,0.22,18.47,0,normal
2026-01-02 23:55:00,database,66.39,66.21,47.14,958.33,1054.75,100.88,0.09,76.36,0,normal
2026-01-03 00:00:00,api-gateway,40.42,55.78,52.01,542.96,623.49,144.63,0.23,28.84,0,normal
2026-01-03 00:00:00,user-service,29.95,46.63,49.62,310.64,382.17,124.15,0.33,26.53,0,normal
2026-01-03 00:00:00,payment-service,39.59,61.08,40.96,485.99,509.13,164.89,0.26,46.36,0,normal
2026-01-03 00:00:00,notification-service,26.97,49.25,58.44,322.1,285.5,91.11,0.17,21.95,0,normal
2026-01-03 00:00:00,database,54.49,61.69,36.31,705.94,621.75,116.95,0.31,64.75,0,normal
2026-01-03 00:05:00,api-gateway,34.88,58.67,54.11,759.3,676.15,134.53,0.24,31.36,0,normal
2026-01-03 00:05:00,user-service,30.58,49.2,45.43,332.87,327.25,106.09,0.16,33.91,0,normal
2026-01-03 00:05:00,payment-service,41.51,62.55,61.74,551.02,492.52,161.67,0.19,48.12,0,normal
2026-01-03 00:05:00,notification-service,34.97,44.02,48.02,256.1,245.86,115.42,0.25,25.36,0,normal
2026-01-03 00:05:00,database,41.04,61.6,45.95,594.55,714.33,99.28,0.26,69.16,0,normal
2026-01-03 00:10:00,api-gateway,40.29,53.8,51.11,744.04,672.76,145.59,0.28,26.08,0,normal
2026-01-03 00:10:00,user-service,29.64,47.74,52.4,424.25,380.74,136.9,0.23,35.59,0,normal
2026-01-03 00:10:00,payment-service,41.97,60.89,30.39,491.31,510.62,155.46,0.22,48.42,0,normal
2026-01-03 00:10:00,notification-service,20.82,45.46,51.82,228.7,280.77,110.98,0.38,19.79,0,normal
2026-01-03 00:10:00,database,52.38,70.42,64.74,571.63,584.9,81.05,0.22,63.03,0,normal
2026-01-03 00:15:00,api-gateway,36.98,52.29,27.93,522.26,629.91,130.19,0.24,26.12,0,normal
2026-01-03 00:15:00,user-service,23.3,51.19,44.55,387.91,355.38,110.4,0.24,34.27,0,normal
2026-01-03 00:15:00,payment-service,49.46,56.45,44.3,574.29,511.5,168.32,0.11,45.26,0,normal
2026-01-03 00:15:00,notification-service,12.47,42.37,46.26,231.4,246.0,116.06,0.16,24.92,0,normal
2026-01-03 00:15:00,database,52.97,61.32,59.53,678.32,676.75,89.09,0.1,68.19,0,normal
2026-01-03 00:20:00,api-gateway,40.03,50.96,55.55,599.6,667.93,151.01,0.23,22.03,0,normal
2026-01-03 00:20:00,user-service,15.23,46.5,48.71,356.18,319.01,126.9,0.21,30.72,0,normal
2026-01-03 00:20:00,payment-service,41.88,57.21,44.27,410.26,454.5,150.74,0.2,44.71,0,normal
2026-01-03 00:20:00,notification-service,25.5,48.3,57.49,311.57,273.53,108.27,0.23,20.83,0,normal
2026-01-03 00:20:00,database,58.57,61.15,57.58,661.29,701.44,88.16,0.21,69.92,0,normal
2026-01-03 00:25:00,api-gateway,43.09,59.03,46.1,759.72,637.64,145.79,0.18,31.18,0,normal
2026-01-03 00:25:00,user-service,26.57,44.33,47.89,357.88,348.92,103.85,0.24,34.1,0,normal
2026-01-03 00:25:00,payment-service,45.41,61.01,60.65,508.36,518.59,156.24,0.13,50.29,0,normal
2026-01-03 00:25:00,notification-service,23.15,46.29,57.75,247.94,294.94,89.99,0.14,26.58,0,normal
2026-01-03 00:25:00,database,51.81,62.79,50.48,577.38,705.9,83.4,0.31,65.8,0,normal
2026-01-03 00:30:00,api-gateway,36.58,53.39,55.05,717.75,670.4,135.13,0.13,30.07,0,normal
2026-01-03 00:30:00,user-service,32.41,49.82,68.54,316.1,338.4,99.7,0.24,30.07,0,normal
2026-01-03 00:30:00,payment-service,37.34,63.08,33.4,412.92,452.08,152.72,0.3,44.14,0,normal
2026-01-03 00:30:00,notification-service,23.11,43.81,63.66,300.22,254.87,107.88,0.17,15.59,0,normal
2026-01-03 00:30:00,database,52.73,62.01,69.48,698.48,714.47,96.94,0.28,69.23,0,normal
2026-01-03 00:35:00,api-gateway,29.25,56.72,55.23,510.01,633.14,140.54,0.22,28.16,0,normal
2026-01-03 00:35:00,user-service,30.76,49.54,39.13,368.55,343.97,115.72,0.18,36.64,0,normal
2026-01-03 00:35:00,payment-service,37.1,61.13,60.87,509.88,553.47,154.26,0.09,49.62,0,normal
2026-01-03 00:35:00,notification-service,24.95,44.47,59.91,309.07,324.1,124.33,0.2,21.91,0,normal
2026-01-03 00:35:00,database,42.07,64.13,71.42,708.78,679.96,91.48,0.15,66.47,0,normal
2026-01-03 00:40:00,api-gateway,39.88,57.42,47.38,724.62,693.03,142.86,0.2,21.05,0,normal
2026-01-03 00:40:00,user-service,26.07,58.43,39.77,333.04,321.68,119.57,0.25,23.53,0,normal
2026-01-03 00:40:00,payment-service,41.04,54.54,66.06,602.86,583.15,172.25,0.24,53.16,0,normal
2026-01-03 00:40:00,notification-service,20.88,43.74,60.68,321.3,275.49,106.23,0.25,20.51,0,normal
2026-01-03 00:40:00,database,41.15,65.63,54.32,779.04,739.72,95.32,0.2,68.04,0,normal
2026-01-03 00:45:00,api-gateway,45.72,59.55,49.46,540.04,604.14,132.71,0.19,29.42,0,normal
2026-01-03 00:45:00,user-service,29.37,53.08,39.42,366.08,362.18,126.86,0.17,34.46,0,normal
2026-01-03 00:45:00,payment-service,43.62,65.94,42.14,412.67,470.96,151.46,0.3,51.01,0,normal
2026-01-03 00:45:00,notification-service,33.78,43.7,58.15,329.53,301.1,101.53,0.26,20.21,0,normal
2026-01-03 00:45:00,database,51.57,63.84,44.75,580.46,656.15,82.37,0.28,70.5,0,normal
2026-01-03 00:50:00,api-gateway,37.28,61.83,58.64,806.22,725.0,144.41,0.21,23.88,0,normal
2026-01-03 00:50:00,user-service,25.43,55.62,36.98,236.07,289.36,105.51,0.23,27.43,0,normal
2026-01-03 00:50:00,payment-service,40.52,62.28,45.47,434.85,470.51,167.15,0.23,45.1,0,normal
2026-01-03 00:50:00,notification-service,23.22,49.12,37.42,279.89,281.26,102.04,0.18,18.58,0,normal
2026-01-03 00:50:00,database,48.27,68.55,48.68,759.51,726.53,96.69,0.26,69.47,0,normal
2026-01-03 00:55:00,api-gateway,35.63,54.05,54.04,640.73,629.96,150.59,0.19,25.83,0,normal
2026-01-03 00:55:00,user-service,32.63,48.69,57.15,293.33,339.27,106.39,0.1,30.54,0,normal
2026-01-03 00:55:00,payment-service,38.55,60.13,51.97,499.22,485.7,178.93,0.21,46.75,0,normal
2026-01-03 00:55:00,notification-service,28.45,49.22,62.39,246.07,280.61,109.85,0.19,19.77,0,normal
2026-01-03 00:55:00,database,47.17,62.67,54.84,505.06,625.12,86.84,0.24,65.16,0,normal
2026-01-03 01:00:00,api-gateway,38.37,52.33,45.13,627.78,657.25,127.48,0.25,28.61,0,normal
2026-01-03 01:00:00,user-service,32.53,51.0,47.84,433.42,363.61,124.24,0.29,33.65,0,normal
2026-01-03 01:00:00,payment-service,45.37,59.3,49.97,519.58,566.96,175.97,0.07,50.63,0,normal
2026-01-03 01:00:00,notification-service,26.6,44.82,56.53,257.63,272.11,106.56,0.12,23.57,0,normal
2026-01-03 01:00:00,database,48.89,68.51,63.75,620.01,701.0,81.73,0.09,65.4,0,normal
2026-01-03 01:05:00,api-gateway,35.03,54.18,59.49,547.55,641.27,136.01,0.2,24.99,0,normal
2026-01-03 01:05:00,user-service,27.61,47.12,64.04,374.2,401.07,119.86,0.29,29.34,0,normal
2026-01-03 01:05:00,payment-service,41.26,57.13,55.09,455.64,484.25,174.06,0.17,50.37,0,normal
2026-01-03 01:05:00,notification-service,19.76,48.07,44.39,260.41,282.32,92.88,0.2,23.7,0,normal
2026-01-03 01:05:00,database,45.69,66.2,48.74,581.25,694.86,90.92,0.13,66.55,0,normal
2026-01-03 01:10:00,api-gateway,34.78,59.91,49.48,569.69,550.44,134.7,0.19,26.75,0,normal
2026-01-03 01:10:00,user-service,29.35,51.64,25.58,298.15,339.25,114.2,0.18,28.09,0,normal
2026-01-03 01:10:00,payment-service,44.01,61.73,51.31,425.5,448.19,177.83,0.25,41.78,0,normal
2026-01-03 01:10:00,notification-service,20.26,47.17,46.37,219.4,270.99,110.87,0.19,22.97,0,normal
2026-01-03 01:10:00,database,52.77,69.46,50.32,568.03,668.35,93.02,0.19,58.32,0,normal
2026-01-03 01:15:00,api-gateway,35.89,57.55,57.23,561.81,619.53,145.18,0.13,30.96,0,normal
2026-01-03 01:15:00,user-service,24.25,48.52,51.71,405.5,360.27,125.44,0.3,34.42,0,normal
2026-01-03 01:15:00,payment-service,40.21,65.33,36.68,467.25,468.62,160.44,0.16,43.95,0,normal
2026-01-03 01:15:00,notification-service,15.79,47.01,71.98,303.02,295.38,91.84,0.23,21.17,0,normal
2026-01-03 01:15:00,database,54.63,61.01,50.27,707.98,705.82,93.34,0.18,66.21,0,normal
2026-01-03 01:20:00,api-gateway,41.91,50.12,50.56,729.22,684.98,147.85,0.12,28.96,0,normal
2026-01-03 01:20:00,user-service,24.02,45.24,44.85,356.24,375.87,125.05,0.14,29.39,0,normal
2026-01-03 01:20:00,payment-service,46.64,62.0,66.75,543.68,505.58,161.73,0.17,47.99,0,normal
2026-01-03 01:20:00,notification-service,21.0,46.98,45.08,331.98,302.88,117.29,0.21,28.14,0,normal
2026-01-03 01:20:00,database,42.26,64.73,47.24,764.99,727.52,88.97,0.18,68.03,0,normal
2026-01-03 01:25:00,api-gateway,38.53,53.59,53.5,744.54,650.66,124.64,0.16,24.98,0,normal
2026-01-03 01:25:00,user-service,32.9,49.2,57.46,341.29,381.14,145.23,0.15,36.35,0,normal
2026-01-03 01:25:00,payment-service,39.55,56.56,42.76,494.94,492.31,141.36,0.19,42.86,0,normal
2026-01-03 01:25:00,notification-service,21.02,49.21,51.17,287.18,280.34,133.44,0.11,20.93,0,normal
2026-01-03 01:25:00,database,42.23,66.72,52.76,701.07,689.73,105.97,0.19,63.09,0,normal
2026-01-03 01:30:00,api-gateway,39.43,54.7,32.51,646.1,677.78,129.06,0.22,25.15,0,normal
2026-01-03 01:30:00,user-service,20.92,45.31,47.77,434.58,369.74,126.4,0.23,34.53,0,normal
2026-01-03 01:30:00,payment-service,37.87,57.13,39.2,595.66,554.91,157.03,0.28,50.73,0,normal
2026-01-03 01:30:00,notification-service,23.67,42.0,61.05,264.97,308.29,96.13,0.27,21.42,0,normal
2026-01-03 01:30:00,database,48.91,66.51,42.23,781.56,767.1,102.92,0.15,70.16,0,normal
2026-01-03 01:35:00,api-gateway,37.55,55.43,47.61,653.77,598.95,136.31,0.26,29.75,0,normal
2026-01-03 01:35:00,user-service,32.12,48.93,37.18,343.32,305.86,99.01,0.14,28.26,0,normal
2026-01-03 01:35:00,payment-service,43.75,56.49,27.87,560.75,492.12,163.04,0.18,52.07,0,normal
2026-01-03 01:35:00,notification-service,25.81,39.49,68.2,354.81,310.59,106.63,0.25,23.66,0,normal
2026-01-03 01:35:00,database,45.58,67.06,50.87,838.82,745.39,98.79,0.23,67.37,0,normal
2026-01-03 01:40:00,api-gateway,44.31,58.02,42.22,622.53,575.84,119.08,0.18,30.5,0,normal
2026-01-03 01:40:00,user-service,20.85,49.81,40.95,354.64,376.98,124.05,0.13,31.95,0,normal
2026-01-03 01:40:00,payment-service,38.15,60.92,62.98,551.53,498.01,160.82,0.13,48.6,0,normal
2026-01-03 01:40:00,notification-service,27.32,46.63,43.03,326.84,276.34,106.8,0.24,19.91,0,normal
2026-01-03 01:40:00,database,43.52,70.89,51.02,519.35,628.75,103.69,0.18,72.51,0,normal
2026-01-03 01:45:00,api-gateway,39.96,54.99,57.14,602.86,653.73,148.71,0.18,22.16,0,normal
2026-01-03 01:45:00,user-service,28.62,52.81,41.88,339.07,359.84,110.14,0.22,30.45,0,normal
2026-01-03 01:45:00,payment-service,42.97,63.19,66.59,468.9,466.97,179.17,0.21,50.42,0,normal
2026-01-03 01:45:00,notification-service,27.7,41.06,56.15,297.02,308.63,93.57,0.12,23.8,0,normal
2026-01-03 01:45:00,database,56.24,70.18,58.79,681.39,593.25,79.21,0.17,60.34,0,normal
2026-01-03 01:50:00,api-gateway,42.04,56.67,42.39,588.32,642.98,147.7,0.2,28.7,0,normal
2026-01-03 01:50:00,user-service,24.24,51.3,56.29,312.77,338.04,111.73,0.18,34.24,0,normal
2026-01-03 01:50:00,payment-service,43.94,64.77,42.48,592.43,513.6,152.04,0.2,45.6,0,normal
2026-01-03 01:50:00,notification-service,21.37,49.11,55.54,316.17,280.12,95.76,0.24,22.9,0,normal
2026-01-03 01:50:00,database,45.4,66.53,57.32,590.25,650.65,93.25,0.23,65.85,0,normal
2026-01-03 01:55:00,api-gateway,34.58,53.28,50.79,545.98,606.17,145.73,0.15,26.81,0,normal
2026-01-03 01:55:00,user-service,35.04,47.71,68.15,466.18,399.95,117.39,0.21,33.98,0,normal
2026-01-03 01:55:00,payment-service,49.53,63.39,52.78,452.85,493.05,154.49,0.26,49.71,0,normal
2026-01-03 01:55:00,notification-service,27.3,50.66,59.35,286.13,285.01,92.48,0.18,25.54,0,normal
2026-01-03 01:55:00,database,50.8,62.99,51.42,800.11,697.94,95.3,0.23,66.55,0,normal
2026-01-03 02:00:00,api-gateway,48.9,54.67,52.31,724.38,650.16,133.45,0.2,25.41,0,normal
2026-01-03 02:00:00,user-service,29.62,50.05,41.72,377.98,357.03,101.61,0.22,28.29,0,normal
2026-01-03 02:00:00,payment-service,40.23,59.76,59.63,556.23,487.31,184.84,0.23,49.96,0,normal
2026-01-03 02:00:00,notification-service,23.08,47.48,54.57,298.19,310.81,109.78,0.27,21.46,0,normal
2026-01-03 02:00:00,database,51.78,68.59,67.42,766.46,696.53,105.08,0.24,68.05,0,normal
2026-01-03 02:05:00,api-gateway,38.21,53.01,52.89,721.26,653.11,158.71,0.19,27.13,0,normal
2026-01-03 02:05:00,user-service,29.67,51.14,48.61,327.43,312.36,113.43,0.15,31.31,0,normal
2026-01-03 02:05:00,payment-service,45.98,62.19,41.85,472.84,477.81,172.48,0.25,46.59,0,normal
2026-01-03 02:05:00,notification-service,24.47,44.58,50.28,226.66,281.74,106.05,0.24,25.64,0,normal
2026-01-03 02:05:00,database,45.56,61.52,37.5,695.62,785.07,97.68,0.18,68.46,0,normal
2026-01-03 02:10:00,api-gateway,41.39,59.08,36.61,746.23,648.6,123.47,0.14,25.89,0,normal
2026-01-03 02:10:00,user-service,24.32,52.85,39.36,322.5,334.3,117.09,0.25,25.3,0,normal
2026-01-03 02:10:00,payment-service,43.31,58.08,43.01,577.82,504.34,149.46,0.17,43.1,0,normal
2026-01-03 02:10:00,notification-service,26.97,48.29,48.34,242.44,260.02,108.56,0.18,12.28,0,normal
2026-01-03 02:10:00,database,48.97,64.32,47.11,601.7,665.12,89.38,0.12,62.76,0,normal
2026-01-03 02:15:00,api-gateway,38.21,53.52,39.69,520.49,611.91,135.59,0.12,25.54,0,normal
2026-01-03 02:15:00,user-service,26.04,50.07,42.8,324.44,331.91,112.25,0.19,30.26,0,normal
2026-01-03 02:15:00,payment-service,47.41,66.21,44.68,499.06,504.06,157.96,0.16,50.87,0,normal
2026-01-03 02:15:00,notification-service,28.43,45.3,52.07,240.55,268.12,112.33,0.19,26.11,0,normal
2026-01-03 02:15:00,database,51.83,60.33,56.46,618.97,684.91,95.41,0.26,69.48,0,normal
2026-01-03 02:20:00,api-gateway,43.87,53.54,41.6,657.61,616.27,123.17,0.16,24.46,0,normal
2026-01-03 02:20:00,user-service,36.34,52.97,39.57,305.53,335.68,125.32,0.21,29.65,0,normal
2026-01-03 02:20:00,payment-service,45.26,60.77,53.91,409.27,419.81,163.9,0.23,43.79,0,normal
2026-01-03 02:20:00,notification-service,23.41,46.81,51.39,264.68,275.8,111.73,0.19,21.32,0,normal
2026-01-03 02:20:00,database,53.76,65.9,48.14,671.38,713.8,97.46,0.24,67.01,0,normal
2026-01-03 02:25:00,api-gateway,41.43,57.39,51.7,507.54,609.57,133.22,0.17,26.92,0,normal
2026-01-03 02:25:00,user-service,28.19,48.51,48.29,340.07,350.68,115.45,0.18,34.32,0,normal
2026-01-03 02:25:00,payment-service,42.07,62.02,57.85,506.39,481.56,154.44,0.14,46.04,0,normal
2026-01-03 02:25:00,notification-service,18.68,46.3,42.54,265.54,269.22,109.95,0.15,22.75,0,normal
2026-01-03 02:25:00,database,48.07,59.93,44.0,840.47,711.72,88.68,0.18,68.47,0,normal
2026-01-03 02:30:00,api-gateway,36.57,53.11,46.57,605.11,563.02,153.91,0.24,31.25,0,normal
2026-01-03 02:30:00,user-service,26.66,44.65,42.74,348.28,380.02,106.96,0.21,36.9,0,normal
2026-01-03 02:30:00,payment-service,46.41,65.46,56.69,452.02,487.02,156.69,0.28,46.53,0,normal
2026-01-03 02:30:00,notification-service,25.79,41.69,44.9,221.64,266.0,104.5,0.2,21.53,0,normal
2026-01-03 02:30:00,database,49.58,68.53,58.03,564.93,597.22,77.7,0.17,67.42,0,normal
2026-01-03 02:35:00,api-gateway,39.19,55.9,43.86,714.09,637.14,142.24,0.21,28.83,0,normal
2026-01-03 02:35:00,user-service,29.39,48.89,51.99,281.56,332.36,114.92,0.17,30.39,0,normal
2026-01-03 02:35:00,payment-service,42.56,57.06,31.32,444.83,491.95,162.84,0.23,50.77,0,normal
2026-01-03 02:35:00,notification-service,20.05,43.91,55.8,286.21,246.52,117.77,0.2,17.94,0,normal
2026-01-03 02:35:00,database,51.53,62.82,52.22,903.78,774.2,84.19,0.23,70.41,0,normal
2026-01-03 02:40:00,api-gateway,42.39,52.13,49.31,641.69,646.19,128.56,0.24,24.77,0,normal
2026-01-03 02:40:00,user-service,31.3,47.0,46.01,327.35,341.98,114.76,0.18,29.38,0,normal
2026-01-03 02:40:00,payment-service,39.29,59.38,42.41,500.83,443.55,163.88,0.22,47.15,0,normal
2026-01-03 02:40:00,notification-service,23.21,44.5,47.44,349.83,301.17,110.33,0.22,21.8,0,normal
2026-01-03 02:40:00,database,52.26,62.54,48.45,706.21,699.63,76.29,0.25,64.08,0,normal
2026-01-03 02:45:00,api-gateway,37.51,52.96,44.73,708.71,634.14,141.07,0.23,25.55,0,normal
2026-01-03 02:45:00,user-service,28.97,49.41,55.12,355.05,310.3,97.09,0.19,31.25,0,normal
2026-01-03 02:45:00,payment-service,45.21,60.98,57.06,464.17,492.84,170.8,0.2,46.06,0,normal
2026-01-03 02:45:00,notification-service,20.35,46.57,36.41,201.64,244.73,89.49,0.32,16.85,0,normal
2026-01-03 02:45:00,database,53.92,63.04,38.37,903.83,782.53,80.14,0.22,71.73,0,normal
2026-01-03 02:50:00,api-gateway,41.06,60.42,48.58,789.47,679.59,136.89,0.22,28.22,0,normal
2026-01-03 02:50:00,user-service,32.8,50.94,53.19,395.22,371.2,115.9,0.19,31.5,0,normal
2026-01-03 02:50:00,payment-service,47.37,64.27,41.21,516.35,470.74,144.05,0.2,45.02,0,normal
2026-01-03 02:50:00,notification-service,29.98,46.24,45.56,285.45,263.55,102.91,0.24,19.27,0,normal
2026-01-03 02:50:00,database,56.05,65.09,37.87,578.41,715.96,107.44,0.2,65.22,0,normal
2026-01-03 02:55:00,api-gateway,42.51,53.9,72.5,562.92,670.54,127.16,0.19,26.04,0,normal
2026-01-03 02:55:00,user-service,36.45,50.91,56.06,313.49,366.49,124.73,0.3,27.49,0,normal
2026-01-03 02:55:00,payment-service,51.97,57.94,42.27,457.78,488.26,146.97,0.15,45.4,0,normal
2026-01-03 02:55:00,notification-service,28.36,43.17,60.03,252.99,280.31,90.28,0.2,22.88,0,normal
2026-01-03 02:55:00,database,42.62,67.7,39.22,770.83,677.27,106.53,0.16,66.08,0,normal
2026-01-03 03:00:00,api-gateway,38.89,50.99,37.86,779.36,688.48,118.78,0.18,31.3,0,normal
2026-01-03 03:00:00,user-service,26.92,48.2,36.88,352.08,293.52,122.08,0.13,28.88,0,normal
2026-01-03 03:00:00,payment-service,41.43,63.63,50.31,398.36,441.25,167.55,0.17,46.84,0,normal
2026-01-03 03:00:00,notification-service,22.7,39.28,55.04,216.16,269.24,105.41,0.21,22.92,0,normal
2026-01-03 03:00:00,database,47.98,63.56,46.35,763.14,722.05,86.29,0.14,62.98,0,normal
2026-01-03 03:05:00,api-gateway,36.91,54.3,71.85,644.97,557.86,128.83,0.11,31.64,0,normal
2026-01-03 03:05:00,user-service,29.44,44.38,69.44,328.89,369.63,115.74,0.09,33.4,0,normal
2026-01-03 03:05:00,payment-service,48.63,61.98,40.72,436.57,500.89,162.23,0.23,53.23,0,normal
2026-01-03 03:05:00,notification-service,22.95,46.85,47.29,301.92,263.22,96.12,0.23,23.53,0,normal
2026-01-03 03:05:00,database,39.43,71.33,63.98,645.07,758.09,86.05,0.18,69.67,0,normal
2026-01-03 03:10:00,api-gateway,35.25,56.77,68.51,595.86,568.68,127.5,0.21,28.45,0,normal
2026-01-03 03:10:00,user-service,30.38,51.02,36.06,374.24,363.11,132.19,0.23,35.85,0,normal
2026-01-03 03:10:00,payment-service,41.32,63.43,47.59,385.63,457.49,168.41,0.24,48.56,0,normal
2026-01-03 03:10:00,notification-service,28.64,46.24,59.59,236.19,286.6,109.21,0.23,22.42,0,normal
2026-01-03 03:10:00,database,47.86,67.03,40.63,589.76,710.34,87.41,0.23,71.1,0,normal
2026-01-03 03:15:00,api-gateway,45.77,58.54,53.44,648.75,706.41,129.89,0.2,30.46,0,normal
2026-01-03 03:15:00,user-service,20.36,50.26,50.07,389.63,356.98,115.86,0.21,28.59,0,normal
2026-01-03 03:15:00,payment-service,40.79,62.21,58.27,416.04,448.3,160.43,0.2,43.94,0,normal
2026-01-03 03:15:00,notification-service,22.44,49.37,55.05,290.82,263.73,101.85,0.23,21.6,0,normal
2026-01-03 03:15:00,database,48.57,68.85,65.63,665.94,654.04,110.43,0.18,68.01,0,normal
2026-01-03 03:20:00,api-gateway,43.69,53.89,44.68,497.7,599.25,149.28,0.14,22.12,0,normal
2026-01-03 03:20:00,user-service,32.85,45.54,47.29,295.64,360.43,99.76,0.13,34.5,0,normal
2026-01-03 03:20:00,payment-service,44.96,61.97,56.55,413.64,414.49,162.47,0.16,45.71,0,normal
2026-01-03 03:20:00,notification-service,18.56,41.86,43.94,323.0,313.56,119.72,0.22,18.17,0,normal
2026-01-03 03:20:00,database,41.97,64.29,51.94,806.19,700.44,80.14,0.23,63.38,0,normal
2026-01-03 03:25:00,api-gateway,42.89,53.49,56.81,785.79,656.44,120.74,0.2,25.25,0,normal
2026-01-03 03:25:00,user-service,29.98,50.0,47.26,377.28,389.9,113.21,0.24,35.33,0,normal
2026-01-03 03:25:00,payment-service,43.46,57.2,49.23,365.34,449.55,156.76,0.23,49.23,0,normal
2026-01-03 03:25:00,notification-service,26.28,47.39,64.89,259.89,310.27,115.13,0.2,22.26,0,normal
2026-01-03 03:25:00,database,46.3,69.89,55.6,790.57,708.98,110.53,0.25,66.73,0,normal
2026-01-03 03:30:00,api-gateway,36.68,57.34,62.21,564.2,609.92,127.81,0.27,26.71,0,normal
2026-01-03 03:30:00,user-service,28.9,48.06,54.32,381.14,357.54,108.44,0.25,31.61,0,normal
2026-01-03 03:30:00,payment-service,43.2,59.26,35.07,367.5,454.73,167.52,0.17,48.39,0,normal
2026-01-03 03:30:00,notification-service,25.41,41.13,52.87,279.88,300.64,106.0,0.32,18.41,0,normal
2026-01-03 03:30:00,database,53.19,67.87,59.28,797.64,692.19,107.94,0.16,67.78,0,normal
2026-01-03 03:35:00,api-gateway,45.46,58.59,48.49,527.21,635.31,127.27,0.16,24.94,0,normal
2026-01-03 03:35:00,user-service,25.67,45.27,36.74,381.71,353.69,106.33,0.17,28.99,0,normal
2026-01-03 03:35:00,payment-service,46.01,62.77,39.18,490.58,476.17,158.11,0.16,44.65,0,normal
2026-01-03 03:35:00,notification-service,22.71,46.8,30.95,310.12,278.39,89.67,0.22,22.0,0,normal
2026-01-03 03:35:00,database,42.06,62.71,46.42,652.35,646.28,84.99,0.15,70.06,0,normal
2026-01-03 03:40:00,api-gateway,42.73,55.57,52.12,604.19,591.06,127.45,0.23,24.47,0,normal
2026-01-03 03:40:00,user-service,30.25,49.89,35.58,355.4,319.64,114.42,0.21,29.69,0,normal
2026-01-03 03:40:00,payment-service,38.3,55.68,44.44,499.39,468.98,167.17,0.18,51.05,0,normal
2026-01-03 03:40:00,notification-service,18.0,45.79,49.9,313.23,293.95,106.65,0.27,21.28,0,normal
2026-01-03 03:40:00,database,53.38,66.92,34.54,686.81,654.07,78.09,0.17,68.16,0,normal
2026-01-03 03:45:00,api-gateway,37.15,48.67,52.01,758.89,635.84,137.06,0.21,35.44,0,normal
2026-01-03 03:45:00,user-service,28.81,45.82,55.06,311.33,328.64,107.19,0.12,31.43,0,normal
2026-01-03 03:45:00,payment-service,42.28,54.09,53.54,415.75,456.27,151.68,0.23,46.92,0,normal
2026-01-03 03:45:00,notification-service,21.28,40.93,54.42,291.33,291.1,110.78,0.19,23.93,0,normal
2026-01-03 03:45:00,database,49.75,63.99,59.79,549.38,677.71,89.41,0.24,71.88,0,normal
2026-01-03 03:50:00,api-gateway,33.73,54.42,55.2,536.32,624.65,139.2,0.28,29.23,0,normal
2026-01-03 03:50:00,user-service,30.94,47.73,43.26,380.67,356.92,123.59,0.16,35.57,0,normal
2026-01-03 03:50:00,payment-service,39.8,52.71,78.67,600.37,508.92,162.94,0.19,48.04,0,normal
2026-01-03 03:50:00,notification-service,25.41,45.36,56.89,277.09,287.58,114.87,0.18,20.52,0,normal
2026-01-03 03:50:00,database,50.13,63.67,40.23,612.7,674.93,96.42,0.22,66.05,0,normal
2026-01-03 03:55:00,api-gateway,37.63,47.38,37.06,648.19,638.68,154.44,0.22,19.61,0,normal
2026-01-03 03:55:00,user-service,26.47,46.5,31.51,361.49,337.68,124.91,0.18,29.15,0,normal
2026-01-03 03:55:00,payment-service,46.17,64.63,47.54,576.45,520.94,165.57,0.22,42.07,0,normal
2026-01-03 03:55:00,notification-service,23.97,39.11,34.31,308.17,290.69,109.89,0.15,22.56,0,normal
2026-01-03 03:55:00,database,47.03,69.37,53.51,628.56,777.0,115.46,0.21,66.98,0,normal
2026-01-03 04:00:00,api-gateway,43.5,57.54,56.8,515.31,613.14,135.39,0.2,26.92,0,normal
2026-01-03 04:00:00,user-service,33.35,54.8,46.96,313.21,328.56,115.92,0.21,36.04,0,normal
2026-01-03 04:00:00,payment-service,46.78,64.67,49.94,591.9,546.8,167.14,0.26,50.1,0,normal
2026-01-03 04:00:00,notification-service,21.96,48.67,48.28,279.87,281.42,108.93,0.2,21.9,0,normal
2026-01-03 04:00:00,database,45.5,63.29,56.33,543.42,650.45,101.21,0.23,69.62,0,normal
2026-01-03 04:05:00,api-gateway,38.07,53.48,28.97,606.44,659.53,134.66,0.26,25.69,0,normal
2026-01-03 04:05:00,user-service,28.28,51.64,53.81,320.0,297.67,100.73,0.23,33.84,0,normal
2026-01-03 04:05:00,payment-service,41.7,62.02,43.42,465.43,514.43,155.13,0.23,46.18,0,normal
2026-01-03 04:05:00,notification-service,23.31,48.5,57.84,280.16,256.56,111.92,0.17,25.06,0,normal
2026-01-03 04:05:00,database,48.0,63.72,56.77,630.76,646.85,83.8,0.24,61.18,0,normal
2026-01-03 04:10:00,api-gateway,39.07,53.66,36.27,771.38,664.23,133.57,0.27,28.63,0,normal
2026-01-03 04:10:00,user-service,26.08,46.53,47.06,418.58,366.49,105.2,0.13,33.3,0,normal
2026-01-03 04:10:00,payment-service,42.36,62.16,55.72,466.54,485.45,166.16,0.21,47.63,0,normal
2026-01-03 04:10:00,notification-service,19.73,50.67,44.23,289.45,274.76,118.11,0.26,15.18,0,normal
2026-01-03 04:10:00,database,51.98,65.17,75.87,566.65,647.17,94.61,0.16,68.35,0,normal
2026-01-03 04:15:00,api-gateway,40.86,54.53,57.36,703.77,689.93,127.59,0.15,26.22,0,normal
2026-01-03 04:15:00,user-service,28.57,55.81,36.73,311.66,360.91,98.98,0.11,36.33,0,normal
2026-01-03 04:15:00,payment-service,49.73,66.69,49.61,444.29,431.3,164.14,0.24,42.1,0,normal
2026-01-03 04:15:00,notification-service,19.61,46.65,30.59,258.57,282.86,97.58,0.22,21.8,0,normal
2026-01-03 04:15:00,database,51.01,68.76,43.9,694.45,619.52,106.67,0.19,61.66,0,normal
2026-01-03 04:20:00,api-gateway,38.79,57.2,62.14,596.43,671.19,136.2,0.22,27.36,0,normal
2026-01-03 04:20:00,user-service,30.07,53.15,60.64,399.36,355.9,110.4,0.16,32.74,0,normal
2026-01-03 04:20:00,payment-service,44.29,63.57,55.2,414.57,427.6,178.13,0.2,45.79,0,normal
2026-01-03 04:20:00,notification-service,21.97,49.08,52.82,289.18,274.71,104.73,0.17,24.53,0,normal
2026-01-03 04:20:00,database,49.46,62.64,32.37,687.73,695.15,90.98,0.2,66.45,0,normal
2026-01-03 04:25:00,api-gateway,39.11,54.68,53.15,568.34,623.91,118.71,0.24,27.96,0,normal
2026-01-03 04:25:00,user-service,32.95,49.71,39.83,303.72,362.08,110.85,0.2,37.5,0,normal
2026-01-03 04:25:00,payment-service,43.79,55.98,56.48,562.2,541.63,181.28,0.16,47.64,0,normal
2026-01-03 04:25:00,notification-service,22.89,43.39,61.94,293.31,278.82,118.06,0.22,18.83,0,normal
2026-01-03 04:25:00,database,51.51,66.79,58.63,658.59,719.07,89.81,0.22,69.26,0,normal
2026-01-03 04:30:00,api-gateway,40.01,53.35,35.11,729.44,682.28,119.58,0.13,27.84,0,normal
2026-01-03 04:30:00,user-service,23.53,44.76,45.33,335.99,349.48,102.58,0.15,29.44,0,normal
2026-01-03 04:30:00,payment-service,44.96,57.52,48.87,521.16,484.27,168.09,0.14,42.83,0,normal
2026-01-03 04:30:00,notification-service,19.84,45.89,48.59,274.43,293.74,102.92,0.2,23.85,0,normal
2026-01-03 04:30:00,database,45.9,68.7,41.8,600.93,711.43,79.6,0.15,68.57,0,normal
2026-01-03 04:35:00,api-gateway,37.17,53.12,26.19,535.8,654.26,139.53,0.26,24.41,0,normal
2026-01-03 04:35:00,user-service,29.89,48.16,60.89,352.15,344.95,111.79,0.16,33.08,0,normal
2026-01-03 04:35:00,payment-service,44.04,61.89,40.83,492.14,531.49,149.21,0.21,46.63,0,normal
2026-01-03 04:35:00,notification-service,24.47,47.71,56.0,271.6,251.03,97.86,0.16,24.92,0,normal
2026-01-03 04:35:00,database,45.75,67.0,35.25,727.02,634.76,90.14,0.21,69.74,0,normal
2026-01-03 04:40:00,api-gateway,34.5,58.76,43.75,584.84,560.11,137.33,0.11,22.52,0,normal
2026-01-03 04:40:00,user-service,34.01,49.92,63.34,333.53,303.72,111.44,0.24,33.88,0,normal
2026-01-03 04:40:00,payment-service,43.41,56.53,43.8,502.45,484.79,161.17,0.26,47.66,0,normal
2026-01-03 04:40:00,notification-service,25.33,43.43,45.13,254.97,276.2,105.83,0.22,26.07,0,normal
2026-01-03 04:40:00,database,42.92,64.34,44.15,591.29,691.93,98.42,0.17,67.65,0,normal
2026-01-03 04:45:00,api-gateway,34.1,52.19,60.95,675.26,585.56,141.97,0.25,29.65,0,normal
2026-01-03 04:45:00,user-service,24.72,47.46,60.03,299.48,323.78,120.47,0.24,31.7,0,normal
2026-01-03 04:45:00,payment-service,40.95,60.99,53.57,391.08,464.59,164.4,0.18,41.47,0,normal
2026-01-03 04:45:00,notification-service,20.79,47.03,45.87,268.74,280.26,93.96,0.22,23.37,0,normal
2026-01-03 04:45:00,database,55.28,67.3,41.46,847.63,715.88,93.63,0.22,69.01,0,normal
2026-01-03 04:50:00,api-gateway,41.48,52.39,49.97,763.43,672.92,133.29,0.2,26.54,0,normal
2026-01-03 04:50:00,user-service,25.27,50.34,47.44,365.94,365.29,109.03,0.24,28.13,0,normal
2026-01-03 04:50:00,payment-service,43.13,63.18,43.81,629.11,535.75,166.03,0.2,43.06,0,normal
2026-01-03 04:50:00,notification-service,21.25,43.45,44.5,264.36,298.36,98.4,0.2,22.43,0,normal
2026-01-03 04:50:00,database,46.93,65.69,39.83,578.87,578.99,81.01,0.26,68.77,0,normal
2026-01-03 04:55:00,api-gateway,38.68,57.96,52.96,591.03,616.59,122.36,0.29,23.74,0,normal
2026-01-03 04:55:00,user-service,32.72,50.7,66.45,351.11,351.34,127.2,0.19,26.03,0,normal
2026-01-03 04:55:00,payment-service,42.22,61.36,34.28,620.57,523.47,177.43,0.18,44.15,0,normal
2026-01-03 04:55:00,notification-service,24.57,47.89,33.31,348.04,290.16,114.04,0.21,19.06,0,normal
2026-01-03 04:55:00,database,45.48,62.71,63.74,606.59,706.65,96.21,0.2,74.12,0,normal
2026-01-03 05:00:00,api-gateway,38.07,53.68,46.34,570.63,555.65,131.01,0.12,24.5,0,normal
2026-01-03 05:00:00,user-service,19.57,52.5,40.0,385.2,373.27,110.71,0.2,39.08,0,normal
2026-01-03 05:00:00,payment-service,50.58,58.15,51.92,430.22,465.03,167.22,0.22,49.75,0,normal
2026-01-03 05:00:00,notification-service,22.17,42.01,45.17,333.35,298.77,91.06,0.2,23.02,0,normal
2026-01-03 05:00:00,database,42.48,61.14,57.88,810.86,707.65,90.17,0.1,69.5,0,normal
2026-01-03 05:05:00,api-gateway,34.3,59.72,47.81,604.2,613.8,154.82,0.19,28.1,0,normal
2026-01-03 05:05:00,user-service,24.01,49.8,49.47,435.8,368.95,116.29,0.26,32.44,0,normal
2026-01-03 05:05:00,payment-service,51.11,52.68,68.25,564.03,504.96,170.68,0.14,49.78,0,normal
2026-01-03 05:05:00,notification-service,25.0,48.35,52.55,250.98,300.73,110.72,0.22,23.35,0,normal
2026-01-03 05:05:00,database,50.35,60.36,44.01,792.2,714.72,84.11,0.19,70.4,0,normal
2026-01-03 05:10:00,api-gateway,33.37,49.81,49.54,501.15,563.31,119.53,0.27,22.72,0,normal
2026-01-03 05:10:00,user-service,28.88,48.56,34.7,407.86,340.92,111.35,0.24,27.55,0,normal
2026-01-03 05:10:00,payment-service,46.66,59.37,67.04,450.84,562.26,173.05,0.16,46.47,0,normal
2026-01-03 05:10:00,notification-service,25.74,42.73,37.97,300.12,257.15,104.35,0.14,21.1,0,normal
2026-01-03 05:10:00,database,46.34,69.05,42.11,633.8,785.53,107.46,0.21,73.17,0,normal
2026-01-03 05:15:00,api-gateway,35.77,54.01,53.25,691.52,723.46,123.5,0.22,27.17,0,normal
2026-01-03 05:15:00,user-service,29.06,50.51,54.91,313.09,365.59,114.75,0.2,31.02,0,normal
2026-01-03 05:15:00,payment-service,39.99,61.76,45.49,521.19,485.58,171.74,0.13,44.8,0,normal
2026-01-03 05:15:00,notification-service,22.44,42.95,49.48,269.63,288.75,89.58,0.13,25.13,0,normal
2026-01-03 05:15:00,database,47.54,66.08,42.29,610.81,652.68,93.56,0.09,63.66,0,normal
2026-01-03 05:20:00,api-gateway,37.78,53.01,58.88,565.53,662.33,120.66,0.16,22.2,0,normal
2026-01-03 05:20:00,user-service,25.51,53.01,37.4,345.39,336.07,111.61,0.21,34.66,0,normal
2026-01-03 05:20:00,payment-service,43.45,60.91,52.08,482.86,507.03,167.66,0.22,47.12,0,normal
2026-01-03 05:20:00,notification-service,23.7,40.86,34.38,308.07,273.68,101.05,0.16,25.22,0,normal
2026-01-03 05:20:00,database,55.47,67.44,43.07,692.17,662.93,89.54,0.19,67.91,0,normal
2026-01-03 05:25:00,api-gateway,42.39,57.05,52.82,569.82,651.36,138.8,0.17,23.92,0,normal
2026-01-03 05:25:00,user-service,37.34,47.3,55.76,360.13,342.56,123.42,0.23,28.76,0,normal
2026-01-03 05:25:00,payment-service,45.95,57.7,45.71,562.45,491.92,145.56,0.18,47.9,0,normal
2026-01-03 05:25:00,notification-service,28.28,36.54,74.05,274.27,278.0,97.92,0.14,16.72,0,normal
2026-01-03 05:25:00,database,47.77,67.01,52.59,639.02,729.91,77.48,0.18,69.31,0,normal
2026-01-03 05:30:00,api-gateway,41.02,55.95,59.61,570.13,606.09,134.31,0.2,22.65,0,normal
2026-01-03 05:30:00,user-service,32.63,52.19,30.07,361.81,336.69,128.55,0.21,31.75,0,normal
2026-01-03 05:30:00,payment-service,40.91,63.91,60.38,516.05,471.55,176.24,0.2,51.08,0,normal
2026-01-03 05:30:00,notification-service,20.36,40.17,36.73,236.48,279.02,111.18,0.2,22.9,0,normal
2026-01-03 05:30:00,database,44.46,65.68,57.72,658.9,747.81,89.05,0.16,69.58,0,normal
2026-01-03 05:35:00,api-gateway,39.19,57.24,40.46,633.21,622.88,132.69,0.14,24.16,0,normal
2026-01-03 05:35:00,user-service,19.64,53.98,45.96,308.78,285.72,110.66,0.25,29.12,0,normal
2026-01-03 05:35:00,payment-service,40.33,60.18,35.26,495.58,499.4,158.9,0.15,47.69,0,normal
2026-01-03 05:35:00,notification-service,19.16,46.89,40.73,254.05,285.66,103.38,0.24,22.46,0,normal
2026-01-03 05:35:00,database,50.19,66.79,55.33,628.17,718.46,97.33,0.19,63.25,0,normal
2026-01-03 05:40:00,api-gateway,41.75,50.25,36.99,537.64,627.29,128.3,0.2,25.76,0,normal
2026-01-03 05:40:00,user-service,25.66,49.33,52.31,351.01,344.56,102.38,0.17,30.89,0,normal
2026-01-03 05:40:00,payment-service,45.19,60.7,64.03,442.55,469.01,159.23,0.13,45.89,0,normal
2026-01-03 05:40:00,notification-service,17.59,46.99,31.86,300.64,293.75,106.37,0.25,19.45,0,normal
2026-01-03 05:40:00,database,49.47,68.97,61.33,688.02,647.71,90.42,0.11,64.78,0,normal
2026-01-03 05:45:00,api-gateway,41.06,57.02,48.46,724.79,629.13,150.03,0.29,26.36,0,normal
2026-01-03 05:45:00,user-service,32.9,50.34,40.93,361.35,347.17,104.57,0.22,29.05,0,normal
2026-01-03 05:45:00,payment-service,45.76,61.98,63.25,461.85,487.82,174.34,0.2,48.58,0,normal
2026-01-03 05:45:00,notification-service,30.8,40.61,54.79,251.56,296.84,116.9,0.1,27.35,0,normal
2026-01-03 05:45:00,database,53.75,58.91,58.29,674.83,730.88,95.88,0.27,67.48,0,normal
2026-01-03 05:50:00,api-gateway,43.6,54.01,37.94,698.56,623.09,127.35,0.2,28.19,0,normal
2026-01-03 05:50:00,user-service,24.85,47.28,60.71,381.48,395.43,104.57,0.23,37.73,0,normal
2026-01-03 05:50:00,payment-service,47.56,61.54,41.75,511.43,482.99,166.44,0.26,47.02,0,normal
2026-01-03 05:50:00,notification-service,22.27,40.19,45.16,273.16,314.53,116.15,0.3,23.62,0,normal
2026-01-03 05:50:00,database,46.24,68.97,56.15,641.81,701.48,81.83,0.17,65.93,0,normal
2026-01-03 05:55:00,api-gateway,28.96,54.06,32.26,594.66,632.17,145.67,0.13,27.69,0,normal
2026-01-03 05:55:00,user-service,31.56,49.02,52.26,408.21,387.01,127.95,0.21,34.08,0,normal
2026-01-03 05:55:00,payment-service,38.65,60.4,38.31,535.79,506.28,164.06,0.21,44.04,0,normal
2026-01-03 05:55:00,notification-service,24.12,41.11,39.55,314.26,269.13,93.77,0.18,22.18,0,normal
2026-01-03 05:55:00,database,46.53,67.06,44.9,611.26,724.49,64.96,0.25,64.23,0,normal
2026-01-03 06:00:00,api-gateway,31.52,58.39,38.62,463.56,558.53,131.43,0.19,25.41,0,normal
2026-01-03 06:00:00,user-service,23.28,48.88,41.28,292.11,360.27,101.12,0.21,29.9,0,normal
2026-01-03 06:00:00,payment-service,44.92,62.83,44.91,583.24,487.25,169.85,0.16,49.82,0,normal
2026-01-03 06:00:00,notification-service,21.45,46.75,55.77,348.3,293.07,112.57,0.2,23.65,0,normal
2026-01-03 06:00:00,database,47.26,71.55,57.51,744.97,630.78,94.64,0.13,73.21,0,normal
2026-01-03 06:05:00,api-gateway,32.28,55.0,47.24,430.37,515.95,124.0,0.17,29.3,0,normal
2026-01-03 06:05:00,user-service,35.28,50.14,62.16,340.06,321.59,123.74,0.15,34.57,0,normal
2026-01-03 06:05:00,payment-service,45.96,57.12,56.53,530.35,507.62,156.69,0.19,40.36,0,normal
2026-01-03 06:05:00,notification-service,22.99,51.71,59.06,309.59,265.01,92.55,0.13,16.5,0,normal
2026-01-03 06:05:00,database,52.72,64.37,46.01,740.39,670.29,87.36,0.19,64.74,0,normal
2026-01-03 06:10:00,api-gateway,41.72,57.78,55.0,398.12,494.07,132.98,0.17,26.29,0,normal
2026-01-03 06:10:00,user-service,31.18,45.86,38.82,336.63,371.33,148.68,0.24,33.3,0,normal
2026-01-03 06:10:00,payment-service,38.66,58.1,48.19,453.26,434.65,165.08,0.17,44.42,0,normal
2026-01-03 06:10:00,notification-service,27.44,48.73,52.56,296.92,275.16,97.16,0.23,21.77,0,normal
2026-01-03 06:10:00,database,44.79,65.26,43.59,625.05,665.62,89.71,0.24,71.09,0,normal
2026-01-03 06:15:00,api-gateway,38.73,61.79,46.26,678.29,649.17,129.12,0.22,28.52,0,normal
2026-01-03 06:15:00,user-service,38.75,55.88,47.1,294.53,337.98,126.81,0.3,33.63,0,normal
2026-01-03 06:15:00,payment-service,45.45,59.59,50.82,498.61,460.86,160.59,0.27,52.01,0,normal
2026-01-03 06:15:00,notification-service,17.54,39.56,52.46,305.34,283.82,125.02,0.17,20.5,0,normal
2026-01-03 06:15:00,database,56.1,67.04,63.7,830.62,727.52,94.1,0.15,67.84,0,normal
2026-01-03 06:20:00,api-gateway,34.62,49.92,47.19,590.68,623.81,133.55,0.25,24.06,0,normal
2026-01-03 06:20:00,user-service,34.55,54.83,60.87,416.49,357.71,124.31,0.21,32.95,0,normal
2026-01-03 06:20:00,payment-service,45.32,55.59,40.76,537.88,500.62,162.74,0.22,47.9,0,normal
2026-01-03 06:20:00,notification-service,20.64,44.87,29.34,281.78,254.62,106.96,0.2,19.51,0,normal
2026-01-03 06:20:00,database,51.05,65.58,59.33,784.35,666.01,84.73,0.22,64.68,0,normal
2026-01-03 06:25:00,api-gateway,35.75,54.73,33.88,635.96,615.47,125.21,0.2,24.53,0,normal
2026-01-03 06:25:00,user-service,35.74,49.45,34.48,414.8,384.13,119.05,0.12,32.99,0,normal
2026-01-03 06:25:00,payment-service,51.6,58.71,45.6,482.71,491.71,168.3,0.21,46.96,0,normal
2026-01-03 06:25:00,notification-service,26.25,43.46,46.61,307.07,290.13,110.28,0.19,27.33,0,normal
2026-01-03 06:25:00,database,49.17,65.63,62.11,786.78,687.66,99.58,0.09,72.34,0,normal
2026-01-03 06:30:00,api-gateway,40.46,47.78,59.02,776.73,691.59,144.2,0.24,23.87,0,normal
2026-01-03 06:30:00,user-service,32.95,51.32,62.97,310.76,358.25,123.26,0.29,28.0,0,normal
2026-01-03 06:30:00,payment-service,39.98,61.08,48.66,413.6,456.35,163.81,0.18,49.95,0,normal
2026-01-03 06:30:00,notification-service,21.44,41.43,63.83,256.69,284.23,109.64,0.22,25.48,0,normal
2026-01-03 06:30:00,database,50.69,64.57,41.17,646.58,726.12,85.12,0.19,71.3,0,normal
2026-01-03 06:35:00,api-gateway,36.36,53.87,45.02,642.65,650.59,144.52,0.23,24.42,0,normal
2026-01-03 06:35:00,user-service,22.09,50.45,53.32,332.47,328.64,131.71,0.36,33.17,0,normal
2026-01-03 06:35:00,payment-service,41.92,59.48,45.75,495.4,498.24,152.72,0.21,49.96,0,normal
2026-01-03 06:35:00,notification-service,24.68,43.79,30.74,262.34,272.58,111.46,0.19,22.34,0,normal
2026-01-03 06:35:00,database,54.6,62.37,62.15,689.01,712.17,108.92,0.23,70.85,0,normal
2026-01-03 06:40:00,api-gateway,37.93,57.12,43.93,474.72,588.26,140.64,0.18,28.25,0,normal
2026-01-03 06:40:00,user-service,35.16,46.15,74.06,337.93,413.36,115.67,0.28,30.64,0,normal
2026-01-03 06:40:00,payment-service,45.18,58.29,54.3,377.16,467.33,158.1,0.2,42.3,0,normal
2026-01-03 06:40:00,notification-service,20.95,46.79,48.33,342.48,317.21,101.11,0.16,26.13,0,normal
2026-01-03 06:40:00,database,45.58,63.17,73.1,722.93,652.01,106.2,0.13,66.43,0,normal
2026-01-03 06:45:00,api-gateway,34.71,53.84,42.19,679.19,578.69,126.89,0.25,29.64,0,normal
2026-01-03 06:45:00,user-service,29.03,50.57,52.93,279.23,327.34,111.61,0.15,31.43,0,normal
2026-01-03 06:45:00,payment-service,44.84,59.43,27.58,636.88,534.82,183.87,0.23,48.37,0,normal
2026-01-03 06:45:00,notification-service,19.27,46.57,52.83,278.55,304.26,109.52,0.22,19.8,0,normal
2026-01-03 06:45:00,database,46.71,67.56,37.65,642.91,691.06,89.0,0.32,65.23,0,normal
2026-01-03 06:50:00,api-gateway,40.12,55.16,57.56,565.75,575.07,129.09,0.21,32.26,0,normal
2026-01-03 06:50:00,user-service,29.99,56.08,40.87,320.72,357.12,103.22,0.22,35.7,0,normal
2026-01-03 06:50:00,payment-service,31.78,67.39,37.92,418.69,469.49,157.71,0.28,44.98,0,normal
2026-01-03 06:50:00,notification-service,29.35,39.82,54.6,319.29,302.73,116.68,0.18,26.66,0,normal
2026-01-03 06:50:00,database,45.28,60.83,47.88,827.71,705.58,98.22,0.18,70.53,0,normal
2026-01-03 06:55:00,api-gateway,46.14,55.1,42.37,637.43,578.78,128.11,0.24,28.0,0,normal
2026-01-03 06:55:00,user-service,27.3,53.5,39.52,285.83,345.7,110.23,0.19,34.15,0,normal
2026-01-03 06:55:00,payment-service,36.38,63.02,47.66,524.17,546.43,179.04,0.28,44.61,0,normal
2026-01-03 06:55:00,notification-service,19.28,43.58,30.96,230.77,277.38,91.06,0.16,19.37,0,normal
2026-01-03 06:55:00,database,45.85,65.76,49.89,818.83,775.64,97.15,0.16,75.2,0,normal
2026-01-03 07:00:00,api-gateway,39.02,59.96,65.1,891.22,812.97,153.09,0.14,31.29,0,normal
2026-01-03 07:00:00,user-service,33.58,53.05,34.25,448.73,511.24,130.59,0.19,33.8,0,normal
2026-01-03 07:00:00,payment-service,53.17,62.02,60.92,803.98,693.82,159.72,0.14,54.25,0,normal
2026-01-03 07:00:00,notification-service,31.96,46.21,56.27,406.04,389.0,118.92,0.15,25.68,0,normal
2026-01-03 07:00:00,database,52.74,61.67,60.56,853.8,1013.49,97.37,0.21,70.68,0,normal
2026-01-03 07:05:00,api-gateway,45.76,55.33,55.02,1013.03,958.83,121.93,0.2,36.55,0,normal
2026-01-03 07:05:00,user-service,29.58,52.44,57.15,430.57,536.36,135.82,0.21,30.01,0,normal
2026-01-03 07:05:00,payment-service,50.9,61.75,48.11,612.69,708.82,171.3,0.27,51.85,0,normal
2026-01-03 07:05:00,notification-service,20.9,42.23,44.86,319.7,387.06,94.88,0.17,27.95,0,normal
2026-01-03 07:05:00,database,63.38,68.23,45.8,816.54,946.78,101.21,0.16,70.25,0,normal
2026-01-03 07:10:00,api-gateway,45.09,50.61,42.48,812.51,900.36,139.3,0.27,30.97,0,normal
2026-01-03 07:10:00,user-service,41.43,51.99,52.1,567.03,556.95,123.17,0.19,29.16,0,normal
2026-01-03 07:10:00,payment-service,46.05,62.53,68.48,693.53,746.25,184.84,0.25,50.81,0,normal
2026-01-03 07:10:00,notification-service,27.05,41.48,51.58,399.8,405.36,95.51,0.25,24.06,0,normal
2026-01-03 07:10:00,database,55.07,59.44,68.22,825.91,944.05,85.83,0.18,71.86,0,normal
2026-01-03 07:15:00,api-gateway,48.27,55.99,42.84,814.21,919.46,131.85,0.22,28.72,0,normal
2026-01-03 07:15:00,user-service,36.6,47.52,37.02,611.21,521.61,124.17,0.27,29.69,0,normal
2026-01-03 07:15:00,payment-service,47.6,61.19,36.49,687.06,660.78,149.02,0.14,48.65,0,normal
2026-01-03 07:15:00,notification-service,29.57,41.21,60.35,371.64,370.33,120.74,0.28,20.72,0,normal
2026-01-03 07:15:00,database,53.6,70.51,64.12,889.12,1061.75,100.51,0.16,70.36,0,normal
2026-01-03 07:20:00,api-gateway,48.83,50.19,48.8,950.1,924.7,137.52,0.14,29.85,0,normal
2026-01-03 07:20:00,user-service,35.44,51.11,62.1,578.62,503.7,137.39,0.22,33.64,0,normal
2026-01-03 07:20:00,payment-service,50.23,60.01,55.93,604.13,745.02,177.64,0.28,55.37,0,normal
2026-01-03 07:20:00,notification-service,33.43,47.12,44.44,462.56,410.33,121.18,0.2,28.26,0,normal
2026-01-03 07:20:00,database,56.37,66.95,46.11,1276.42,1065.9,115.14,0.25,72.9,0,normal
2026-01-03 07:25:00,api-gateway,46.69,59.36,53.22,871.02,967.42,144.14,0.1,34.66,0,normal
2026-01-03 07:25:00,user-service,36.71,50.57,43.35,653.88,567.13,121.53,0.33,39.97,0,normal
2026-01-03 07:25:00,payment-service,54.31,55.85,51.08,635.48,696.61,183.98,0.13,55.32,0,normal
2026-01-03 07:25:00,notification-service,30.49,40.87,39.85,459.35,429.39,108.31,0.17,26.5,0,normal
2026-01-03 07:25:00,database,55.18,60.61,35.54,1171.51,989.62,104.07,0.18,69.32,0,normal
2026-01-03 07:30:00,api-gateway,39.52,52.9,71.43,990.54,949.2,137.79,0.21,32.68,0,normal
2026-01-03 07:30:00,user-service,42.2,46.01,48.27,450.74,479.86,112.09,0.25,30.39,0,normal
2026-01-03 07:30:00,payment-service,52.3,62.29,56.51,561.49,657.24,156.06,0.28,48.71,0,normal
2026-01-03 07:30:00,notification-service,33.84,48.34,60.7,371.62,394.77,113.87,0.15,25.41,0,normal
2026-01-03 07:30:00,database,54.65,68.19,40.57,1077.55,981.17,108.85,0.26,70.37,0,normal
2026-01-03 07:35:00,api-gateway,47.85,54.17,49.93,1042.87,948.48,136.14,0.28,27.83,0,normal
2026-01-03 07:35:00,user-service,33.51,49.52,41.76,575.81,488.59,100.29,0.27,27.68,0,normal
2026-01-03 07:35:00,payment-service,52.95,55.85,38.31,664.73,764.93,156.81,0.11,53.23,0,normal
2026-01-03 07:35:00,notification-service,28.1,44.39,53.56,381.67,352.54,94.68,0.19,20.69,0,normal
2026-01-03 07:35:00,database,64.06,66.78,54.13,975.5,955.46,112.13,0.19,68.29,0,normal
2026-01-03 07:40:00,api-gateway,41.81,53.64,63.93,691.86,849.84,130.09,0.2,30.44,0,normal
2026-01-03 07:40:00,user-service,35.34,52.69,46.51,583.68,561.84,120.65,0.17,32.48,0,normal
2026-01-03 07:40:00,payment-service,49.02,60.42,51.61,810.58,705.57,160.63,0.16,50.55,0,normal
2026-01-03 07:40:00,notification-service,27.45,47.58,56.53,453.09,426.79,97.27,0.19,23.99,0,normal
2026-01-03 07:40:00,database,57.99,62.29,51.93,956.32,1043.98,110.97,0.29,71.93,0,normal
2026-01-03 07:45:00,api-gateway,39.75,54.22,51.04,832.89,895.12,136.47,0.24,28.67,0,normal
2026-01-03 07:45:00,user-service,27.56,52.12,64.94,530.1,516.89,118.21,0.08,34.78,0,normal
2026-01-03 07:45:00,payment-service,48.04,58.98,41.57,569.43,706.19,175.48,0.23,57.72,0,normal
2026-01-03 07:45:00,notification-service,26.43,44.8,45.46,326.52,384.33,96.96,0.3,29.41,0,normal
2026-01-03 07:45:00,database,52.03,68.46,54.2,776.45,930.67,91.76,0.21,73.34,0,normal
2026-01-03 07:50:00,api-gateway,45.35,55.29,45.89,887.84,939.53,132.15,0.25,33.87,0,normal
2026-01-03 07:50:00,user-service,30.64,51.96,47.16,541.9,496.89,114.19,0.2,36.82,0,normal
2026-01-03 07:50:00,payment-service,46.95,56.25,57.58,756.09,744.11,168.92,0.17,51.42,0,normal
2026-01-03 07:50:00,notification-service,24.8,41.08,53.64,348.49,395.8,112.37,0.27,21.85,0,normal
2026-01-03 07:50:00,database,53.85,63.18,43.29,834.12,972.39,82.2,0.21,70.01,0,normal
2026-01-03 07:55:00,api-gateway,41.54,52.41,40.12,1008.73,948.95,123.13,0.26,33.37,0,normal
2026-01-03 07:55:00,user-service,31.75,46.25,44.01,554.72,516.0,106.3,0.19,38.63,0,normal
2026-01-03 07:55:00,payment-service,52.31,61.27,36.03,832.76,695.38,173.13,0.2,50.51,0,normal
2026-01-03 07:55:00,notification-service,31.45,42.36,48.96,487.56,415.07,116.04,0.23,26.12,0,normal
2026-01-03 07:55:00,database,49.29,64.46,59.9,1095.71,1040.59,91.33,0.2,69.01,0,normal
2026-01-03 08:00:00,api-gateway,48.28,53.56,45.59,833.66,901.12,149.26,0.26,32.7,0,normal
2026-01-03 08:00:00,user-service,35.71,47.45,50.55,401.69,469.43,118.96,0.17,34.83,0,normal
2026-01-03 08:00:00,payment-service,50.04,58.95,61.38,794.6,712.06,178.59,0.29,56.74,0,normal
2026-01-03 08:00:00,notification-service,29.83,42.68,51.57,409.57,422.47,110.88,0.16,28.07,0,normal
2026-01-03 08:00:00,database,52.8,65.98,54.76,1123.81,1050.69,94.01,0.11,75.3,0,normal
2026-01-03 08:05:00,api-gateway,51.09,60.01,54.81,683.59,842.52,139.28,0.21,30.79,0,normal
2026-01-03 08:05:00,user-service,33.47,46.84,41.83,456.19,505.03,121.74,0.22,38.72,0,normal
2026-01-03 08:05:00,payment-service,53.8,58.4,61.03,658.27,728.52,166.68,0.21,49.02,0,normal
2026-01-03 08:05:00,notification-service,31.71,45.83,42.12,377.27,407.4,102.75,0.25,28.08,0,normal
2026-01-03 08:05:00,database,53.65,67.97,37.44,1053.89,1026.61,88.73,0.11,66.32,0,normal
2026-01-03 08:10:00,api-gateway,48.25,54.12,60.04,986.9,915.44,133.66,0.2,30.87,0,normal
2026-01-03 08:10:00,user-service,27.92,50.69,44.63,477.42,434.29,119.12,0.33,35.5,0,normal
2026-01-03 08:10:00,payment-service,52.15,62.48,52.46,593.58,702.75,174.27,0.29,47.79,0,normal
2026-01-03 08:10:00,notification-service,31.2,49.15,52.24,526.27,440.28,107.33,0.28,27.21,0,normal
2026-01-03 08:10:00,database,53.03,63.66,47.89,1052.14,1033.01,95.75,0.12,71.65,0,normal
2026-01-03 08:15:00,api-gateway,42.92,52.78,56.72,1074.78,944.11,138.44,0.12,27.39,0,normal
2026-01-03 08:15:00,user-service,30.55,52.26,48.3,552.59,486.81,117.56,0.21,33.78,0,normal
2026-01-03 08:15:00,payment-service,46.01,55.51,49.83,529.36,629.98,161.12,0.24,47.82,0,normal
2026-01-03 08:15:00,notification-service,29.81,46.95,48.16,394.45,392.24,122.06,0.29,24.02,0,normal
2026-01-03 08:15:00,database,55.81,70.77,41.39,1087.01,1041.44,95.03,0.19,67.46,0,normal
2026-01-03 08:20:00,api-gateway,41.49,54.08,43.5,879.94,913.52,147.75,0.19,31.1,0,normal
2026-01-03 08:20:00,user-service,38.1,55.44,60.31,550.25,507.9,131.55,0.17,41.11,0,normal
2026-01-03 08:20:00,payment-service,53.06,60.89,38.26,560.39,676.62,167.85,0.18,42.16,0,normal
2026-01-03 08:20:00,notification-service,31.69,38.21,53.05,453.24,409.87,130.95,0.12,29.0,0,normal
2026-01-03 08:20:00,database,58.86,58.82,58.54,1008.33,955.61,98.33,0.2,63.04,0,normal
2026-01-03 08:25:00,api-gateway,52.46,60.32,52.76,733.85,912.57,154.22,0.26,30.09,0,normal
2026-01-03 08:25:00,user-service,41.48,53.13,54.6,530.87,484.72,134.1,0.14,34.86,0,normal
2026-01-03 08:25:00,payment-service,50.13,57.48,56.25,559.25,640.6,153.28,0.2,51.74,0,normal
2026-01-03 08:25:00,notification-service,26.13,41.44,39.49,418.42,402.06,105.29,0.18,25.25,0,normal
2026-01-03 08:25:00,database,55.49,65.46,40.34,1156.76,1014.46,95.33,0.3,68.89,0,normal
2026-01-03 08:30:00,api-gateway,38.72,52.77,49.84,906.35,894.63,160.07,0.19,25.42,0,normal
2026-01-03 08:30:00,user-service,35.3,45.46,62.19,589.03,508.01,112.43,0.1,33.22,0,normal
2026-01-03 08:30:00,payment-service,52.03,63.81,46.22,628.28,716.58,158.39,0.2,52.99,0,normal
2026-01-03 08:30:00,notification-service,34.15,48.54,56.24,337.72,377.01,127.26,0.26,25.76,0,normal
2026-01-03 08:30:00,database,54.07,70.22,60.75,892.81,942.79,92.78,0.25,72.76,0,normal
2026-01-03 08:35:00,api-gateway,44.35,56.38,58.75,795.94,842.98,153.23,0.19,31.16,0,normal
2026-01-03 08:35:00,user-service,32.09,51.65,61.2,527.01,454.25,120.12,0.15,34.59,0,normal
2026-01-03 08:35:00,payment-service,48.2,60.04,58.07,795.23,699.34,171.97,0.24,47.28,0,normal
2026-01-03 08:35:00,notification-service,29.47,46.57,56.59,420.04,397.98,117.78,0.26,25.14,0,normal
2026-01-03 08:35:00,database,59.61,62.9,44.86,1042.22,910.58,99.47,0.2,68.56,0,normal
2026-01-03 08:40:00,api-gateway,41.53,56.11,76.26,1003.45,901.68,145.9,0.15,28.28,0,normal
2026-01-03 08:40:00,user-service,33.17,48.99,67.45,545.67,497.68,107.63,0.23,34.77,0,normal
2026-01-03 08:40:00,payment-service,50.44,62.71,54.88,814.28,690.31,171.58,0.26,56.23,0,normal
2026-01-03 08:40:00,notification-service,35.38,42.63,45.05,344.26,381.26,95.66,0.23,21.46,0,normal
2026-01-03 08:40:00,database,47.8,68.26,67.17,784.4,959.75,94.75,0.16,66.39,0,normal
2026-01-03 08:45:00,api-gateway,39.06,51.35,34.53,871.94,870.43,146.78,0.24,25.98,0,normal
2026-01-03 08:45:00,user-service,31.56,54.6,67.45,394.7,482.28,129.87,0.14,35.8,0,normal
2026-01-03 08:45:00,payment-service,45.96,58.97,50.18,761.26,697.48,162.07,0.18,49.93,0,normal
2026-01-03 08:45:00,notification-service,26.47,43.42,54.78,309.86,339.81,95.43,0.16,25.22,0,normal
2026-01-03 08:45:00,database,57.12,71.17,46.76,1024.51,938.33,116.8,0.26,66.99,0,normal
2026-01-03 08:50:00,api-gateway,45.45,55.37,55.86,1002.78,947.05,153.86,0.16,30.86,0,normal
2026-01-03 08:50:00,user-service,40.47,53.43,38.34,430.73,447.16,110.82,0.22,34.92,0,normal
2026-01-03 08:50:00,payment-service,51.36,60.76,45.46,556.54,683.02,156.11,0.2,44.52,0,normal
2026-01-03 08:50:00,notification-service,30.65,42.41,46.36,335.51,398.21,105.82,0.15,26.81,0,normal
2026-01-03 08:50:00,database,55.34,67.75,40.81,939.35,1013.24,98.76,0.19,69.24,0,normal
2026-01-03 08:55:00,api-gateway,40.21,58.7,60.35,978.62,965.11,124.09,0.17,32.61,0,normal
2026-01-03 08:55:00,user-service,36.87,47.9,59.37,543.18,470.03,110.4,0.31,38.59,0,normal
2026-01-03 08:55:00,payment-service,49.61,58.38,43.16,700.27,661.78,184.78,0.21,54.61,0,normal
2026-01-03 08:55:00,notification-service,26.22,48.01,55.69,416.76,390.72,104.2,0.13,25.42,0,normal
2026-01-03 08:55:00,database,58.56,63.34,51.36,1136.6,1024.43,109.2,0.22,73.34,0,normal
2026-01-03 09:00:00,api-gateway,56.03,58.22,48.49,960.82,1177.67,134.35,0.26,36.04,0,normal
2026-01-03 09:00:00,user-service,43.91,65.0,43.82,548.68,662.71,135.55,0.3,36.7,0,memory_leak
2026-01-03 09:00:00,payment-service,60.57,65.94,49.4,966.49,955.67,176.4,0.22,54.18,0,normal
2026-01-03 09:00:00,notification-service,35.36,43.5,56.94,619.38,530.84,107.97,0.19,23.69,0,normal
2026-01-03 09:00:00,database,60.04,59.14,41.17,1185.34,1355.32,109.36,0.13,67.05,0,normal
2026-01-03 09:05:00,api-gateway,55.55,50.5,48.62,1076.16,1124.65,160.07,0.14,30.08,0,normal
2026-01-03 09:05:00,user-service,43.84,65.92,55.37,631.79,627.88,118.32,0.43,38.9,0,memory_leak
2026-01-03 09:05:00,payment-service,52.47,56.79,70.07,972.8,824.13,173.95,0.2,44.95,0,normal
2026-01-03 09:05:00,notification-service,35.75,41.64,59.38,573.18,520.93,100.9,0.21,29.18,0,normal
2026-01-03 09:05:00,database,65.49,62.65,52.25,1506.29,1336.77,108.48,0.28,77.81,0,normal
2026-01-03 09:10:00,api-gateway,48.66,53.29,51.57,1417.88,1218.67,153.82,0.23,30.97,0,normal
2026-01-03 09:10:00,user-service,45.57,66.83,40.98,563.85,628.6,141.89,0.56,38.94,0,memory_leak
2026-01-03 09:10:00,payment-service,57.88,60.48,47.1,809.61,886.51,173.99,0.22,54.74,0,normal
2026-01-03 09:10:00,notification-service,32.91,44.32,48.66,545.09,499.3,95.04,0.2,30.88,0,normal
2026-01-03 09:10:00,database,66.06,58.96,41.09,1451.31,1297.26,124.72,0.21,75.05,0,normal
2026-01-03 09:15:00,api-gateway,48.41,56.92,40.06,1348.66,1150.29,150.11,0.2,37.18,0,normal
2026-01-03 09:15:00,user-service,41.13,67.75,38.82,686.12,687.04,150.96,0.69,42.4,0,memory_leak
2026-01-03 09:15:00,payment-service,58.69,60.18,57.33,961.67,899.04,190.64,0.18,46.98,0,normal
2026-01-03 09:15:00,notification-service,40.65,45.03,50.02,576.64,504.68,102.61,0.16,23.65,0,normal
2026-01-03 09:15:00,database,63.31,66.65,54.32,1508.14,1323.37,103.3,0.27,65.94,0,normal
2026-01-03 09:20:00,api-gateway,53.61,56.44,46.15,1386.14,1176.24,141.43,0.21,37.02,0,normal
2026-01-03 09:20:00,user-service,37.19,68.67,61.55,687.58,711.08,136.6,0.82,42.4,0,memory_leak
2026-01-03 09:20:00,payment-service,48.16,56.31,35.42,727.55,866.03,192.14,0.15,47.0,0,normal
2026-01-03 09:20:00,notification-service,35.02,44.22,64.06,411.63,514.52,112.22,0.27,23.89,0,normal
2026-01-03 09:20:00,database,62.35,62.06,48.92,1343.85,1294.89,110.76,0.22,71.75,0,normal
2026-01-03 09:25:00,api-gateway,47.31,55.41,60.02,1108.9,1077.73,151.58,0.21,31.55,0,normal
2026-01-03 09:25:00,user-service,40.13,69.58,48.31,558.63,645.78,131.81,0.95,37.04,0,memory_leak
2026-01-03 09:25:00,payment-service,53.29,61.53,50.91,904.27,873.6,194.33,0.17,51.96,0,normal
2026-01-03 09:25:00,notification-service,40.66,47.35,54.87,535.11,504.32,115.0,0.2,28.04,0,normal
2026-01-03 09:25:00,database,58.3,63.79,55.25,1071.71,1260.02,104.0,0.19,74.73,0,normal
2026-01-03 09:30:00,api-gateway,44.56,53.93,60.87,1095.7,1204.61,157.48,0.21,32.88,0,normal
2026-01-03 09:30:00,user-service,40.72,70.5,56.08,747.51,672.31,147.12,1.08,40.86,0,memory_leak
2026-01-03 09:30:00,payment-service,54.9,59.33,44.29,957.35,872.25,189.11,0.26,51.74,0,normal
2026-01-03 09:30:00,notification-service,28.51,49.41,36.53,467.82,510.18,145.45,0.17,26.33,0,normal
2026-01-03 09:30:00,database,51.2,63.86,39.31,1477.25,1300.62,94.36,0.16,68.51,0,normal
2026-01-03 09:35:00,api-gateway,50.26,57.34,41.79,1115.69,1191.13,140.98,0.18,35.36,0,normal
2026-01-03 09:35:00,user-service,35.68,71.42,34.1,700.82,608.86,151.71,1.21,28.35,0,memory_leak
2026-01-03 09:35:00,payment-service,57.19,59.9,46.32,804.99,912.08,161.88,0.2,56.93,0,normal
2026-01-03 09:35:00,notification-service,43.25,44.29,45.14,573.42,540.38,115.72,0.27,30.01,0,normal
2026-01-03 09:35:00,database,59.56,63.03,43.82,1429.53,1334.63,116.97,0.25,74.83,0,normal
2026-01-03 09:40:00,api-gateway,49.64,61.6,45.31,984.25,1208.18,148.22,0.19,24.26,0,normal
2026-01-03 09:40:00,user-service,41.08,72.33,52.33,649.45,669.88,153.91,1.34,36.95,0,memory_leak
2026-01-03 09:40:00,payment-service,52.87,60.22,46.4,968.6,916.47,173.46,0.3,52.64,0,normal
2026-01-03 09:40:00,notification-service,34.17,50.26,47.61,401.88,481.31,123.76,0.24,25.7,0,normal
2026-01-03 09:40:00,database,51.4,71.15,58.97,1003.78,1253.07,95.37,0.19,73.06,0,normal
2026-01-03 09:45:00,api-gateway,46.19,60.36,43.65,1270.6,1175.17,163.06,0.17,33.16,0,normal
2026-01-03 09:45:00,user-service,41.51,73.25,54.87,595.94,610.55,155.29,1.48,42.49,0,memory_leak
2026-01-03 09:45:00,payment-service,53.06,59.13,55.4,890.28,920.76,171.0,0.23,52.55,0,normal
2026-01-03 09:45:00,notification-service,34.64,47.22,50.56,437.87,509.16,101.26,0.16,25.21,0,normal
2026-01-03 09:45:00,database,65.46,61.32,37.75,1138.05,1282.75,108.07,0.15,72.27,0,normal
2026-01-03 09:50:00,api-gateway,50.49,57.26,48.93,1034.42,1160.05,141.47,0.22,35.13,0,normal
2026-01-03 09:50:00,user-service,37.2,74.17,53.93,540.49,626.22,154.93,1.61,32.6,0,memory_leak
2026-01-03 09:50:00,payment-service,63.73,60.48,32.26,970.14,948.35,175.53,0.13,50.18,0,normal
2026-01-03 09:50:00,notification-service,30.22,42.99,63.18,491.02,504.08,112.35,0.15,29.41,0,normal
2026-01-03 09:50:00,database,57.76,65.05,53.84,1325.86,1338.72,116.8,0.2,77.5,0,normal
2026-01-03 09:55:00,api-gateway,56.16,61.32,47.35,1188.18,1129.33,149.83,0.15,35.28,0,normal
2026-01-03 09:55:00,user-service,41.6,75.08,54.9,672.69,625.27,206.22,1.74,32.17,0,memory_leak
2026-01-03 09:55:00,payment-service,53.31,62.71,55.86,929.24,920.35,183.47,0.13,51.9,0,normal
2026-01-03 09:55:00,notification-service,38.77,43.95,45.86,574.73,499.06,116.13,0.14,30.67,0,normal
2026-01-03 09:55:00,database,60.95,71.16,52.49,1264.55,1273.86,99.27,0.14,69.34,0,normal
2026-01-03 10:00:00,api-gateway,40.98,59.18,39.58,1184.85,1141.13,141.8,0.22,30.26,0,normal
2026-01-03 10:00:00,user-service,44.03,76.0,51.77,580.02,621.57,194.03,1.87,38.53,0,memory_leak
2026-01-03 10:00:00,payment-service,50.34,57.22,44.29,1065.94,922.46,191.87,0.31,48.9,0,normal
2026-01-03 10:00:00,notification-service,41.13,40.73,47.65,481.76,551.62,106.29,0.22,30.23,0,normal
2026-01-03 10:00:00,database,55.8,65.72,32.58,1546.77,1295.94,97.71,0.17,76.21,0,normal
2026-01-03 10:05:00,api-gateway,51.5,52.9,41.17,1169.0,1233.04,134.97,0.18,30.75,0,normal
2026-01-03 10:05:00,user-service,42.57,76.92,29.22,606.73,664.46,214.9,2.0,40.61,0,memory_leak
2026-01-03 10:05:00,payment-service,56.88,60.26,59.96,1055.39,899.26,183.86,0.22,53.33,0,normal
2026-01-03 10:05:00,notification-service,38.03,45.85,36.2,431.52,490.74,100.04,0.23,31.41,0,normal
2026-01-03 10:05:00,database,59.64,64.17,68.62,1487.25,1259.14,120.87,0.21,75.36,0,normal
2026-01-03 10:10:00,api-gateway,49.9,52.83,45.82,1212.36,1212.19,158.84,0.17,34.42,0,normal
2026-01-03 10:10:00,user-service,43.05,77.83,38.71,615.87,631.59,225.32,2.13,40.41,0,memory_leak
2026-01-03 10:10:00,payment-service,60.15,52.51,56.01,896.79,899.06,163.94,0.1,51.96,0,normal
2026-01-03 10:10:00,notification-service,34.88,42.51,55.46,598.15,526.26,94.43,0.21,32.17,0,normal
2026-01-03 10:10:00,database,55.44,65.43,43.31,1536.1,1334.83,103.63,0.21,77.73,0,normal
2026-01-03 10:15:00,api-gateway,47.75,56.65,57.45,1373.25,1208.36,148.79,0.17,29.84,0,normal
2026-01-03 10:15:00,user-service,46.21,78.75,46.66,620.16,658.37,207.17,2.26,34.08,0,memory_leak
2026-01-03 10:15:00,payment-service,58.63,64.6,67.04,824.86,872.87,175.49,0.03,50.36,0,normal
2026-01-03 10:15:00,notification-service,28.15,41.42,47.86,469.9,498.39,115.09,0.24,25.28,0,normal
2026-01-03 10:15:00,database,56.24,61.68,47.81,1352.66,1283.76,110.24,0.19,74.03,0,normal
2026-01-03 10:20:00,api-gateway,53.15,55.53,37.68,1318.11,1203.97,142.44,0.19,32.16,0,normal
2026-01-03 10:20:00,user-service,43.76,79.67,65.18,658.38,649.02,206.17,2.39,32.92,0,memory_leak
2026-01-03 10:20:00,payment-service,56.36,56.98,49.71,936.11,865.96,195.13,0.25,54.16,0,normal
2026-01-03 10:20:00,notification-service,36.07,40.4,49.87,426.63,499.94,116.07,0.2,29.49,0,normal
2026-01-03 10:20:00,database,71.84,66.96,60.26,1277.81,1289.37,103.69,0.1,74.24,0,normal
2026-01-03 10:25:00,api-gateway,53.66,54.21,51.97,1430.15,1285.51,163.33,0.17,26.62,0,normal
2026-01-03 10:25:00,user-service,41.68,80.58,58.18,591.74,703.54,224.52,2.52,42.73,0,memory_leak
2026-01-03 10:25:00,payment-service,50.18,63.11,46.94,1038.27,866.92,170.32,0.15,48.28,0,normal
2026-01-03 10:25:00,notification-service,32.12,46.19,77.64,457.79,539.88,114.05,0.19,30.97,0,normal
2026-01-03 10:25:00,database,63.94,62.94,53.12,1136.82,1394.91,107.77,0.3,72.29,0,normal
2026-01-03 10:30:00,api-gateway,44.05,56.49,50.59,1359.27,1169.89,136.29,0.13,37.31,0,normal
2026-01-03 10:30:00,user-service,40.59,81.5,46.13,592.14,594.6,190.79,2.65,34.25,0,memory_leak
2026-01-03 10:30:00,payment-service,58.42,57.82,52.62,1037.15,896.71,167.69,0.22,47.35,0,normal
2026-01-03 10:30:00,notification-service,36.75,46.39,51.88,507.02,535.55,127.12,0.15,28.54,0,normal
2026-01-03 10:30:00,database,60.64,67.5,41.29,1286.8,1335.88,110.25,0.25,70.98,0,normal
2026-01-03 10:35:00,api-gateway,52.8,58.69,56.45,1219.85,1198.14,141.18,0.16,35.48,0,normal
2026-01-03 10:35:00,user-service,32.94,82.42,56.55,815.79,692.78,212.12,2.78,40.88,0,memory_leak
2026-01-03 10:35:00,payment-service,55.26,61.72,44.15,904.52,1013.64,186.42,0.19,48.44,0,normal
2026-01-03 10:35:00,notification-service,31.04,41.6,40.99,612.06,532.41,112.64,0.25,27.4,0,normal
2026-01-03 10:35:00,database,63.42,69.71,38.25,1179.79,1263.99,94.28,0.21,73.61,0,normal
2026-01-03 10:40:00,api-gateway,54.11,46.55,56.14,1413.16,1179.52,145.74,0.28,30.54,0,normal
2026-01-03 10:40:00,user-service,43.17,83.33,41.93,647.6,655.86,228.56,2.91,34.43,0,memory_leak
2026-01-03 10:40:00,payment-service,60.25,55.53,53.22,878.19,961.45,186.11,0.26,54.3,0,normal
2026-01-03 10:40:00,notification-service,43.9,45.91,57.1,518.47,519.87,112.61,0.17,25.39,0,normal
2026-01-03 10:40:00,database,65.45,66.96,40.87,1630.07,1372.97,111.53,0.16,78.39,0,normal
2026-01-03 10:45:00,api-gateway,49.35,57.15,47.97,1310.43,1217.77,158.95,0.25,36.4,0,normal
2026-01-03 10:45:00,user-service,43.63,84.25,47.46,614.33,621.02,196.96,3.04,39.6,0,memory_leak
2026-01-03 10:45:00,payment-service,59.57,62.6,41.41,991.01,890.87,165.14,0.15,52.65,0,normal
2026-01-03 10:45:00,notification-service,30.72,45.56,55.52,610.56,517.11,116.54,0.24,30.83,0,normal
2026-01-03 10:45:00,database,52.48,60.84,53.37,1296.6,1319.71,126.86,0.22,71.68,0,normal
2026-01-03 10:50:00,api-gateway,48.18,52.47,52.9,1079.55,1137.08,150.94,0.16,27.89,0,normal
2026-01-03 10:50:00,user-service,35.45,85.17,42.18,603.63,619.9,224.92,3.17,40.63,0,memory_leak
2026-01-03 10:50:00,payment-service,46.46,58.65,42.0,1110.09,977.98,179.01,0.21,51.65,0,normal
2026-01-03 10:50:00,notification-service,35.52,46.91,47.55,608.47,550.6,140.89,0.14,25.7,0,normal
2026-01-03 10:50:00,database,59.46,70.65,49.36,1202.59,1275.55,112.42,0.24,78.43,0,normal
2026-01-03 10:55:00,api-gateway,52.24,54.58,45.89,924.04,1124.13,146.11,0.26,30.16,0,normal
2026-01-03 10:55:00,user-service,35.34,86.08,60.2,554.72,648.74,229.89,3.3,39.66,0,memory_leak
2026-01-03 10:55:00,payment-service,55.7,54.86,58.89,774.92,904.37,181.78,0.2,52.51,0,normal
2026-01-03 10:55:00,notification-service,31.43,47.49,49.5,428.8,511.32,133.29,0.16,30.67,0,normal
2026-01-03 10:55:00,database,61.96,66.78,37.92,1362.63,1377.02,113.71,0.29,69.53,0,normal
2026-01-03 11:00:00,api-gateway,50.57,52.84,33.42,1323.36,1247.76,149.68,0.18,33.32,0,normal
2026-01-03 11:00:00,user-service,43.48,87.0,51.07,558.85,637.14,242.19,3.43,38.7,0,memory_leak
2026-01-03 11:00:00,payment-service,59.17,58.24,58.52,925.92,917.19,177.4,0.28,52.67,0,normal
2026-01-03 11:00:00,notification-service,33.39,43.71,40.65,496.9,532.18,116.82,0.19,28.25,0,normal
2026-01-03 11:00:00,database,65.46,63.23,48.71,1356.04,1296.6,101.93,0.19,78.31,0,normal
2026-01-03 11:05:00,api-gateway,50.52,50.31,55.87,1060.17,1164.81,147.24,0.3,31.93,0,normal
2026-01-03 11:05:00,user-service,38.45,87.92,54.05,696.03,671.72,292.58,3.56,36.14,0,memory_leak
2026-01-03 11:05:00,payment-service,56.3,60.09,49.01,1020.17,928.7,164.41,0.21,57.79,0,normal
2026-01-03 11:05:00,notification-service,32.25,47.17,55.38,544.03,494.63,119.81,0.27,30.03,0,normal
2026-01-03 11:05:00,database,68.95,73.88,54.34,1282.99,1279.26,117.95,0.23,73.57,0,normal
2026-01-03 11:10:00,api-gateway,52.42,54.05,42.62,1109.28,1215.36,131.8,0.21,35.7,0,normal
2026-01-03 11:10:00,user-service,44.76,88.83,59.52,551.86,621.75,233.19,3.69,39.49,0,memory_leak
2026-01-03 11:10:00,payment-service,53.71,61.52,60.41,1008.21,952.02,193.02,0.18,54.62,0,normal
2026-01-03 11:10:00,notification-service,32.64,42.93,39.23,525.21,505.25,111.56,0.22,26.04,0,normal
2026-01-03 11:10:00,database,65.36,66.4,45.64,1182.73,1389.75,93.47,0.31,73.33,0,normal
2026-01-03 11:15:00,api-gateway,48.59,52.48,54.11,1231.42,1238.14,163.23,0.25,33.79,0,normal
2026-01-03 11:15:00,user-service,35.46,89.75,38.06,564.32,608.3,274.34,3.82,41.24,0,memory_leak
2026-01-03 11:15:00,payment-service,54.63,60.12,61.01,798.77,917.46,191.77,0.22,51.96,0,normal
2026-01-03 11:15:00,notification-service,40.34,41.63,79.03,612.67,531.19,101.51,0.19,29.12,0,normal
2026-01-03 11:15:00,database,65.85,69.3,66.97,1228.99,1322.92,101.69,0.24,72.05,0,normal
2026-01-03 11:20:00,api-gateway,50.45,58.86,52.73,937.31,1131.91,162.95,0.2,27.48,0,normal
2026-01-03 11:20:00,user-service,41.44,90.67,56.14,507.64,612.31,294.07,3.96,38.05,0,memory_leak
2026-01-03 11:20:00,payment-service,53.94,58.69,45.2,780.81,914.46,178.33,0.25,53.21,0,normal
2026-01-03 11:20:00,notification-service,36.09,49.64,53.41,402.55,495.63,109.52,0.14,28.0,0,normal
2026-01-03 11:20:00,database,57.56,63.37,51.31,1166.83,1238.98,117.23,0.14,70.68,0,normal
2026-01-03 11:25:00,api-gateway,52.22,56.83,54.48,1238.38,1171.31,142.43,0.18,33.85,0,normal
2026-01-03 11:25:00,user-service,45.21,91.58,48.06,582.92,722.16,258.91,4.09,42.29,0,memory_leak
2026-01-03 11:25:00,payment-service,56.74,57.83,54.02,726.49,851.17,180.41,0.22,49.28,0,normal
2026-01-03 11:25:00,notification-service,35.74,43.78,62.1,532.13,533.02,119.54,0.2,30.79,0,normal
2026-01-03 11:25:00,database,62.18,67.32,44.77,1508.74,1289.25,112.95,0.13,77.11,0,normal
2026-01-03 11:30:00,api-gateway,59.6,54.14,50.0,1096.58,1046.64,141.36,0.22,31.45,0,normal
2026-01-03 11:30:00,user-service,38.42,92.5,53.05,563.01,646.67,274.97,4.22,41.91,0,memory_leak
2026-01-03 11:30:00,payment-service,53.89,62.14,47.01,809.06,825.02,173.35,0.25,47.93,0,normal
2026-01-03 11:30:00,notification-service,29.98,46.96,59.99,437.45,495.57,111.64,0.3,28.02,0,normal
2026-01-03 11:30:00,database,65.58,64.9,36.42,1093.74,1320.26,128.61,0.23,74.01,0,normal
2026-01-03 11:35:00,api-gateway,54.48,54.39,51.7,1347.85,1142.37,142.62,0.24,29.03,0,normal
2026-01-03 11:35:00,user-service,41.47,93.42,67.66,576.85,653.05,303.75,4.35,32.96,0,memory_leak
2026-01-03 11:35:00,payment-service,58.57,64.83,39.49,966.03,933.82,161.18,0.22,56.03,0,normal
2026-01-03 11:35:00,notification-service,31.99,44.57,35.61,538.45,494.71,93.02,0.26,27.42,0,normal
2026-01-03 11:35:00,database,67.25,63.48,45.38,1180.22,1306.36,97.02,0.22,72.43,0,normal
2026-01-03 11:40:00,api-gateway,50.45,52.63,64.73,1074.78,1181.34,149.48,0.17,31.8,0,normal
2026-01-03 11:40:00,user-service,39.3,94.33,57.08,649.56,663.69,356.56,4.48,31.51,0,memory_leak
2026-01-03 11:40:00,payment-service,52.68,61.29,67.52,922.51,920.43,168.54,0.18,53.55,0,normal
2026-01-03 11:40:00,notification-service,36.77,48.95,63.39,525.04,539.01,116.66,0.18,31.0,0,normal
2026-01-03 11:40:00,database,62.91,66.63,47.64,1548.87,1383.42,122.56,0.18,68.88,0,normal
2026-01-03 11:45:00,api-gateway,56.23,51.47,42.63,1047.46,1203.4,144.52,0.17,33.11,0,normal
2026-01-03 11:45:00,user-service,38.2,95.25,47.98,639.39,665.86,263.19,4.61,38.15,0,memory_leak
2026-01-03 11:45:00,payment-service,59.96,53.32,64.59,742.66,925.07,161.34,0.2,54.73,0,normal
2026-01-03 11:45:00,notification-service,37.61,46.58,50.44,465.35,546.29,115.64,0.22,31.04,0,normal
2026-01-03 11:45:00,database,63.41,64.85,36.32,1108.2,1262.85,104.24,0.28,66.98,0,normal
2026-01-03 11:50:00,api-gateway,49.29,56.65,42.75,1007.22,1198.67,152.55,0.28,32.63,0,normal
2026-01-03 11:50:00,user-service,36.58,96.17,62.09,743.26,686.78,270.57,4.74,36.23,0,memory_leak
2026-01-03 11:50:00,payment-service,56.1,60.81,35.42,816.2,939.28,170.94,0.21,54.48,0,normal
2026-01-03 11:50:00,notification-service,36.06,39.78,42.64,420.82,500.75,109.97,0.18,29.9,0,normal
2026-01-03 11:50:00,database,57.74,67.3,49.54,1390.67,1246.23,106.78,0.2,72.01,0,normal
2026-01-03 11:55:00,api-gateway,50.67,58.73,41.38,1303.39,1160.59,151.02,0.16,28.69,0,normal
2026-01-03 11:55:00,user-service,32.55,97.08,37.76,616.63,647.08,326.91,4.87,41.39,0,memory_leak
2026-01-03 11:55:00,payment-service,53.49,60.51,80.07,1023.19,941.08,169.46,0.14,48.57,0,normal
2026-01-03 11:55:00,notification-service,35.76,46.48,52.89,447.61,538.32,93.7,0.24,27.3,0,normal
2026-01-03 11:55:00,database,53.42,65.92,69.67,1255.93,1218.16,117.03,0.17,70.66,0,normal
2026-01-03 12:00:00,api-gateway,54.33,53.26,52.03,1128.24,1204.53,137.59,0.17,30.13,0,normal
2026-01-03 12:00:00,user-service,46.84,98.0,43.43,644.72,684.0,305.93,5.0,32.26,0,memory_leak
2026-01-03 12:00:00,payment-service,49.43,63.15,59.08,933.95,843.05,193.29,0.2,51.17,0,normal
2026-01-03 12:00:00,notification-service,36.85,40.48,46.4,446.99,525.79,100.45,0.17,25.96,0,normal
2026-01-03 12:00:00,database,64.53,64.02,50.31,1166.95,1330.92,102.29,0.25,70.75,0,normal
2026-01-03 12:05:00,api-gateway,49.32,57.51,55.2,1130.45,1186.56,136.52,0.17,29.57,0,normal
2026-01-03 12:05:00,user-service,37.92,55.07,48.48,520.75,619.6,131.36,0.25,35.81,0,normal
2026-01-03 12:05:00,payment-service,56.65,63.56,50.15,1099.33,957.4,183.72,0.19,54.12,0,normal
2026-01-03 12:05:00,notification-service,28.66,43.04,61.22,487.17,520.3,106.5,0.29,25.98,0,normal
2026-01-03 12:05:00,database,66.81,66.07,32.75,1286.68,1322.04,109.75,0.13,78.58,0,normal
2026-01-03 12:10:00,api-gateway,46.97,52.85,47.98,1338.65,1229.68,157.22,0.19,32.75,0,normal
2026-01-03 12:10:00,user-service,42.54,47.8,73.76,561.59,658.69,132.36,0.24,38.3,0,normal
2026-01-03 12:10:00,payment-service,54.91,63.22,41.41,855.28,822.23,166.23,0.17,52.28,0,normal
2026-01-03 12:10:00,notification-service,39.95,46.17,55.1,456.68,539.43,102.56,0.13,29.49,0,normal
2026-01-03 12:10:00,database,61.56,67.87,60.21,1340.02,1355.65,112.66,0.18,75.2,0,normal
2026-01-03 12:15:00,api-gateway,47.35,52.35,52.87,1078.1,1153.97,137.76,0.19,33.2,0,normal
2026-01-03 12:15:00,user-service,47.69,49.37,43.47,697.72,669.67,132.1,0.28,39.91,0,normal
2026-01-03 12:15:00,payment-service,56.01,58.6,37.17,985.89,902.3,190.76,0.14,54.9,0,normal
2026-01-03 12:15:00,notification-service,33.28,41.2,54.99,634.08,533.27,122.72,0.22,26.44,0,normal
2026-01-03 12:15:00,database,57.22,59.63,52.2,1273.38,1327.31,129.02,0.19,71.6,0,normal
2026-01-03 12:20:00,api-gateway,51.21,59.95,71.79,1285.92,1078.35,142.58,0.2,30.9,0,normal
2026-01-03 12:20:00,user-service,41.06,48.25,66.64,593.41,668.8,113.11,0.2,40.06,0,normal
2026-01-03 12:20:00,payment-service,56.0,57.71,40.43,767.6,907.12,169.67,0.22,56.34,0,normal
2026-01-03 12:20:00,notification-service,36.91,41.54,34.69,393.56,480.99,113.07,0.18,26.63,0,normal
2026-01-03 12:20:00,database,61.0,65.19,57.42,1194.22,1339.23,104.54,0.24,71.89,0,normal
2026-01-03 12:25:00,api-gateway,53.1,57.22,38.58,1069.47,1262.04,157.43,0.24,31.54,0,normal
2026-01-03 12:25:00,user-service,44.12,46.3,46.04,509.12,623.51,127.67,0.21,36.88,0,normal
2026-01-03 12:25:00,payment-service,57.93,61.12,64.9,768.6,895.33,179.43,0.14,52.93,0,normal
2026-01-03 12:25:00,notification-service,31.98,47.77,70.72,563.0,512.05,112.26,0.13,27.12,0,normal
2026-01-03 12:25:00,database,65.8,62.82,55.32,1374.96,1421.35,130.94,0.2,73.48,0,normal
2026-01-03 12:30:00,api-gateway,51.79,51.36,51.34,1314.95,1170.92,138.73,0.13,34.67,0,normal
2026-01-03 12:30:00,user-service,40.26,53.42,64.35,755.85,680.95,120.59,0.14,32.3,0,normal
2026-01-03 12:30:00,payment-service,58.06,60.3,41.14,1032.87,900.28,179.54,0.14,50.41,0,normal
2026-01-03 12:30:00,notification-service,37.95,44.74,50.17,522.63,509.35,104.83,0.21,28.47,0,normal
2026-01-03 12:30:00,database,56.73,58.88,50.28,1208.74,1338.0,108.52,0.19,74.44,0,normal
2026-01-03 12:35:00,api-gateway,43.26,55.67,52.97,1250.81,1209.54,146.32,0.22,31.72,0,normal
2026-01-03 12:35:00,user-service,46.5,55.29,57.96,662.28,629.06,124.87,0.28,35.96,0,normal
2026-01-03 12:35:00,payment-service,60.81,61.81,53.89,837.99,912.87,176.69,0.19,49.99,0,normal
2026-01-03 12:35:00,notification-service,37.97,41.45,31.63,442.66,492.83,116.57,0.27,32.82,0,normal
2026-01-03 12:35:00,database,60.92,58.75,59.24,1037.03,1236.06,112.58,0.15,70.26,0,normal
2026-01-03 12:40:00,api-gateway,50.57,57.43,64.99,1095.85,1186.01,150.66,0.11,32.05,0,normal
2026-01-03 12:40:00,user-service,41.63,50.03,50.12,573.83,632.85,143.87,0.27,31.58,0,normal
2026-01-03 12:40:00,payment-service,53.29,62.42,51.51,997.39,928.31,174.88,0.3,55.89,0,normal
2026-01-03 12:40:00,notification-service,30.64,47.43,65.26,604.07,514.38,114.26,0.17,28.96,0,normal
2026-01-03 12:40:00,database,63.16,67.01,39.05,1107.29,1252.28,101.7,0.17,72.71,0,normal
2026-01-03 12:45:00,api-gateway,61.1,56.14,62.48,995.77,1147.63,144.68,0.19,31.42,0,normal
2026-01-03 12:45:00,user-service,43.21,48.99,50.89,631.18,635.84,98.33,0.21,48.79,0,normal
2026-01-03 12:45:00,payment-service,52.45,61.45,44.32,820.48,856.05,187.14,0.2,53.03,0,normal
2026-01-03 12:45:00,notification-service,30.95,47.48,51.34,556.86,509.32,99.71,0.13,29.58,0,normal
2026-01-03 12:45:00,database,66.52,57.0,56.17,1532.6,1346.7,116.31,0.23,75.22,0,normal
2026-01-03 12:50:00,api-gateway,44.25,50.83,62.63,1174.01,1146.42,169.3,0.19,33.71,0,normal
2026-01-03 12:50:00,user-service,39.44,52.0,43.35,594.82,631.26,125.15,0.19,32.69,0,normal
2026-01-03 12:50:00,payment-service,55.49,60.57,46.21,907.89,914.74,175.69,0.21,60.62,0,normal
2026-01-03 12:50:00,notification-service,37.39,46.87,40.04,575.7,522.02,119.92,0.21,30.48,0,normal
2026-01-03 12:50:00,database,59.72,58.66,51.5,1344.55,1250.7,106.39,0.13,76.44,0,normal
2026-01-03 12:55:00,api-gateway,53.55,60.97,47.56,1373.0,1214.34,137.3,0.23,28.99,0,normal
2026-01-03 12:55:00,user-service,41.63,52.18,58.89,646.34,670.53,117.53,0.23,42.83,0,normal
2026-01-03 12:55:00,payment-service,57.79,61.52,67.48,892.15,872.19,169.1,0.22,50.87,0,normal
2026-01-03 12:55:00,notification-service,37.72,45.99,44.24,475.23,532.1,101.11,0.2,28.64,0,normal
2026-01-03 12:55:00,database,60.78,67.0,46.18,1330.69,1284.53,103.47,0.21,72.73,0,normal
2026-01-03 13:00:00,api-gateway,51.73,58.3,61.9,1167.54,1127.55,139.85,0.2,34.56,0,normal
2026-01-03 13:00:00,user-service,39.21,48.13,43.06,523.76,617.94,122.21,0.16,34.52,0,normal
2026-01-03 13:00:00,payment-service,59.08,61.6,38.03,817.82,954.42,179.49,0.16,52.33,0,normal
2026-01-03 13:00:00,notification-service,41.06,44.85,47.49,605.31,506.11,119.5,0.16,28.91,0,normal
2026-01-03 13:00:00,database,59.47,57.94,37.77,952.42,1176.97,105.93,0.13,74.06,0,normal
2026-01-03 13:05:00,api-gateway,47.08,55.69,45.04,1127.44,1093.58,151.25,0.16,29.4,0,normal
2026-01-03 13:05:00,user-service,37.51,54.22,64.52,554.83,632.49,132.41,0.29,37.27,0,normal
2026-01-03 13:05:00,payment-service,57.75,57.23,38.39,1045.03,901.93,192.02,0.16,50.78,0,normal
2026-01-03 13:05:00,notification-service,29.76,44.76,32.73,483.57,556.2,112.92,0.22,31.79,0,normal
2026-01-03 13:05:00,database,56.6,66.64,35.05,1226.72,1361.97,119.46,0.21,72.69,0,normal
2026-01-03 13:10:00,api-gateway,51.12,49.6,58.62,1079.31,1083.4,144.58,0.22,32.02,0,normal
2026-01-03 13:10:00,user-service,41.26,45.17,45.59,786.05,676.19,122.74,0.16,44.36,0,normal
2026-01-03 13:10:00,payment-service,51.29,62.61,44.34,848.01,896.57,181.46,0.2,48.8,0,normal
2026-01-03 13:10:00,notification-service,32.47,43.91,63.6,418.89,487.97,117.97,0.14,27.07,0,normal
2026-01-03 13:10:00,database,62.43,68.01,45.11,1183.92,1337.38,104.46,0.22,78.18,0,normal
2026-01-03 13:15:00,api-gateway,50.83,54.2,65.5,1169.03,1174.18,149.14,0.22,32.22,0,normal
2026-01-03 13:15:00,user-service,34.29,53.64,53.93,571.91,645.69,131.9,0.18,38.61,0,normal
2026-01-03 13:15:00,payment-service,56.88,69.55,46.42,875.21,966.67,151.36,0.19,48.95,0,normal
2026-01-03 13:15:00,notification-service,33.3,47.33,53.79,462.99,504.69,120.97,0.15,23.99,0,normal
2026-01-03 13:15:00,database,57.24,68.88,30.48,1330.97,1352.63,111.25,0.22,72.95,0,normal
2026-01-03 13:20:00,api-gateway,53.59,52.1,48.2,1259.42,1229.7,146.65,0.14,36.03,0,normal
2026-01-03 13:20:00,user-service,39.16,45.73,36.93,556.08,672.76,139.22,0.22,34.58,0,normal
2026-01-03 13:20:00,payment-service,53.88,63.75,44.24,825.65,885.95,163.81,0.2,54.93,0,normal
2026-01-03 13:20:00,notification-service,38.39,44.54,45.1,518.93,495.65,102.06,0.12,25.98,0,normal
2026-01-03 13:20:00,database,65.91,61.05,65.91,1286.44,1285.9,106.46,0.17,72.35,0,normal
2026-01-03 13:25:00,api-gateway,49.61,55.77,54.35,1290.75,1171.66,153.41,0.24,35.34,0,normal
2026-01-03 13:25:00,user-service,35.65,47.58,48.88,563.61,659.42,134.88,0.21,32.31,0,normal
2026-01-03 13:25:00,payment-service,52.29,62.6,50.68,966.7,939.74,172.86,0.15,50.08,0,normal
2026-01-03 13:25:00,notification-service,37.38,40.01,48.78,485.11,523.82,113.92,0.2,28.56,0,normal
2026-01-03 13:25:00,database,56.45,59.81,49.26,1020.29,1238.96,111.16,0.26,72.36,0,normal
2026-01-03 13:30:00,api-gateway,48.86,50.29,51.69,1295.6,1087.12,139.96,0.22,29.38,0,normal
2026-01-03 13:30:00,user-service,35.71,49.0,56.62,565.88,682.29,139.96,0.26,36.18,0,normal
2026-01-03 13:30:00,payment-service,56.52,57.08,38.46,845.68,934.7,188.12,0.3,55.09,0,normal
2026-01-03 13:30:00,notification-service,36.86,47.89,42.88,464.43,537.25,114.37,0.19,32.74,0,normal
2026-01-03 13:30:00,database,64.96,65.66,30.28,1541.93,1335.19,99.2,0.24,74.5,0,normal
2026-01-03 13:35:00,api-gateway,55.41,54.28,42.76,953.45,1175.24,152.15,0.2,34.68,0,normal
2026-01-03 13:35:00,user-service,40.74,50.52,44.84,601.72,673.59,111.58,0.1,38.27,0,normal
2026-01-03 13:35:00,payment-service,59.96,62.23,48.02,1077.58,912.22,159.64,0.16,54.52,0,normal
2026-01-03 13:35:00,notification-service,31.23,42.54,42.63,562.67,525.8,125.52,0.15,33.78,0,normal
2026-01-03 13:35:00,database,54.82,64.13,59.9,1398.21,1278.01,107.93,0.15,69.58,0,normal
2026-01-03 13:40:00,api-gateway,46.84,57.4,46.8,1279.0,1146.14,157.72,0.18,30.94,0,normal
2026-01-03 13:40:00,user-service,42.11,45.17,44.34,578.76,611.32,123.69,0.17,34.58,0,normal
2026-01-03 13:40:00,payment-service,59.39,57.09,36.03,1010.22,937.66,174.63,0.11,53.53,0,normal
2026-01-03 13:40:00,notification-service,40.58,40.52,42.5,571.52,545.73,109.13,0.19,25.95,0,normal
2026-01-03 13:40:00,database,63.21,75.06,48.0,1587.14,1329.74,95.82,0.24,71.42,0,normal
2026-01-03 13:45:00,api-gateway,50.11,57.54,43.98,1315.47,1149.16,156.84,0.17,29.99,0,normal
2026-01-03 13:45:00,user-service,37.34,52.18,53.92,573.74,640.99,122.04,0.14,35.51,0,normal
2026-01-03 13:45:00,payment-service,55.56,57.81,58.47,818.64,892.2,163.73,0.19,51.56,0,normal
2026-01-03 13:45:00,notification-service,40.14,46.73,50.33,568.23,543.68,122.08,0.14,31.31,0,normal
2026-01-03 13:45:00,database,59.63,61.06,55.41,1047.92,1243.99,105.7,0.16,75.43,0,normal
2026-01-03 13:50:00,api-gateway,46.65,58.05,52.45,1128.78,1135.04,146.51,0.07,34.64,0,normal
2026-01-03 13:50:00,user-service,42.54,46.17,56.61,582.8,637.21,116.83,0.26,38.03,0,normal
2026-01-03 13:50:00,payment-service,58.49,60.88,35.42,700.52,875.11,176.83,0.18,47.8,0,normal
2026-01-03 13:50:00,notification-service,34.53,45.36,52.15,540.77,508.24,122.24,0.17,25.04,0,normal
2026-01-03 13:50:00,database,58.67,61.59,51.0,1616.17,1379.4,114.55,0.17,75.17,0,normal
2026-01-03 13:55:00,api-gateway,53.33,55.81,51.93,972.64,1189.9,150.24,0.1,32.0,0,normal
2026-01-03 13:55:00,user-service,38.45,50.19,38.71,599.59,613.87,111.04,0.32,35.42,0,normal
2026-01-03 13:55:00,payment-service,55.48,58.52,46.61,907.86,896.57,177.57,0.16,51.95,0,normal
2026-01-03 13:55:00,notification-service,32.17,40.31,36.69,597.65,536.82,116.81,0.11,34.14,0,normal
2026-01-03 13:55:00,database,61.05,64.74,60.14,1490.42,1337.63,104.95,0.27,70.96,0,normal
2026-01-03 14:00:00,api-gateway,53.24,55.22,50.7,1006.72,1102.98,145.42,0.18,33.26,0,normal
2026-01-03 14:00:00,user-service,34.49,53.31,56.56,580.98,656.04,131.21,0.21,43.97,0,normal
2026-01-03 14:00:00,payment-service,60.28,57.87,58.67,900.47,876.91,160.1,0.21,57.13,0,normal
2026-01-03 14:00:00,notification-service,37.72,44.79,54.35,510.37,502.97,136.62,0.21,27.32,0,normal
2026-01-03 14:00:00,database,64.77,59.03,53.91,1096.51,1298.38,117.21,0.25,68.42,0,normal
2026-01-03 14:05:00,api-gateway,47.3,50.09,55.03,1387.61,1165.68,146.99,0.28,30.27,0,normal
2026-01-03 14:05:00,user-service,42.07,50.29,58.46,644.85,628.22,123.71,0.22,34.56,0,normal
2026-01-03 14:05:00,payment-service,50.55,61.2,55.4,907.72,880.81,188.08,0.22,54.43,0,normal
2026-01-03 14:05:00,notification-service,44.19,46.22,45.45,495.03,516.48,112.92,0.24,35.11,0,normal
2026-01-03 14:05:00,database,60.41,65.92,55.87,1243.72,1304.21,112.29,0.13,81.25,0,normal
2026-01-03 14:10:00,api-gateway,55.22,53.0,43.07,1180.24,1126.56,140.61,0.17,31.58,0,normal
2026-01-03 14:10:00,user-service,44.4,52.48,44.99,588.99,628.22,128.22,0.26,44.43,0,normal
2026-01-03 14:10:00,payment-service,51.78,55.7,37.97,989.03,884.05,172.23,0.21,55.37,0,normal
2026-01-03 14:10:00,notification-service,33.13,49.01,36.83,474.27,563.05,133.22,0.17,31.12,0,normal
2026-01-03 14:10:00,database,55.89,63.92,60.1,1044.24,1296.11,115.07,0.26,75.15,0,normal
2026-01-03 14:15:00,api-gateway,50.03,55.93,44.6,1015.33,1188.26,134.79,0.22,29.79,0,normal
2026-01-03 14:15:00,user-service,42.24,51.05,55.17,676.18,655.05,138.16,0.25,38.08,0,normal
2026-01-03 14:15:00,payment-service,59.0,61.49,43.84,1033.49,949.54,174.96,0.18,54.29,0,normal
2026-01-03 14:15:00,notification-service,35.39,53.59,42.07,514.43,552.3,110.68,0.18,29.56,0,normal
2026-01-03 14:15:00,database,63.48,63.34,44.78,1109.76,1353.19,113.41,0.17,77.84,0,normal
2026-01-03 14:20:00,api-gateway,47.33,52.63,37.11,1321.42,1175.8,125.79,0.25,38.22,0,normal
2026-01-03 14:20:00,user-service,40.03,51.66,46.39,554.37,669.97,132.03,0.22,37.65,0,normal
2026-01-03 14:20:00,payment-service,54.55,59.13,51.1,854.58,892.64,168.93,0.24,56.95,0,normal
2026-01-03 14:20:00,notification-service,39.98,43.78,55.02,467.82,540.49,121.87,0.31,29.32,0,normal
2026-01-03 14:20:00,database,65.87,69.73,59.52,1432.48,1421.32,111.82,0.15,75.21,0,normal
2026-01-03 14:25:00,api-gateway,50.34,56.5,44.07,1204.34,1166.71,127.87,0.27,36.08,0,normal
2026-01-03 14:25:00,user-service,36.1,48.79,49.87,829.85,692.32,112.9,0.26,37.19,0,normal
2026-01-03 14:25:00,payment-service,57.31,59.68,53.83,807.61,896.91,175.72,0.23,58.19,0,normal
2026-01-03 14:25:00,notification-service,42.38,44.37,42.23,596.08,538.79,127.8,0.17,28.77,0,normal
2026-01-03 14:25:00,database,56.5,62.71,38.13,1173.23,1245.15,100.81,0.18,72.85,0,normal
2026-01-03 14:30:00,api-gateway,49.79,58.52,46.51,1067.1,1135.05,139.75,0.12,37.65,0,normal
2026-01-03 14:30:00,user-service,42.49,52.02,52.75,751.07,669.64,134.68,0.19,41.73,0,normal
2026-01-03 14:30:00,payment-service,52.66,60.43,47.06,1034.43,969.3,165.2,0.15,54.16,0,normal
2026-01-03 14:30:00,notification-service,35.03,47.6,58.76,489.97,488.27,114.86,0.22,30.87,0,normal
2026-01-03 14:30:00,database,65.91,66.44,61.31,1489.55,1275.77,99.8,0.15,68.81,0,normal
2026-01-03 14:35:00,api-gateway,51.94,59.67,52.2,1457.32,1248.05,149.28,0.21,36.01,0,normal
2026-01-03 14:35:00,user-service,38.2,47.16,46.0,575.16,653.39,94.54,0.19,41.77,0,normal
2026-01-03 14:35:00,payment-service,59.15,56.35,50.37,716.09,841.69,172.68,0.17,51.52,0,normal
2026-01-03 14:35:00,notification-service,30.8,50.43,51.28,571.27,494.04,129.63,0.1,24.79,0,normal
2026-01-03 14:35:00,database,64.54,66.24,52.91,1371.52,1302.35,103.89,0.24,70.83,0,normal
2026-01-03 14:40:00,api-gateway,52.2,53.34,33.29,1164.1,1137.42,165.24,0.26,28.66,0,normal
2026-01-03 14:40:00,user-service,39.75,46.81,52.67,731.53,694.83,141.75,0.23,36.67,0,normal
2026-01-03 14:40:00,payment-service,53.26,55.8,55.48,1048.86,946.57,176.91,0.22,51.79,0,normal
2026-01-03 14:40:00,notification-service,33.31,47.84,58.29,522.49,506.37,119.38,0.23,29.67,0,normal
2026-01-03 14:40:00,database,58.57,61.67,29.7,1114.6,1316.39,117.61,0.28,74.24,0,normal
2026-01-03 14:45:00,api-gateway,53.74,52.84,54.3,1441.73,1210.98,152.73,0.26,34.09,0,normal
2026-01-03 14:45:00,user-service,45.43,49.13,53.11,648.42,654.45,103.63,0.21,38.65,0,normal
2026-01-03 14:45:00,payment-service,52.87,62.78,48.94,1014.84,948.74,186.34,0.15,52.18,0,normal
2026-01-03 14:45:00,notification-service,39.72,47.05,45.71,414.73,517.09,110.33,0.11,26.07,0,normal
2026-01-03 14:45:00,database,58.97,59.53,56.74,1430.33,1213.21,118.41,0.12,76.22,0,normal
2026-01-03 14:50:00,api-gateway,48.98,59.81,56.96,928.17,1110.49,148.19,0.27,32.42,0,normal
2026-01-03 14:50:00,user-service,34.75,53.43,51.05,722.59,646.3,122.94,0.23,38.16,0,normal
2026-01-03 14:50:00,payment-service,54.46,53.04,27.2,860.25,878.47,167.52,0.19,49.25,0,normal
2026-01-03 14:50:00,notification-service,36.0,47.5,58.44,437.5,523.82,100.55,0.13,29.19,0,normal
2026-01-03 14:50:00,database,61.89,59.28,47.19,1235.87,1442.57,87.32,0.32,76.62,0,normal
2026-01-03 14:55:00,api-gateway,52.13,60.75,31.53,958.1,1154.66,159.28,0.24,31.87,0,normal
2026-01-03 14:55:00,user-service,45.28,50.7,37.09,790.69,671.37,128.69,0.22,40.29,0,normal
2026-01-03 14:55:00,payment-service,56.39,62.53,45.44,913.77,865.48,184.11,0.16,51.34,0,normal
2026-01-03 14:55:00,notification-service,34.18,43.17,49.73,498.28,517.6,125.03,0.26,35.47,0,normal
2026-01-03 14:55:00,database,67.28,68.43,61.6,1352.31,1362.98,115.17,0.24,77.17,0,normal
2026-01-03 15:00:00,api-gateway,49.26,56.52,50.88,1079.65,1185.28,156.06,0.22,33.45,0,normal
2026-01-03 15:00:00,user-service,38.3,43.47,47.57,643.6,633.5,125.51,0.1,42.31,0,normal
2026-01-03 15:00:00,payment-service,52.49,57.77,61.22,1043.63,880.87,187.3,0.18,52.14,0,normal
2026-01-03 15:00:00,notification-service,34.18,49.71,73.27,567.57,529.91,109.22,0.21,27.06,0,normal
2026-01-03 15:00:00,database,56.51,67.78,50.7,1042.14,1262.33,98.77,0.14,73.76,0,normal
2026-01-03 15:05:00,api-gateway,45.81,51.18,42.26,1226.97,1141.39,140.23,0.21,34.52,0,normal
2026-01-03 15:05:00,user-service,34.69,48.03,39.35,796.55,669.77,138.68,0.2,34.88,0,normal
2026-01-03 15:05:00,payment-service,58.37,64.77,42.96,725.72,876.23,185.76,0.12,55.57,0,normal
2026-01-03 15:05:00,notification-service,30.65,43.34,53.09,658.99,555.53,108.65,0.29,32.06,0,normal
2026-01-03 15:05:00,database,67.49,67.38,68.19,1199.84,1319.55,107.69,0.2,73.61,0,normal
2026-01-03 15:10:00,api-gateway,52.66,54.49,59.83,983.83,1183.73,147.91,0.11,30.99,0,normal
2026-01-03 15:10:00,user-service,39.48,42.26,29.24,658.3,621.64,128.73,0.22,38.22,0,normal
2026-01-03 15:10:00,payment-service,58.79,55.28,51.08,726.61,896.79,176.09,0.21,58.79,0,normal
2026-01-03 15:10:00,notification-service,37.86,46.58,60.2,499.86,520.41,112.21,0.2,25.46,0,normal
2026-01-03 15:10:00,database,59.49,60.59,67.25,1269.41,1406.66,114.91,0.23,79.3,0,normal
2026-01-03 15:15:00,api-gateway,50.25,58.73,53.4,1320.25,1205.72,135.22,0.12,32.1,0,normal
2026-01-03 15:15:00,user-service,42.32,47.22,57.12,643.45,643.74,106.09,0.13,36.73,0,normal
2026-01-03 15:15:00,payment-service,53.33,63.08,57.45,756.04,869.63,157.74,0.2,52.54,0,normal
2026-01-03 15:15:00,notification-service,35.13,45.08,54.73,474.35,512.04,110.89,0.2,28.54,0,normal
2026-01-03 15:15:00,database,63.05,68.56,45.04,1353.85,1273.57,96.74,0.21,73.35,0,normal
2026-01-03 15:20:00,api-gateway,52.18,55.23,50.72,1178.14,1149.02,152.13,0.2,31.9,0,normal
2026-01-03 15:20:00,user-service,39.03,45.59,45.51,755.03,663.31,143.4,0.23,40.35,0,normal
2026-01-03 15:20:00,payment-service,56.86,58.32,56.9,1020.98,933.36,182.96,0.18,53.4,0,normal
2026-01-03 15:20:00,notification-service,44.53,46.24,53.06,493.12,533.02,116.13,0.26,34.07,0,normal
2026-01-03 15:20:00,database,61.05,62.04,49.85,1248.66,1287.37,111.81,0.2,68.46,0,normal
2026-01-03 15:25:00,api-gateway,45.47,53.93,37.11,1375.32,1150.38,148.64,0.19,34.31,0,normal
2026-01-03 15:25:00,user-service,42.36,44.6,60.13,609.31,627.89,101.15,0.17,36.83,0,normal
2026-01-03 15:25:00,payment-service,52.15,63.01,57.78,986.43,915.53,175.22,0.17,55.67,0,normal
2026-01-03 15:25:00,notification-service,35.66,48.79,29.23,499.57,511.7,93.61,0.18,26.79,0,normal
2026-01-03 15:25:00,database,56.48,64.63,40.41,1235.19,1276.8,109.07,0.22,71.8,0,normal
2026-01-03 15:30:00,api-gateway,56.15,49.96,39.27,1290.55,1168.5,137.62,0.19,35.04,0,normal
2026-01-03 15:30:00,user-service,40.36,55.65,45.76,544.94,604.03,120.13,0.19,35.2,0,normal
2026-01-03 15:30:00,payment-service,48.6,62.03,45.36,955.03,954.14,192.2,0.22,56.08,0,normal
2026-01-03 15:30:00,notification-service,32.36,43.95,48.06,602.12,507.08,105.72,0.16,22.22,0,normal
2026-01-03 15:30:00,database,64.59,64.69,47.96,1075.69,1336.53,111.84,0.23,70.68,0,normal
2026-01-03 15:35:00,api-gateway,57.4,46.99,38.23,1195.13,1124.01,136.86,0.22,33.23,0,normal
2026-01-03 15:35:00,user-service,39.23,44.78,53.76,529.36,650.94,117.33,0.18,40.01,0,normal
2026-01-03 15:35:00,payment-service,53.77,60.51,35.44,871.89,838.94,174.8,0.24,49.62,0,normal
2026-01-03 15:35:00,notification-service,39.12,49.29,53.94,600.29,509.93,119.51,0.2,31.6,0,normal
2026-01-03 15:35:00,database,56.42,60.68,50.63,1396.93,1268.92,107.68,0.17,70.65,0,normal
2026-01-03 15:40:00,api-gateway,58.91,54.22,42.72,871.45,1077.78,153.6,0.28,35.46,0,normal
2026-01-03 15:40:00,user-service,38.2,41.98,32.25,576.84,644.37,122.52,0.18,41.57,0,normal
2026-01-03 15:40:00,payment-service,53.38,58.79,58.07,772.36,933.54,173.92,0.23,53.76,0,normal
2026-01-03 15:40:00,notification-service,29.39,50.98,48.3,463.1,565.11,112.53,0.24,27.96,0,normal
2026-01-03 15:40:00,database,60.57,63.49,64.93,1031.3,1273.2,131.48,0.3,74.27,0,normal
2026-01-03 15:45:00,api-gateway,47.0,55.32,59.35,915.71,1141.23,159.41,0.19,31.75,0,normal
2026-01-03 15:45:00,user-service,42.01,49.82,31.52,568.66,658.33,134.94,0.27,37.4,0,normal
2026-01-03 15:45:00,payment-service,60.23,60.69,55.16,1062.67,932.99,169.91,0.13,49.95,0,normal
2026-01-03 15:45:00,notification-service,28.64,52.34,41.81,626.6,542.51,108.26,0.2,32.85,0,normal
2026-01-03 15:45:00,database,60.02,66.75,57.01,1554.88,1313.26,104.67,0.2,80.36,0,normal
2026-01-03 15:50:00,api-gateway,46.55,57.02,59.45,1125.47,1144.27,152.1,0.22,34.7,0,normal
2026-01-03 15:50:00,user-service,31.41,47.48,40.55,620.18,685.15,114.03,0.19,43.87,0,normal
2026-01-03 15:50:00,payment-service,55.07,60.84,60.44,951.65,876.82,171.62,0.21,51.34,0,normal
2026-01-03 15:50:00,notification-service,29.02,44.42,36.21,610.2,552.06,106.03,0.18,33.22,0,normal
2026-01-03 15:50:00,database,60.08,59.06,60.24,1155.93,1205.38,93.56,0.21,70.29,0,normal
2026-01-03 15:55:00,api-gateway,45.58,57.42,36.89,1181.82,1201.24,123.87,0.2,31.17,0,normal
2026-01-03 15:55:00,user-service,43.75,51.8,46.91,634.28,615.68,119.19,0.24,40.32,0,normal
2026-01-03 15:55:00,payment-service,55.52,58.11,50.44,1026.64,895.24,160.01,0.25,53.43,0,normal
2026-01-03 15:55:00,notification-service,38.86,50.22,40.25,425.79,519.48,106.59,0.2,26.41,0,normal
2026-01-03 15:55:00,database,59.64,60.16,41.97,1126.73,1348.93,106.52,0.2,75.4,0,normal
2026-01-03 16:00:00,api-gateway,46.3,50.4,53.2,1082.88,1214.86,147.49,0.2,31.2,0,normal
2026-01-03 16:00:00,user-service,39.33,50.45,48.08,627.94,596.41,142.16,0.25,36.54,0,normal
2026-01-03 16:00:00,payment-service,58.48,61.25,72.85,895.18,915.28,178.7,0.21,56.4,0,normal
2026-01-03 16:00:00,notification-service,36.69,41.58,45.28,479.8,539.21,124.45,0.15,32.36,0,normal
2026-01-03 16:00:00,database,64.23,64.2,41.58,1477.09,1270.04,98.77,0.11,71.43,0,normal
2026-01-03 16:05:00,api-gateway,55.47,53.06,62.27,895.22,1114.22,129.85,0.22,35.84,0,normal
2026-01-03 16:05:00,user-service,40.87,43.55,55.12,666.09,650.48,113.85,0.19,37.51,0,normal
2026-01-03 16:05:00,payment-service,57.51,59.46,49.2,1063.66,926.23,188.73,0.2,54.77,0,normal
2026-01-03 16:05:00,notification-service,32.44,42.16,69.93,594.63,544.91,121.53,0.21,27.52,0,normal
2026-01-03 16:05:00,database,60.91,67.69,46.25,1360.97,1319.67,99.99,0.21,68.81,0,normal
2026-01-03 16:10:00,api-gateway,52.72,55.51,41.48,1267.65,1233.07,132.22,0.19,31.81,0,normal
2026-01-03 16:10:00,user-service,44.41,50.56,45.15,714.88,656.21,141.18,0.16,33.53,0,normal
2026-01-03 16:10:00,payment-service,51.46,56.73,28.38,1053.93,902.69,159.88,0.26,55.2,0,normal
2026-01-03 16:10:00,notification-service,45.24,43.88,57.31,589.93,556.77,127.61,0.3,27.76,0,normal
2026-01-03 16:10:00,database,60.17,63.16,61.13,1341.36,1267.59,114.3,0.25,73.67,0,normal
2026-01-03 16:15:00,api-gateway,54.48,56.67,57.59,1303.94,1092.27,154.86,0.11,31.35,0,normal
2026-01-03 16:15:00,user-service,51.83,47.94,58.16,727.3,654.75,123.69,0.17,36.09,0,normal
2026-01-03 16:15:00,payment-service,45.36,59.79,32.49,1119.13,935.06,178.72,0.23,55.6,0,normal
2026-01-03 16:15:00,notification-service,38.98,46.05,56.05,510.43,510.68,113.17,0.25,24.09,0,normal
2026-01-03 16:15:00,database,64.04,64.54,58.98,1070.75,1312.77,118.05,0.24,70.93,0,normal
2026-01-03 16:20:00,api-gateway,55.15,51.93,57.27,1116.41,1189.66,141.9,0.17,33.44,0,normal
2026-01-03 16:20:00,user-service,42.32,55.37,48.97,602.15,636.94,136.85,0.26,38.13,0,normal
2026-01-03 16:20:00,payment-service,50.86,49.4,50.37,804.32,903.84,173.14,0.27,53.75,0,normal
2026-01-03 16:20:00,notification-service,35.52,42.94,53.6,599.17,540.06,113.1,0.08,28.58,0,normal
2026-01-03 16:20:00,database,64.69,60.52,56.75,1578.05,1325.83,105.12,0.25,71.96,0,normal
2026-01-03 16:25:00,api-gateway,52.6,57.17,54.93,1154.48,1159.51,147.01,0.18,32.71,0,normal
2026-01-03 16:25:00,user-service,42.75,46.17,51.59,614.63,611.69,143.06,0.2,34.42,0,normal
2026-01-03 16:25:00,payment-service,59.67,54.13,37.61,968.69,884.47,171.22,0.18,52.05,0,normal
2026-01-03 16:25:00,notification-service,29.34,44.41,48.22,456.31,510.62,119.63,0.22,26.32,0,normal
2026-01-03 16:25:00,database,67.55,69.59,47.53,1396.37,1234.89,105.87,0.29,71.69,0,normal
2026-01-03 16:30:00,api-gateway,42.9,52.58,56.56,1119.9,1162.01,139.35,0.2,32.09,0,normal
2026-01-03 16:30:00,user-service,43.32,51.55,69.91,526.86,656.83,109.84,0.16,39.43,0,normal
2026-01-03 16:30:00,payment-service,54.68,57.05,47.8,926.13,985.3,182.53,0.2,55.57,0,normal
2026-01-03 16:30:00,notification-service,37.28,44.56,61.2,522.72,538.98,107.58,0.29,27.3,0,normal
2026-01-03 16:30:00,database,64.37,65.04,45.57,1187.54,1354.16,122.17,0.24,70.23,0,normal
2026-01-03 16:35:00,api-gateway,50.95,55.23,36.47,1122.67,1158.8,148.48,0.26,28.69,0,normal
2026-01-03 16:35:00,user-service,46.24,44.57,34.72,672.15,642.81,133.03,0.27,40.82,0,normal
2026-01-03 16:35:00,payment-service,56.81,64.21,53.69,890.53,885.4,180.88,0.26,52.74,0,normal
2026-01-03 16:35:00,notification-service,31.73,43.16,44.04,592.14,536.58,106.74,0.23,36.5,0,normal
2026-01-03 16:35:00,database,63.95,66.5,58.77,1498.08,1266.22,103.43,0.22,73.94,0,normal
2026-01-03 16:40:00,api-gateway,47.29,56.24,64.99,1263.71,1127.87,147.03,0.24,34.19,0,normal
2026-01-03 16:40:00,user-service,44.18,53.41,49.74,657.64,630.6,126.56,0.23,36.47,0,normal
2026-01-03 16:40:00,payment-service,54.08,56.09,41.0,832.61,900.76,186.73,0.18,55.17,0,normal
2026-01-03 16:40:00,notification-service,36.42,42.65,51.15,481.89,523.6,118.84,0.17,27.36,0,normal
2026-01-03 16:40:00,database,65.4,67.68,44.53,1015.84,1222.16,104.73,0.14,68.23,0,normal
2026-01-03 16:45:00,api-gateway,46.59,55.49,46.8,1375.5,1213.44,136.94,0.16,35.15,0,normal
2026-01-03 16:45:00,user-service,45.37,49.93,46.74,654.09,669.14,135.6,0.19,36.62,0,normal
2026-01-03 16:45:00,payment-service,54.17,56.65,68.12,939.75,910.84,164.59,0.21,57.04,0,normal
2026-01-03 16:45:00,notification-service,36.27,45.68,42.75,600.29,514.59,109.33,0.19,26.31,0,normal
2026-01-03 16:45:00,database,59.32,63.95,69.43,1263.34,1280.15,109.6,0.12,79.7,0,normal
2026-01-03 16:50:00,api-gateway,53.74,56.47,45.97,920.69,1139.06,144.2,0.15,30.85,0,normal
2026-01-03 16:50:00,user-service,44.04,51.95,58.4,547.8,624.69,127.37,0.26,37.36,0,normal
2026-01-03 16:50:00,payment-service,51.68,57.47,70.4,1092.63,936.72,187.45,0.2,50.6,0,normal
2026-01-03 16:50:00,notification-service,29.31,45.88,46.57,501.98,539.6,134.13,0.2,28.03,0,normal
2026-01-03 16:50:00,database,61.65,64.29,45.94,1183.25,1195.68,117.52,0.17,74.09,0,normal
2026-01-03 16:55:00,api-gateway,50.54,53.91,39.67,1204.69,1187.13,137.41,0.2,35.56,0,normal
2026-01-03 16:55:00,user-service,44.07,52.51,53.58,662.1,678.3,131.87,0.13,39.66,0,normal
2026-01-03 16:55:00,payment-service,55.72,65.45,47.18,1012.9,906.21,188.13,0.23,45.11,0,normal
2026-01-03 16:55:00,notification-service,41.42,45.62,45.02,534.9,513.99,110.84,0.18,30.67,0,normal
2026-01-03 16:55:00,database,63.53,70.36,42.51,1065.61,1319.68,90.83,0.24,73.44,0,normal
2026-01-03 17:00:00,api-gateway,57.06,52.17,51.73,1320.32,1176.55,163.69,0.19,28.76,0,normal
2026-01-03 17:00:00,user-service,38.88,45.29,44.59,733.06,627.93,133.86,0.18,37.91,0,normal
2026-01-03 17:00:00,payment-service,54.73,56.13,45.12,918.27,913.76,191.53,0.19,56.53,0,normal
2026-01-03 17:00:00,notification-service,42.13,39.42,28.17,569.28,507.81,107.9,0.15,24.63,0,normal
2026-01-03 17:00:00,database,61.14,71.03,46.4,1364.33,1247.76,95.38,0.27,75.14,0,normal
2026-01-03 17:05:00,api-gateway,51.49,53.83,50.44,1198.08,1138.47,133.37,0.22,33.15,0,normal
2026-01-03 17:05:00,user-service,40.21,48.77,47.77,560.75,681.68,113.56,0.37,40.28,0,normal
2026-01-03 17:05:00,payment-service,58.33,53.15,36.5,1100.17,925.82,176.77,0.31,54.52,0,normal
2026-01-03 17:05:00,notification-service,37.62,46.35,70.06,560.17,511.56,119.59,0.26,30.99,0,normal
2026-01-03 17:05:00,database,59.57,63.34,69.15,1422.25,1258.16,109.56,0.17,71.4,0,normal
2026-01-03 17:10:00,api-gateway,51.97,55.05,41.67,1331.04,1190.84,138.3,0.23,30.4,0,normal
2026-01-03 17:10:00,user-service,29.18,42.01,55.26,621.92,605.58,109.47,0.19,35.98,0,normal
2026-01-03 17:10:00,payment-service,51.44,56.98,49.41,999.45,902.53,171.76,0.14,49.52,0,normal
2026-01-03 17:10:00,notification-service,31.85,47.52,51.62,628.44,564.54,123.31,0.24,30.36,0,normal
2026-01-03 17:10:00,database,61.78,66.56,49.26,1361.49,1341.42,131.46,0.18,75.93,0,normal
2026-01-03 17:15:00,api-gateway,59.0,57.16,59.11,1283.4,1122.56,127.97,0.22,32.59,0,normal
2026-01-03 17:15:00,user-service,35.52,47.57,72.19,581.64,670.95,141.72,0.27,43.5,0,normal
2026-01-03 17:15:00,payment-service,51.54,63.76,45.05,1056.1,930.21,156.81,0.32,51.58,0,normal
2026-01-03 17:15:00,notification-service,35.24,50.9,32.44,423.68,479.48,112.72,0.11,23.99,0,normal
2026-01-03 17:15:00,database,59.48,62.21,38.67,1204.3,1326.78,107.59,0.18,71.55,0,normal
2026-01-03 17:20:00,api-gateway,52.5,57.06,47.36,1231.07,1215.49,168.51,0.2,33.33,0,normal
2026-01-03 17:20:00,user-service,46.89,50.43,50.08,735.73,638.91,128.65,0.21,38.96,0,normal
2026-01-03 17:20:00,payment-service,49.8,64.38,47.22,729.0,877.56,168.08,0.18,49.76,0,normal
2026-01-03 17:20:00,notification-service,37.6,49.08,50.8,634.02,552.77,138.17,0.31,28.44,0,normal
2026-01-03 17:20:00,database,65.49,66.9,43.24,1327.12,1378.89,130.75,0.15,72.29,0,normal
2026-01-03 17:25:00,api-gateway,50.51,61.06,40.07,1194.61,1248.85,132.67,0.17,30.38,0,normal
2026-01-03 17:25:00,user-service,38.27,54.24,46.09,821.36,697.08,125.67,0.23,35.55,0,normal
2026-01-03 17:25:00,payment-service,58.09,60.25,40.57,988.06,902.75,175.24,0.16,57.93,0,normal
2026-01-03 17:25:00,notification-service,42.02,44.73,40.07,436.71,523.08,117.01,0.17,28.24,0,normal
2026-01-03 17:25:00,database,56.44,68.58,61.9,1250.86,1250.54,107.63,0.19,75.49,0,normal
2026-01-03 17:30:00,api-gateway,44.92,56.88,35.77,1269.53,1133.22,146.13,0.22,29.38,0,normal
2026-01-03 17:30:00,user-service,39.45,46.52,51.01,704.4,623.91,128.13,0.2,38.09,0,normal
2026-01-03 17:30:00,payment-service,55.74,59.41,48.11,1082.42,918.26,180.63,0.16,55.34,0,normal
2026-01-03 17:30:00,notification-service,33.27,48.97,47.62,633.75,553.39,114.44,0.16,29.65,0,normal
2026-01-03 17:30:00,database,64.27,68.72,48.76,1356.31,1298.3,82.31,0.15,70.77,0,normal
2026-01-03 17:35:00,api-gateway,51.49,55.66,61.99,1035.97,1128.48,135.58,0.28,35.85,0,normal
2026-01-03 17:35:00,user-service,34.99,51.61,42.99,714.43,647.9,123.68,0.13,31.78,0,normal
2026-01-03 17:35:00,payment-service,55.39,64.69,52.18,978.41,917.37,177.17,0.22,54.75,0,normal
2026-01-03 17:35:00,notification-service,35.77,38.75,51.07,434.68,512.02,111.73,0.21,33.08,0,normal
2026-01-03 17:35:00,database,57.6,66.21,58.36,1528.66,1349.93,97.9,0.11,73.55,0,normal
2026-01-03 17:40:00,api-gateway,50.55,56.1,63.38,1027.77,1132.89,133.1,0.21,31.02,0,normal
2026-01-03 17:40:00,user-service,38.33,48.56,39.83,687.28,586.78,133.11,0.3,33.85,0,normal
2026-01-03 17:40:00,payment-service,60.76,64.01,59.37,920.75,904.19,164.22,0.23,50.81,0,normal
2026-01-03 17:40:00,notification-service,36.06,42.72,37.63,601.24,513.99,117.16,0.19,32.24,0,normal
2026-01-03 17:40:00,database,64.46,64.81,46.7,1516.19,1362.91,107.69,0.26,68.1,0,normal
2026-01-03 17:45:00,api-gateway,49.04,52.34,65.8,1251.19,1152.0,161.21,0.23,32.13,0,normal
2026-01-03 17:45:00,user-service,38.58,57.22,51.95,679.81,667.02,122.29,0.24,36.2,0,normal
2026-01-03 17:45:00,payment-service,62.31,64.31,58.01,922.71,881.36,133.32,0.2,52.99,0,normal
2026-01-03 17:45:00,notification-service,34.45,45.15,63.66,430.17,532.3,112.51,0.12,32.63,0,normal
2026-01-03 17:45:00,database,65.7,64.0,55.63,1211.03,1256.13,109.51,0.13,72.55,0,normal
2026-01-03 17:50:00,api-gateway,52.98,55.11,41.67,1024.07,1149.74,163.7,0.18,40.61,0,normal
2026-01-03 17:50:00,user-service,40.71,51.49,45.0,662.47,678.25,115.51,0.24,39.61,0,normal
2026-01-03 17:50:00,payment-service,60.86,54.38,29.4,707.05,864.42,176.15,0.12,51.36,0,normal
2026-01-03 17:50:00,notification-service,32.87,45.19,36.76,444.87,498.05,121.1,0.27,30.39,0,normal
2026-01-03 17:50:00,database,56.51,63.19,40.39,1328.37,1255.55,111.31,0.21,68.44,0,normal
2026-01-03 17:55:00,api-gateway,58.14,55.65,39.38,1246.9,1134.87,137.94,0.16,33.63,0,normal
2026-01-03 17:55:00,user-service,42.84,54.78,59.8,516.28,621.15,132.35,0.17,33.2,0,normal
2026-01-03 17:55:00,payment-service,55.42,66.27,33.4,958.29,965.34,170.27,0.21,55.59,0,normal
2026-01-03 17:55:00,notification-service,33.37,50.2,44.86,490.18,548.42,122.75,0.16,30.13,0,normal
2026-01-03 17:55:00,database,60.84,63.68,50.05,1176.85,1297.88,107.66,0.27,73.56,0,normal
2026-01-03 18:00:00,api-gateway,55.67,52.3,48.93,1180.17,1077.28,145.24,0.21,33.19,0,normal
2026-01-03 18:00:00,user-service,42.72,49.35,44.78,567.81,618.96,123.83,0.21,39.02,0,normal
2026-01-03 18:00:00,payment-service,59.66,56.81,66.0,990.17,863.82,184.83,0.17,52.37,0,normal
2026-01-03 18:00:00,notification-service,33.15,38.85,66.85,604.5,518.62,95.9,0.21,26.95,0,normal
2026-01-03 18:00:00,database,63.43,63.77,54.03,999.93,1241.8,94.06,0.11,69.26,0,normal
2026-01-03 18:05:00,api-gateway,44.34,52.57,67.82,1186.88,1127.91,144.67,0.27,25.32,0,normal
2026-01-03 18:05:00,user-service,41.72,50.46,53.52,675.12,641.97,144.12,0.16,40.33,0,normal
2026-01-03 18:05:00,payment-service,53.9,56.6,47.77,1057.9,938.15,189.36,0.17,55.4,0,normal
2026-01-03 18:05:00,notification-service,32.07,47.65,61.96,525.86,512.92,121.41,0.26,28.11,0,normal
2026-01-03 18:05:00,database,54.53,70.78,37.71,1551.75,1295.86,102.39,0.13,66.05,0,normal
2026-01-03 18:10:00,api-gateway,47.74,58.27,49.18,1096.92,1115.5,127.24,0.21,32.78,0,normal
2026-01-03 18:10:00,user-service,34.95,45.59,64.78,603.92,653.27,115.21,0.13,43.15,0,normal
2026-01-03 18:10:00,payment-service,53.82,61.04,57.72,1035.6,949.52,177.87,0.26,53.4,0,normal
2026-01-03 18:10:00,notification-service,29.82,44.39,55.65,455.77,497.14,98.77,0.21,28.55,0,normal
2026-01-03 18:10:00,database,57.31,67.24,55.55,1324.06,1335.12,122.7,0.28,77.72,0,normal
2026-01-03 18:15:00,api-gateway,49.65,52.26,59.74,1066.89,1162.01,142.98,0.21,33.1,0,normal
2026-01-03 18:15:00,user-service,33.3,49.82,36.67,524.98,641.25,123.61,0.23,36.53,0,normal
2026-01-03 18:15:00,payment-service,53.78,61.09,47.28,833.55,910.45,176.7,0.2,51.88,0,normal
2026-01-03 18:15:00,notification-service,38.16,50.54,46.96,493.6,520.4,124.08,0.26,29.39,0,normal
2026-01-03 18:15:00,database,61.95,65.63,52.48,1614.44,1377.7,108.87,0.17,70.43,0,normal
2026-01-03 18:20:00,api-gateway,52.21,53.31,62.71,1285.8,1268.68,140.52,0.17,33.03,0,normal
2026-01-03 18:20:00,user-service,36.14,55.57,71.59,667.87,649.28,119.5,0.13,39.75,0,normal
2026-01-03 18:20:00,payment-service,51.62,61.19,61.08,979.8,905.5,177.26,0.28,52.43,0,normal
2026-01-03 18:20:00,notification-service,38.25,45.4,60.94,461.38,513.46,113.11,0.21,23.24,0,normal
2026-01-03 18:20:00,database,57.92,65.07,61.75,1418.41,1333.43,105.84,0.29,77.5,0,normal
2026-01-03 18:25:00,api-gateway,49.59,55.77,49.61,1022.35,1166.15,150.17,0.28,30.26,0,normal
2026-01-03 18:25:00,user-service,39.85,51.68,51.05,566.8,670.99,136.29,0.22,39.15,0,normal
2026-01-03 18:25:00,payment-service,57.95,58.82,40.4,874.84,937.91,180.53,0.19,53.41,0,normal
2026-01-03 18:25:00,notification-service,37.1,43.78,53.55,670.45,565.52,126.22,0.09,26.78,0,normal
2026-01-03 18:25:00,database,55.74,67.36,55.04,1204.55,1263.46,109.76,0.09,72.69,0,normal
2026-01-03 18:30:00,api-gateway,53.99,49.01,35.19,1315.63,1121.89,153.23,0.19,33.64,0,normal
2026-01-03 18:30:00,user-service,43.52,47.67,58.46,583.35,630.09,131.47,0.23,38.28,0,normal
2026-01-03 18:30:00,payment-service,55.97,57.79,63.3,1062.81,934.01,170.87,0.21,58.81,0,normal
2026-01-03 18:30:00,notification-service,35.07,40.35,53.05,597.49,524.83,117.71,0.23,28.25,0,normal
2026-01-03 18:30:00,database,61.76,60.65,58.78,1302.67,1345.69,92.2,0.22,72.1,0,normal
2026-01-03 18:35:00,api-gateway,63.74,55.63,42.46,1203.87,1099.31,141.12,0.23,37.43,0,normal
2026-01-03 18:35:00,user-service,38.96,45.9,56.93,781.17,666.65,132.56,0.23,34.69,0,normal
2026-01-03 18:35:00,payment-service,56.87,59.63,48.19,801.46,893.63,170.98,0.23,51.83,0,normal
2026-01-03 18:35:00,notification-service,32.87,48.21,40.59,538.08,547.22,105.89,0.18,24.65,0,normal
2026-01-03 18:35:00,database,59.24,70.85,48.22,1456.73,1232.07,120.97,0.23,77.15,0,normal
2026-01-03 18:40:00,api-gateway,51.56,50.93,45.26,1343.52,1137.3,144.89,0.2,28.52,0,normal
2026-01-03 18:40:00,user-service,43.28,46.76,56.4,776.56,655.76,124.57,0.19,38.94,0,normal
2026-01-03 18:40:00,payment-service,57.88,59.67,64.3,834.63,894.76,174.83,0.15,53.98,0,normal
2026-01-03 18:40:00,notification-service,36.65,43.93,49.22,414.78,515.01,117.69,0.11,28.64,0,normal
2026-01-03 18:40:00,database,65.97,67.76,55.62,979.7,1139.83,84.44,0.25,74.19,0,normal
2026-01-03 18:45:00,api-gateway,52.11,53.9,47.1,1006.03,1099.84,154.86,0.16,34.48,0,normal
2026-01-03 18:45:00,user-service,35.63,49.58,35.67,776.44,649.02,129.58,0.21,40.59,0,normal
2026-01-03 18:45:00,payment-service,56.41,55.91,42.2,1136.09,957.33,166.85,0.17,56.4,0,normal
2026-01-03 18:45:00,notification-service,37.11,44.09,39.48,428.02,515.93,107.21,0.21,30.97,0,normal
2026-01-03 18:45:00,database,64.78,71.97,44.81,1561.27,1314.57,101.72,0.2,75.82,0,normal
2026-01-03 18:50:00,api-gateway,55.26,50.74,58.76,1000.26,1166.38,133.4,0.32,35.29,0,normal
2026-01-03 18:50:00,user-service,43.75,48.53,48.56,691.67,696.61,121.62,0.18,44.85,0,normal
2026-01-03 18:50:00,payment-service,59.37,61.41,54.23,763.08,890.32,183.42,0.16,53.73,0,normal
2026-01-03 18:50:00,notification-service,40.94,39.02,53.36,470.39,500.96,110.94,0.19,21.64,0,normal
2026-01-03 18:50:00,database,60.11,60.87,52.23,1239.81,1206.4,111.25,0.28,72.15,0,normal
2026-01-03 18:55:00,api-gateway,49.36,51.09,54.44,1204.17,1137.3,148.73,0.24,28.62,0,normal
2026-01-03 18:55:00,user-service,47.32,48.19,48.68,795.8,672.68,123.14,0.2,35.69,0,normal
2026-01-03 18:55:00,payment-service,59.98,59.09,47.3,844.15,848.58,162.55,0.19,53.77,0,normal
2026-01-03 18:55:00,notification-service,40.17,41.44,55.45,513.3,517.43,123.34,0.2,22.83,0,normal
2026-01-03 18:55:00,database,67.72,68.32,39.99,1148.92,1284.39,104.66,0.28,73.43,0,normal
2026-01-03 19:00:00,api-gateway,51.81,53.68,41.21,990.4,886.28,146.8,0.18,31.38,0,normal
2026-01-03 19:00:00,user-service,31.51,56.09,45.88,442.87,456.7,126.46,0.22,31.81,0,normal
2026-01-03 19:00:00,payment-service,45.05,58.59,54.4,578.72,686.55,166.03,0.18,51.39,0,normal
2026-01-03 19:00:00,notification-service,35.22,42.51,64.9,419.65,384.19,96.07,0.22,21.35,0,normal
2026-01-03 19:00:00,database,63.23,66.75,47.63,968.64,969.98,97.85,0.21,69.87,0,normal
2026-01-03 19:05:00,api-gateway,48.04,58.5,38.59,708.68,838.09,158.72,0.23,29.81,0,normal
2026-01-03 19:05:00,user-service,38.16,53.62,47.5,456.24,505.04,114.41,0.27,39.35,0,normal
2026-01-03 19:05:00,payment-service,51.25,57.74,46.13,828.07,699.77,166.81,0.15,45.19,0,normal
2026-01-03 19:05:00,notification-service,35.2,43.36,53.76,348.79,399.08,114.23,0.25,24.73,0,normal
2026-01-03 19:05:00,database,51.62,63.81,57.32,973.19,1041.51,121.15,0.16,72.23,0,normal
2026-01-03 19:10:00,api-gateway,38.67,53.64,50.27,837.88,976.83,148.16,0.19,35.77,0,normal
2026-01-03 19:10:00,user-service,41.2,50.68,44.38,471.49,478.12,124.97,0.15,33.24,0,normal
2026-01-03 19:10:00,payment-service,44.74,58.19,40.73,794.35,740.89,169.17,0.17,53.6,0,normal
2026-01-03 19:10:00,notification-service,30.49,44.84,49.12,444.23,403.25,128.72,0.24,30.81,0,normal
2026-01-03 19:10:00,database,58.59,63.4,48.3,847.0,960.9,71.36,0.19,67.91,0,normal
2026-01-03 19:15:00,api-gateway,41.78,52.46,47.24,909.98,891.04,146.35,0.23,20.81,0,normal
2026-01-03 19:15:00,user-service,30.23,44.18,50.54,446.44,493.61,110.84,0.27,36.14,0,normal
2026-01-03 19:15:00,payment-service,52.81,58.42,68.27,637.86,657.52,159.91,0.28,42.94,0,normal
2026-01-03 19:15:00,notification-service,22.66,50.39,57.73,400.0,353.55,107.84,0.23,20.46,0,normal
2026-01-03 19:15:00,database,58.83,60.76,51.84,791.92,933.37,97.73,0.27,67.33,0,normal
2026-01-03 19:20:00,api-gateway,42.88,58.13,54.45,944.29,819.36,131.16,0.26,24.65,0,normal
2026-01-03 19:20:00,user-service,37.73,49.83,52.06,486.3,498.28,128.26,0.2,36.24,0,normal
2026-01-03 19:20:00,payment-service,54.4,59.33,67.52,664.37,721.77,179.5,0.2,49.31,0,normal
2026-01-03 19:20:00,notification-service,24.02,44.4,46.89,430.75,394.17,100.97,0.33,29.3,0,normal
2026-01-03 19:20:00,database,58.42,66.48,41.79,945.54,1063.58,115.82,0.17,66.71,0,normal
2026-01-03 19:25:00,api-gateway,41.09,56.53,50.43,767.35,886.44,138.08,0.2,27.47,0,normal
2026-01-03 19:25:00,user-service,30.69,47.83,56.87,408.07,498.0,109.05,0.22,35.69,0,normal
2026-01-03 19:25:00,payment-service,51.55,63.63,56.84,545.66,673.62,179.72,0.13,49.49,0,normal
2026-01-03 19:25:00,notification-service,25.61,44.35,50.9,404.33,413.89,115.85,0.25,24.54,0,normal
2026-01-03 19:25:00,database,54.74,67.58,42.12,742.63,902.25,105.58,0.16,67.55,0,normal
2026-01-03 19:30:00,api-gateway,41.31,57.43,41.58,827.9,898.39,144.55,0.14,29.27,0,normal
2026-01-03 19:30:00,user-service,33.95,50.14,54.52,549.03,478.56,106.59,0.2,33.47,0,normal
2026-01-03 19:30:00,payment-service,47.9,56.31,45.69,704.85,718.73,167.28,0.24,52.6,0,normal
2026-01-03 19:30:00,notification-service,31.18,43.85,75.19,317.16,382.79,115.94,0.23,24.69,0,normal
2026-01-03 19:30:00,database,54.44,64.93,27.34,1023.81,1007.0,101.4,0.26,71.51,0,normal
2026-01-03 19:35:00,api-gateway,44.93,49.73,60.22,1094.71,950.12,134.08,0.24,31.19,0,normal
2026-01-03 19:35:00,user-service,34.54,46.64,42.9,387.13,483.1,118.13,0.21,33.4,0,normal
2026-01-03 19:35:00,payment-service,43.8,60.99,42.87,732.42,692.49,171.23,0.11,53.34,0,normal
2026-01-03 19:35:00,notification-service,33.27,40.96,47.64,360.77,412.34,116.41,0.15,28.0,0,normal
2026-01-03 19:35:00,database,51.12,69.74,55.9,920.54,1009.32,120.45,0.23,73.44,0,normal
2026-01-03 19:40:00,api-gateway,45.46,55.72,51.27,713.47,852.85,141.31,0.18,26.96,0,normal
2026-01-03 19:40:00,user-service,39.63,53.52,47.59,392.58,481.83,128.64,0.24,35.49,0,normal
2026-01-03 19:40:00,payment-service,46.25,58.72,50.86,716.92,692.57,170.64,0.23,44.53,0,normal
2026-01-03 19:40:00,notification-service,26.01,37.0,44.26,466.78,420.01,99.62,0.19,27.18,0,normal
2026-01-03 19:40:00,database,53.46,67.05,56.62,951.89,970.62,88.66,0.25,74.36,0,normal
2026-01-03 19:45:00,api-gateway,47.62,55.06,38.57,907.69,886.78,140.33,0.15,31.86,0,normal
2026-01-03 19:45:00,user-service,43.26,49.44,60.17,394.82,470.33,128.57,0.22,37.79,0,normal
2026-01-03 19:45:00,payment-service,49.08,64.34,31.46,514.22,626.05,139.33,0.21,48.49,0,normal
2026-01-03 19:45:00,notification-service,30.53,45.52,49.63,431.06,399.59,113.31,0.16,22.11,0,normal
2026-01-03 19:45:00,database,50.96,62.86,49.71,1070.71,998.93,108.78,0.23,73.45,0,normal
2026-01-03 19:50:00,api-gateway,43.75,59.53,75.45,790.83,872.6,140.52,0.2,29.48,0,normal
2026-01-03 19:50:00,user-service,32.38,47.42,66.47,471.61,501.0,109.91,0.17,36.08,0,normal
2026-01-03 19:50:00,payment-service,55.58,62.74,35.33,732.6,700.96,167.09,0.18,52.93,0,normal
2026-01-03 19:50:00,notification-service,27.01,43.64,55.03,458.36,400.42,108.34,0.24,24.2,0,normal
2026-01-03 19:50:00,database,50.02,66.8,43.3,1091.15,1043.6,87.7,0.25,72.77,0,normal
2026-01-03 19:55:00,api-gateway,45.53,54.86,50.89,856.93,954.86,142.74,0.21,33.31,0,normal
2026-01-03 19:55:00,user-service,45.5,48.24,70.12,412.51,484.91,132.57,0.28,32.47,0,normal
2026-01-03 19:55:00,payment-service,55.8,64.98,67.11,750.56,713.51,167.45,0.19,46.95,0,normal
2026-01-03 19:55:00,notification-service,30.93,44.7,49.04,383.69,404.59,89.79,0.21,23.26,0,normal
2026-01-03 19:55:00,database,55.25,64.53,43.53,922.57,1031.81,114.24,0.19,68.54,0,normal
2026-01-03 20:00:00,api-gateway,47.99,58.95,68.04,927.14,861.75,137.41,0.22,30.26,0,normal
2026-01-03 20:00:00,user-service,36.76,48.11,58.07,483.93,455.66,120.22,0.2,34.61,0,normal
2026-01-03 20:00:00,payment-service,49.27,61.66,48.65,755.91,700.94,169.71,0.2,50.05,0,normal
2026-01-03 20:00:00,notification-service,30.43,43.2,40.79,379.79,387.83,115.75,0.11,24.43,0,normal
2026-01-03 20:00:00,database,46.45,64.29,65.0,1137.98,971.65,114.12,0.09,67.0,0,normal
2026-01-03 20:05:00,api-gateway,50.1,54.9,59.17,711.15,878.61,130.74,0.29,33.37,0,normal
2026-01-03 20:05:00,user-service,39.68,47.65,46.51,484.53,464.64,111.86,0.18,30.5,0,normal
2026-01-03 20:05:00,payment-service,50.69,55.92,62.72,558.18,667.19,149.5,0.2,48.05,0,normal
2026-01-03 20:05:00,notification-service,24.9,37.35,51.78,468.83,399.67,104.72,0.21,20.3,0,normal
2026-01-03 20:05:00,database,56.69,62.76,61.58,983.04,951.34,81.44,0.19,67.92,0,normal
2026-01-03 20:10:00,api-gateway,44.56,50.41,54.48,749.87,863.43,157.09,0.16,30.14,0,normal
2026-01-03 20:10:00,user-service,41.59,44.58,47.04,420.86,503.65,141.6,0.15,32.42,0,normal
2026-01-03 20:10:00,payment-service,53.16,61.4,43.24,585.52,670.43,175.81,0.12,51.77,0,normal
2026-01-03 20:10:00,notification-service,24.7,53.18,37.5,337.67,372.64,110.46,0.13,18.35,0,normal
2026-01-03 20:10:00,database,61.6,60.61,67.52,878.65,885.98,94.08,0.16,63.48,0,normal
2026-01-03 20:15:00,api-gateway,43.54,50.8,51.68,759.96,913.39,139.13,0.21,29.22,0,normal
2026-01-03 20:15:00,user-service,32.06,48.42,47.39,451.6,491.85,126.67,0.14,37.18,0,normal
2026-01-03 20:15:00,payment-service,50.2,63.61,55.04,729.38,673.65,160.4,0.19,50.67,0,normal
2026-01-03 20:15:00,notification-service,32.46,41.9,41.48,407.68,400.23,110.22,0.18,28.16,0,normal
2026-01-03 20:15:00,database,53.36,63.48,57.05,1100.54,1090.15,93.73,0.19,66.41,0,normal
2026-01-03 20:20:00,api-gateway,42.12,49.36,62.49,889.23,922.64,159.35,0.21,32.05,0,normal
2026-01-03 20:20:00,user-service,32.96,47.94,34.28,606.71,506.19,115.57,0.24,32.21,0,normal
2026-01-03 20:20:00,payment-service,51.33,58.49,51.27,857.93,731.31,160.61,0.12,49.23,0,normal
2026-01-03 20:20:00,notification-service,29.72,47.35,60.39,387.58,418.91,96.47,0.17,26.8,0,normal
2026-01-03 20:20:00,database,51.28,63.18,25.71,836.04,1007.04,95.74,0.16,67.85,0,normal
2026-01-03 20:25:00,api-gateway,50.86,55.55,58.99,910.82,903.91,144.05,0.37,30.23,0,normal
2026-01-03 20:25:00,user-service,30.27,48.67,37.97,416.38,470.29,120.1,0.23,39.17,0,normal
2026-01-03 20:25:00,payment-service,46.39,56.74,49.73,679.69,678.59,163.92,0.14,47.91,0,normal
2026-01-03 20:25:00,notification-service,26.21,46.23,58.86,431.96,366.99,112.39,0.25,24.46,0,normal
2026-01-03 20:25:00,database,51.53,68.87,60.13,955.85,1010.22,124.32,0.22,69.45,0,normal
2026-01-03 20:30:00,api-gateway,44.57,58.07,66.91,846.32,873.45,141.61,0.18,33.71,0,normal
2026-01-03 20:30:00,user-service,44.02,53.24,54.53,412.55,480.55,116.41,0.34,31.27,0,normal
2026-01-03 20:30:00,payment-service,55.36,59.42,30.2,637.69,676.68,176.52,0.17,51.0,0,normal
2026-01-03 20:30:00,notification-service,28.29,42.19,51.67,343.79,423.7,111.21,0.21,24.12,0,normal
2026-01-03 20:30:00,database,59.07,66.8,49.51,832.03,993.63,92.52,0.16,66.49,0,normal
2026-01-03 20:35:00,api-gateway,44.39,59.45,46.46,696.37,843.93,138.45,0.28,33.41,0,normal
2026-01-03 20:35:00,user-service,27.44,46.03,55.42,510.24,526.85,119.44,0.15,32.35,0,normal
2026-01-03 20:35:00,payment-service,57.25,53.76,40.89,593.5,682.68,185.38,0.17,54.79,0,normal
2026-01-03 20:35:00,notification-service,35.82,47.22,30.62,361.21,409.11,122.79,0.17,24.29,0,normal
2026-01-03 20:35:00,database,56.52,66.7,41.53,890.37,1003.61,112.14,0.13,67.92,0,normal
2026-01-03 20:40:00,api-gateway,44.81,53.29,48.39,822.61,954.14,136.21,0.25,30.57,0,normal
2026-01-03 20:40:00,user-service,39.08,51.89,39.27,461.67,519.76,110.12,0.18,38.93,0,normal
2026-01-03 20:40:00,payment-service,49.87,57.7,62.29,898.79,752.97,190.67,0.15,47.96,0,normal
2026-01-03 20:40:00,notification-service,25.11,44.29,36.7,395.59,413.23,107.87,0.19,25.48,0,normal
2026-01-03 20:40:00,database,53.29,66.38,53.59,1198.36,1054.25,102.93,0.18,65.46,0,normal
2026-01-03 20:45:00,api-gateway,45.71,54.56,72.08,701.41,864.58,127.63,0.22,29.86,0,normal
2026-01-03 20:45:00,user-service,33.11,44.8,50.19,572.33,533.46,125.74,0.14,33.4,0,normal
2026-01-03 20:45:00,payment-service,51.95,58.34,40.06,657.24,734.05,162.75,0.26,52.78,0,normal
2026-01-03 20:45:00,notification-service,26.17,51.4,51.1,389.98,413.35,99.9,0.28,28.33,0,normal
2026-01-03 20:45:00,database,53.85,63.2,41.01,883.1,961.51,106.89,0.2,70.67,0,normal
2026-01-03 20:50:00,api-gateway,52.87,50.85,48.05,1041.68,926.17,139.23,0.21,33.78,0,normal
2026-01-03 20:50:00,user-service,32.24,49.41,49.26,522.14,519.75,117.05,0.11,39.13,0,normal
2026-01-03 20:50:00,payment-service,50.74,59.8,68.31,784.35,709.88,174.65,0.19,50.75,0,normal
2026-01-03 20:50:00,notification-service,34.22,49.07,47.57,361.18,407.87,98.33,0.21,33.47,0,normal
2026-01-03 20:50:00,database,55.3,66.68,49.15,1141.72,954.38,100.59,0.23,66.86,0,normal
2026-01-03 20:55:00,api-gateway,45.77,53.74,56.74,848.89,770.73,130.56,0.21,27.92,0,normal
2026-01-03 20:55:00,user-service,31.89,49.22,48.13,553.81,519.6,133.14,0.2,36.67,0,normal
2026-01-03 20:55:00,payment-service,50.97,60.13,54.22,626.18,741.11,157.79,0.24,52.17,0,normal
2026-01-03 20:55:00,notification-service,24.2,48.71,78.98,394.24,382.11,101.9,0.19,25.76,0,normal
2026-01-03 20:55:00,database,50.65,63.77,43.19,848.46,1022.1,97.58,0.21,71.79,0,normal
2026-01-03 21:00:00,api-gateway,42.42,53.48,66.7,829.31,908.21,141.2,0.13,23.06,0,normal
2026-01-03 21:00:00,user-service,40.57,49.04,50.86,577.3,508.2,143.13,0.25,27.83,0,normal
2026-01-03 21:00:00,payment-service,48.02,55.59,70.55,622.85,668.96,160.7,0.18,48.92,0,normal
2026-01-03 21:00:00,notification-service,24.3,44.95,61.18,365.29,373.69,89.99,0.19,28.86,0,normal
2026-01-03 21:00:00,database,55.96,66.26,20.73,1101.03,951.07,94.04,0.14,72.29,0,normal
2026-01-03 21:05:00,api-gateway,40.22,59.64,55.95,827.01,912.71,133.25,0.11,27.87,0,normal
2026-01-03 21:05:00,user-service,35.06,53.82,57.59,524.3,523.89,126.16,0.24,40.3,0,normal
2026-01-03 21:05:00,payment-service,55.11,67.95,46.29,637.14,695.78,159.07,0.21,47.72,0,normal
2026-01-03 21:05:00,notification-service,29.23,42.34,55.56,371.09,414.52,112.19,0.24,23.44,0,normal
2026-01-03 21:05:00,database,54.04,64.05,61.01,1223.21,1146.8,100.16,0.21,69.97,0,normal
2026-01-03 21:10:00,api-gateway,42.04,58.12,49.39,923.41,878.14,139.8,0.17,29.78,0,normal
2026-01-03 21:10:00,user-service,32.56,51.24,31.39,402.85,484.03,118.23,0.11,30.9,0,normal
2026-01-03 21:10:00,payment-service,53.28,59.31,47.11,720.05,674.18,188.0,0.21,47.95,0,normal
2026-01-03 21:10:00,notification-service,30.76,49.24,47.84,488.32,408.8,106.94,0.18,21.96,0,normal
2026-01-03 21:10:00,database,50.52,68.47,67.05,922.78,1034.47,97.16,0.2,76.86,0,normal
2026-01-03 21:15:00,api-gateway,42.98,54.57,56.53,929.79,953.9,130.39,0.16,37.57,0,normal
2026-01-03 21:15:00,user-service,30.3,51.33,47.25,611.33,510.48,126.22,0.25,32.96,0,normal
2026-01-03 21:15:00,payment-service,44.75,58.86,56.71,737.52,648.51,167.07,0.25,50.97,0,normal
2026-01-03 21:15:00,notification-service,31.49,42.09,36.67,382.29,407.78,127.3,0.22,28.06,0,normal
2026-01-03 21:15:00,database,52.43,65.22,46.55,980.35,951.08,94.24,0.19,70.62,0,normal
2026-01-03 21:20:00,api-gateway,39.36,55.74,51.68,835.49,860.94,150.3,0.22,30.61,0,normal
2026-01-03 21:20:00,user-service,40.16,50.15,61.15,510.25,517.07,122.23,0.16,36.21,0,normal
2026-01-03 21:20:00,payment-service,51.31,58.68,51.47,650.1,708.49,172.11,0.32,53.34,0,normal
2026-01-03 21:20:00,notification-service,30.95,44.31,51.56,334.62,406.68,131.05,0.15,23.53,0,normal
2026-01-03 21:20:00,database,49.71,68.31,42.56,1110.55,925.49,113.0,0.0,69.35,0,normal
2026-01-03 21:25:00,api-gateway,48.55,55.12,40.89,950.84,915.1,141.12,0.21,31.52,0,normal
2026-01-03 21:25:00,user-service,34.74,48.52,34.49,465.13,520.22,128.39,0.2,35.48,0,normal
2026-01-03 21:25:00,payment-service,52.71,60.93,56.7,753.72,674.99,175.89,0.16,51.15,0,normal
2026-01-03 21:25:00,notification-service,26.51,47.19,31.54,337.0,370.65,96.52,0.15,21.14,0,normal
2026-01-03 21:25:00,database,53.71,69.39,55.01,991.97,942.65,88.66,0.11,66.15,0,normal
2026-01-03 21:30:00,api-gateway,43.37,53.32,43.94,733.13,882.2,138.96,0.2,32.14,0,normal
2026-01-03 21:30:00,user-service,41.79,50.52,47.32,553.53,511.43,116.51,0.21,34.46,0,normal
2026-01-03 21:30:00,payment-service,46.45,63.0,53.13,666.02,722.23,167.66,0.19,53.11,0,normal
2026-01-03 21:30:00,notification-service,23.27,49.17,45.57,478.66,406.86,111.6,0.16,23.38,0,normal
2026-01-03 21:30:00,database,51.9,66.09,56.22,836.17,1017.82,86.28,0.27,79.97,0,normal
2026-01-03 21:35:00,api-gateway,41.9,57.26,47.56,758.4,903.4,132.63,0.27,29.35,0,normal
2026-01-03 21:35:00,user-service,29.33,50.75,52.29,434.38,479.96,115.43,0.22,36.2,0,normal
2026-01-03 21:35:00,payment-service,47.16,65.95,46.27,865.77,793.08,170.1,0.25,53.55,0,normal
2026-01-03 21:35:00,notification-service,33.88,45.85,66.36,373.91,379.07,120.91,0.19,27.75,0,normal
2026-01-03 21:35:00,database,53.01,65.3,49.75,872.49,943.79,122.1,0.26,64.64,0,normal
2026-01-03 21:40:00,api-gateway,48.75,53.37,77.58,741.46,889.41,142.33,0.16,31.77,0,normal
2026-01-03 21:40:00,user-service,30.9,48.79,53.69,510.44,517.02,146.93,0.23,39.37,0,normal
2026-01-03 21:40:00,payment-service,45.38,59.61,45.44,718.08,674.75,170.55,0.13,51.23,0,normal
2026-01-03 21:40:00,notification-service,26.89,42.17,51.99,371.83,338.33,110.93,0.17,29.26,0,normal
2026-01-03 21:40:00,database,55.43,71.22,43.11,1058.89,927.82,111.46,0.22,69.8,0,normal
2026-01-03 21:45:00,api-gateway,43.75,56.0,55.6,943.4,883.93,141.09,0.16,28.93,0,normal
2026-01-03 21:45:00,user-service,31.45,50.71,56.67,391.26,475.96,98.78,0.27,34.5,0,normal
2026-01-03 21:45:00,payment-service,52.45,61.92,60.39,562.84,687.72,161.91,0.21,47.93,0,normal
2026-01-03 21:45:00,notification-service,33.14,48.72,51.66,413.66,393.94,96.02,0.27,21.17,0,normal
2026-01-03 21:45:00,database,54.8,68.43,57.08,993.31,943.42,94.04,0.18,69.91,0,normal
2026-01-03 21:50:00,api-gateway,48.78,59.81,43.98,1025.31,962.82,152.5,0.14,30.4,0,normal
2026-01-03 21:50:00,user-service,28.47,47.16,62.08,397.48,455.97,125.36,0.15,33.72,0,normal
2026-01-03 21:50:00,payment-service,54.64,55.55,47.31,843.28,753.97,170.7,0.19,55.14,0,normal
2026-01-03 21:50:00,notification-service,31.77,45.74,55.5,404.56,421.85,111.03,0.23,26.52,0,normal
2026-01-03 21:50:00,database,63.46,63.88,39.26,1193.5,1102.27,99.31,0.21,67.94,0,normal
2026-01-03 21:55:00,api-gateway,45.86,58.08,41.3,791.36,876.3,130.76,0.16,25.72,0,normal
2026-01-03 21:55:00,user-service,35.52,50.7,37.99,379.98,438.39,139.98,0.18,35.23,0,normal
2026-01-03 21:55:00,payment-service,52.59,62.84,43.77,802.32,696.63,150.46,0.31,50.15,0,normal
2026-01-03 21:55:00,notification-service,31.71,42.01,60.83,377.68,365.82,112.7,0.19,29.87,0,normal
2026-01-03 21:55:00,database,58.7,64.57,58.0,1048.08,938.58,88.63,0.23,73.58,0,normal
2026-01-03 22:00:00,api-gateway,51.05,58.92,64.18,841.42,841.73,125.87,0.19,29.95,0,normal
2026-01-03 22:00:00,user-service,41.85,50.42,40.25,546.05,464.73,105.01,0.14,36.36,0,normal
2026-01-03 22:00:00,payment-service,48.2,61.73,52.47,603.02,682.17,161.51,0.24,49.0,0,normal
2026-01-03 22:00:00,notification-service,22.56,44.3,41.5,447.48,379.01,102.49,0.16,26.11,0,normal
2026-01-03 22:00:00,database,56.62,66.78,56.69,839.76,967.72,109.86,0.13,69.4,0,normal
2026-01-03 22:05:00,api-gateway,40.09,55.17,56.92,877.08,907.16,126.34,0.17,29.3,0,normal
2026-01-03 22:05:00,user-service,33.97,50.26,46.28,625.36,525.68,113.67,0.17,30.56,0,normal
2026-01-03 22:05:00,payment-service,50.38,54.09,48.9,817.56,710.25,177.33,0.18,47.61,0,normal
2026-01-03 22:05:00,notification-service,32.25,44.25,50.15,323.6,403.0,112.16,0.14,22.4,0,normal
2026-01-03 22:05:00,database,53.92,60.3,39.97,1108.99,1028.52,99.99,0.21,70.22,0,normal
2026-01-03 22:10:00,api-gateway,42.46,53.63,37.37,957.72,969.19,151.2,0.2,32.64,0,normal
2026-01-03 22:10:00,user-service,26.07,53.46,38.5,478.83,528.92,121.01,0.21,37.4,0,normal
2026-01-03 22:10:00,payment-service,47.44,59.49,59.2,769.54,778.18,171.04,0.22,54.08,0,normal
2026-01-03 22:10:00,notification-service,23.74,45.06,34.65,363.67,389.88,117.54,0.25,25.67,0,normal
2026-01-03 22:10:00,database,60.81,62.29,56.71,974.86,993.78,81.75,0.23,69.85,0,normal
2026-01-03 22:15:00,api-gateway,45.7,55.68,65.13,806.38,848.9,136.58,0.22,33.17,0,normal
2026-01-03 22:15:00,user-service,36.13,52.3,55.52,589.6,504.88,132.83,0.26,35.03,0,normal
2026-01-03 22:15:00,payment-service,54.59,58.07,68.1,752.85,677.05,170.71,0.23,49.46,0,normal
2026-01-03 22:15:00,notification-service,29.67,44.6,43.13,427.55,401.43,113.19,0.17,29.13,0,normal
2026-01-03 22:15:00,database,54.22,63.83,50.81,1192.76,1064.25,112.26,0.17,69.95,0,normal
2026-01-03 22:20:00,api-gateway,39.07,55.33,55.18,923.13,897.21,132.38,0.2,22.11,0,normal
2026-01-03 22:20:00,user-service,31.8,51.32,66.28,558.37,529.44,119.53,0.26,36.58,0,normal
2026-01-03 22:20:00,payment-service,52.73,61.74,45.1,682.28,687.15,184.34,0.16,49.36,0,normal
2026-01-03 22:20:00,notification-service,39.55,44.31,47.7,335.71,417.94,83.48,0.22,25.95,0,normal
2026-01-03 22:20:00,database,52.66,67.7,46.23,895.95,1018.08,90.82,0.24,68.62,0,normal
2026-01-03 22:25:00,api-gateway,47.5,53.82,42.13,858.84,885.27,130.17,0.32,31.11,0,normal
2026-01-03 22:25:00,user-service,34.28,52.86,60.88,542.51,502.49,99.43,0.29,39.19,0,normal
2026-01-03 22:25:00,payment-service,43.13,64.21,53.87,627.92,626.42,182.87,0.13,52.66,0,normal
2026-01-03 22:25:00,notification-service,34.22,44.58,53.97,432.93,416.57,98.92,0.16,28.36,0,normal
2026-01-03 22:25:00,database,51.15,63.4,55.87,1282.84,1077.91,99.47,0.16,70.05,0,normal
2026-01-03 22:30:00,api-gateway,37.86,58.7,38.38,699.86,847.12,135.11,0.18,31.12,0,normal
2026-01-03 22:30:00,user-service,32.2,52.06,61.08,593.86,516.31,135.95,0.14,38.11,0,normal
2026-01-03 22:30:00,payment-service,56.28,63.84,51.34,575.73,702.08,190.0,0.16,47.69,0,normal
2026-01-03 22:30:00,notification-service,28.79,38.76,47.66,339.41,408.14,105.49,0.23,28.07,0,normal
2026-01-03 22:30:00,database,67.01,62.07,54.55,963.62,1012.35,97.1,0.18,77.34,0,normal
2026-01-03 22:35:00,api-gateway,43.51,53.36,36.71,1075.89,984.42,149.41,0.18,30.51,0,normal
2026-01-03 22:35:00,user-service,33.22,52.79,58.13,523.27,478.09,120.25,0.22,32.19,0,normal
2026-01-03 22:35:00,payment-service,55.92,58.52,35.78,590.51,699.17,154.3,0.17,49.48,0,normal
2026-01-03 22:35:00,notification-service,24.7,45.29,55.67,455.79,400.05,115.66,0.17,20.6,0,normal
2026-01-03 22:35:00,database,59.37,58.46,41.55,1015.35,945.53,96.05,0.27,69.86,0,normal
2026-01-03 22:40:00,api-gateway,48.64,53.18,53.09,814.03,847.96,130.25,0.25,28.96,0,normal
2026-01-03 22:40:00,user-service,40.6,48.81,59.2,578.01,507.06,127.21,0.23,32.58,0,normal
2026-01-03 22:40:00,payment-service,40.91,62.56,62.86,773.59,741.07,190.93,0.16,48.72,0,normal
2026-01-03 22:40:00,notification-service,33.43,41.45,50.85,309.26,381.47,110.86,0.16,23.61,0,normal
2026-01-03 22:40:00,database,52.88,61.21,39.4,1047.95,1058.27,109.54,0.18,68.62,0,normal
2026-01-03 22:45:00,api-gateway,38.71,51.46,48.74,1100.09,930.56,138.16,0.16,32.17,0,normal
2026-01-03 22:45:00,user-service,34.37,47.87,34.65,538.72,502.57,120.73,0.26,37.62,0,normal
2026-01-03 22:45:00,payment-service,55.99,62.15,42.47,674.38,687.37,171.98,0.26,51.8,0,normal
2026-01-03 22:45:00,notification-service,28.76,44.6,59.88,408.52,390.72,94.17,0.23,19.48,0,normal
2026-01-03 22:45:00,database,54.11,64.49,59.8,1167.98,1030.38,96.64,0.21,71.92,0,normal
2026-01-03 22:50:00,api-gateway,44.4,54.35,46.85,858.12,966.08,142.14,0.18,26.71,0,normal
2026-01-03 22:50:00,user-service,42.57,51.57,39.62,589.21,492.9,124.67,0.26,29.18,0,normal
2026-01-03 22:50:00,payment-service,50.64,64.67,48.91,610.19,686.93,168.31,0.2,51.69,0,normal
2026-01-03 22:50:00,notification-service,30.56,49.71,50.07,373.88,395.34,105.52,0.21,22.73,0,normal
2026-01-03 22:50:00,database,50.09,66.88,41.35,1128.17,999.48,81.95,0.18,75.77,0,normal
2026-01-03 22:55:00,api-gateway,41.1,57.05,41.82,954.66,887.27,160.79,0.23,25.42,0,normal
2026-01-03 22:55:00,user-service,38.87,55.74,59.63,558.37,504.2,132.07,0.16,37.85,0,normal
2026-01-03 22:55:00,payment-service,45.87,61.27,54.47,614.72,716.14,168.3,0.2,52.28,0,normal
2026-01-03 22:55:00,notification-service,31.11,45.73,41.53,407.42,404.26,119.81,0.2,27.7,0,normal
2026-01-03 22:55:00,database,58.13,65.81,52.68,822.36,1019.17,109.27,0.18,68.2,0,normal
2026-01-03 23:00:00,api-gateway,46.54,58.98,59.22,978.01,961.78,143.68,0.26,35.22,0,normal
2026-01-03 23:00:00,user-service,41.98,54.13,44.86,532.86,519.73,123.85,0.32,33.24,0,normal
2026-01-03 23:00:00,payment-service,54.41,55.91,40.07,719.27,673.4,153.32,0.28,48.43,0,normal
2026-01-03 23:00:00,notification-service,30.01,50.15,45.88,381.64,399.66,99.46,0.15,26.4,0,normal
2026-01-03 23:00:00,database,62.85,65.15,42.25,985.69,910.18,124.12,0.18,66.58,0,normal
2026-01-03 23:05:00,api-gateway,47.28,57.48,65.52,713.27,871.17,125.64,0.24,32.76,0,normal
2026-01-03 23:05:00,user-service,38.09,50.32,59.55,582.68,593.2,130.46,0.21,35.05,0,normal
2026-01-03 23:05:00,payment-service,43.97,58.78,47.29,805.99,698.99,153.83,0.17,46.86,0,normal
2026-01-03 23:05:00,notification-service,35.96,40.39,52.59,396.99,419.07,126.76,0.24,22.1,0,normal
2026-01-03 23:05:00,database,61.83,62.73,44.68,1085.58,1031.79,105.84,0.2,68.17,0,normal
2026-01-03 23:10:00,api-gateway,42.0,54.95,59.17,1022.82,895.55,120.59,0.2,34.44,0,normal
2026-01-03 23:10:00,user-service,38.87,50.45,41.25,440.25,494.19,113.53,0.17,37.46,0,normal
2026-01-03 23:10:00,payment-service,57.23,56.26,51.35,679.02,743.79,175.2,0.27,49.67,0,normal
2026-01-03 23:10:00,notification-service,36.46,42.09,43.96,428.28,399.85,113.53,0.12,25.59,0,normal
2026-01-03 23:10:00,database,49.44,65.6,46.65,1030.44,968.33,108.21,0.17,68.85,0,normal
2026-01-03 23:15:00,api-gateway,44.52,59.81,44.23,928.31,1003.78,141.75,0.15,30.84,0,normal
2026-01-03 23:15:00,user-service,34.59,49.92,52.15,435.88,484.8,113.19,0.19,36.18,0,normal
2026-01-03 23:15:00,payment-service,49.12,55.21,66.44,725.41,673.94,184.5,0.23,48.35,0,normal
2026-01-03 23:15:00,notification-service,27.88,44.6,47.81,473.1,398.66,124.77,0.16,20.81,0,normal
2026-01-03 23:15:00,database,59.31,68.1,36.33,899.15,958.38,112.62,0.17,68.98,0,normal
2026-01-03 23:20:00,api-gateway,51.67,55.66,52.29,896.47,941.97,137.87,0.07,31.95,0,normal
2026-01-03 23:20:00,user-service,28.3,57.46,39.26,551.05,473.85,117.78,0.2,33.61,0,normal
2026-01-03 23:20:00,payment-service,53.76,60.75,40.94,795.89,667.43,171.99,0.07,46.86,0,normal
2026-01-03 23:20:00,notification-service,29.56,45.41,54.99,417.51,379.84,103.43,0.29,23.54,0,normal
2026-01-03 23:20:00,database,55.24,69.7,52.94,1009.62,955.12,83.26,0.15,73.6,0,normal
2026-01-03 23:25:00,api-gateway,38.27,55.25,46.48,993.13,918.58,122.31,0.22,29.02,0,normal
2026-01-03 23:25:00,user-service,36.75,50.43,58.81,542.27,499.16,137.89,0.17,33.87,0,normal
2026-01-03 23:25:00,payment-service,50.63,61.83,55.36,734.68,667.48,189.95,0.16,49.36,0,normal
2026-01-03 23:25:00,notification-service,32.33,45.6,44.74,415.57,405.23,111.21,0.21,23.94,0,normal
2026-01-03 23:25:00,database,48.13,61.84,65.63,1103.28,1035.17,108.9,0.21,69.04,0,normal
2026-01-03 23:30:00,api-gateway,45.77,59.77,49.26,871.67,898.18,164.2,0.23,29.43,0,normal
2026-01-03 23:30:00,user-service,35.98,56.53,52.91,542.68,497.64,130.07,0.21,28.87,0,normal
2026-01-03 23:30:00,payment-service,52.23,61.62,49.62,841.31,703.88,150.52,0.12,50.4,0,normal
2026-01-03 23:30:00,notification-service,28.43,47.46,57.45,365.97,390.09,107.58,0.28,26.25,0,normal
2026-01-03 23:30:00,database,46.42,69.36,66.61,1017.25,978.22,110.33,0.2,71.92,0,normal
2026-01-03 23:35:00,api-gateway,42.28,56.24,43.3,1102.85,956.64,154.01,0.18,35.29,0,normal
2026-01-03 23:35:00,user-service,33.67,52.6,58.29,481.75,515.34,111.79,0.19,32.14,0,normal
2026-01-03 23:35:00,payment-service,44.83,61.37,46.22,649.3,659.44,175.79,0.13,40.67,0,normal
2026-01-03 23:35:00,notification-service,31.77,43.9,44.05,347.7,389.67,107.5,0.17,23.55,0,normal
2026-01-03 23:35:00,database,52.14,63.86,44.8,801.24,968.77,108.88,0.17,66.32,0,normal
2026-01-03 23:40:00,api-gateway,45.0,55.2,48.36,1020.76,955.47,134.31,0.29,33.82,0,normal
2026-01-03 23:40:00,user-service,32.77,47.55,59.55,409.69,486.96,117.76,0.31,39.49,0,normal
2026-01-03 23:40:00,payment-service,47.75,56.8,49.29,646.47,778.64,177.74,0.23,50.38,0,normal
2026-01-03 23:40:00,notification-service,29.91,42.41,62.01,372.6,382.86,136.0,0.26,25.46,0,normal
2026-01-03 23:40:00,database,59.03,58.75,50.12,945.32,931.43,87.17,0.16,65.87,0,normal
2026-01-03 23:45:00,api-gateway,48.88,55.43,48.2,767.12,862.83,126.05,0.12,30.48,0,normal
2026-01-03 23:45:00,user-service,40.42,51.72,62.73,539.35,534.4,112.48,0.27,32.78,0,normal
2026-01-03 23:45:00,payment-service,44.74,65.34,64.68,623.23,697.77,149.35,0.24,51.16,0,normal
2026-01-03 23:45:00,notification-service,39.69,47.83,56.34,365.65,389.86,104.24,0.24,28.39,0,normal
2026-01-03 23:45:00,database,57.98,65.16,50.42,967.14,993.89,98.97,0.12,74.61,0,normal
2026-01-03 23:50:00,api-gateway,44.7,51.41,46.49,845.77,877.46,111.75,0.3,30.37,0,normal
2026-01-03 23:50:00,user-service,29.54,50.98,48.18,548.15,523.98,136.93,0.24,32.74,0,normal
2026-01-03 23:50:00,payment-service,45.16,62.03,37.65,723.0,698.46,182.48,0.22,50.93,0,normal
2026-01-03 23:50:00,notification-service,31.45,49.12,42.95,446.78,414.14,128.75,0.22,22.23,0,normal
2026-01-03 23:50:00,database,55.47,65.15,55.4,1010.1,910.0,112.59,0.27,70.48,0,normal
2026-01-03 23:55:00,api-gateway,53.39,56.44,39.68,982.65,896.66,131.22,0.15,28.08,0,normal
2026-01-03 23:55:00,user-service,33.04,42.93,43.01,558.13,509.43,125.15,0.1,35.57,0,normal
2026-01-03 23:55:00,payment-service,55.46,62.08,48.0,682.03,636.76,176.86,0.29,50.85,0,normal
2026-01-03 23:55:00,notification-service,24.37,44.44,30.85,333.57,392.2,107.42,0.24,25.66,0,normal
2026-01-03 23:55:00,database,55.86,66.29,44.46,1077.12,966.45,93.88,0.15,69.04,0,normal
2026-01-04 00:00:00,api-gateway,46.26,60.36,30.74,624.33,629.32,129.91,0.17,26.45,0,normal
2026-01-04 00:00:00,user-service,22.59,53.95,45.32,380.89,375.9,102.02,0.25,32.84,0,normal
2026-01-04 00:00:00,payment-service,39.64,58.27,38.08,408.27,502.77,166.85,0.14,43.81,0,normal
2026-01-04 00:00:00,notification-service,27.75,43.41,47.99,288.0,290.32,89.64,0.28,16.96,0,normal
2026-01-04 00:00:00,database,43.51,60.13,56.54,651.67,701.73,106.01,0.28,64.59,0,normal
2026-01-04 00:05:00,api-gateway,35.82,59.26,60.65,585.45,595.37,139.91,0.14,24.37,0,normal
2026-01-04 00:05:00,user-service,24.73,46.12,38.72,345.68,311.08,115.1,0.24,37.04,0,normal
2026-01-04 00:05:00,payment-service,43.1,56.69,51.88,406.26,465.7,168.04,0.14,51.36,0,normal
2026-01-04 00:05:00,notification-service,24.25,43.93,53.29,267.32,272.79,112.48,0.17,17.17,0,normal
2026-01-04 00:05:00,database,41.79,68.86,41.8,617.89,743.5,73.33,0.12,65.87,0,normal
2026-01-04 00:10:00,api-gateway,37.81,56.41,55.84,658.39,651.13,135.61,0.12,24.13,0,normal
2026-01-04 00:10:00,user-service,36.26,54.89,49.19,314.66,391.16,122.93,0.18,36.28,0,normal
2026-01-04 00:10:00,payment-service,43.41,56.47,55.0,450.36,471.78,168.23,0.2,43.86,0,normal
2026-01-04 00:10:00,notification-service,24.78,49.0,48.05,304.19,291.72,98.53,0.21,21.55,0,normal
2026-01-04 00:10:00,database,42.59,64.73,33.36,635.29,698.74,102.84,0.19,68.42,0,normal
2026-01-04 00:15:00,api-gateway,46.06,60.9,56.53,511.9,583.83,138.12,0.18,30.33,0,normal
2026-01-04 00:15:00,user-service,31.36,47.92,56.57,359.4,326.68,109.13,0.28,31.6,0,normal
2026-01-04 00:15:00,payment-service,36.9,60.55,35.89,490.94,462.95,170.11,0.24,47.02,0,normal
2026-01-04 00:15:00,notification-service,21.41,45.13,35.46,259.52,267.5,104.12,0.19,18.8,0,normal
2026-01-04 00:15:00,database,51.75,64.65,58.15,621.45,763.62,104.44,0.21,68.41,0,normal
2026-01-04 00:20:00,api-gateway,38.12,60.34,71.31,746.02,660.39,134.67,0.21,30.91,0,normal
2026-01-04 00:20:00,user-service,31.5,50.13,39.73,340.92,376.46,109.21,0.18,33.86,0,normal
2026-01-04 00:20:00,payment-service,39.18,58.03,45.31,602.47,562.13,165.12,0.22,47.85,0,normal
2026-01-04 00:20:00,notification-service,26.65,45.78,58.5,258.0,288.91,97.4,0.18,21.25,0,normal
2026-01-04 00:20:00,database,48.82,62.42,63.27,748.65,641.31,77.62,0.11,65.26,0,normal
2026-01-04 00:25:00,api-gateway,39.78,56.36,39.75,607.24,604.91,138.48,0.26,29.59,0,normal
2026-01-04 00:25:00,user-service,27.22,53.01,47.19,388.6,338.34,123.65,0.37,32.23,0,normal
2026-01-04 00:25:00,payment-service,45.65,62.73,39.05,494.83,445.57,159.71,0.19,43.18,0,normal
2026-01-04 00:25:00,notification-service,25.74,48.25,44.33,358.81,311.32,109.44,0.24,23.92,0,normal
2026-01-04 00:25:00,database,50.36,62.89,49.13,769.4,672.21,68.99,0.23,69.85,0,normal
2026-01-04 00:30:00,api-gateway,43.12,55.15,56.29,733.93,618.13,122.04,0.11,27.11,0,normal
2026-01-04 00:30:00,user-service,26.18,49.56,43.11,377.68,342.27,102.3,0.22,36.37,0,normal
2026-01-04 00:30:00,payment-service,43.08,56.76,48.57,470.28,427.9,149.55,0.18,47.72,0,normal
2026-01-04 00:30:00,notification-service,22.33,45.6,53.27,307.25,266.61,103.02,0.24,24.57,0,normal
2026-01-04 00:30:00,database,46.98,67.54,44.67,745.93,627.58,84.83,0.16,61.83,0,normal
2026-01-04 00:35:00,api-gateway,37.48,56.4,60.16,563.06,581.28,128.19,0.21,29.63,0,normal
2026-01-04 00:35:00,user-service,25.82,48.87,51.08,330.85,353.56,89.64,0.27,36.37,0,normal
2026-01-04 00:35:00,payment-service,42.9,53.86,51.16,526.8,501.18,157.16,0.21,42.98,0,normal
2026-01-04 00:35:00,notification-service,31.38,48.47,52.93,279.36,247.52,107.51,0.25,23.96,0,normal
2026-01-04 00:35:00,database,48.31,61.33,41.54,699.48,771.41,106.94,0.2,67.94,0,normal
2026-01-04 00:40:00,api-gateway,40.59,54.72,52.7,595.13,594.28,123.74,0.18,29.93,0,normal
2026-01-04 00:40:00,user-service,30.0,48.73,40.89,405.09,382.85,114.27,0.2,32.03,0,normal
2026-01-04 00:40:00,payment-service,46.1,61.29,67.33,417.42,500.98,146.06,0.13,54.05,0,normal
2026-01-04 00:40:00,notification-service,21.51,46.29,50.82,294.16,292.36,104.8,0.18,20.93,0,normal
2026-01-04 00:40:00,database,49.2,62.21,59.83,748.96,667.24,100.14,0.25,64.74,0,normal
2026-01-04 00:45:00,api-gateway,36.82,56.35,48.2,589.75,627.51,135.19,0.24,25.38,0,normal
2026-01-04 00:45:00,user-service,19.04,48.03,50.92,408.14,368.09,123.13,0.23,32.55,0,normal
2026-01-04 00:45:00,payment-service,33.3,63.8,46.92,453.38,533.03,168.38,0.19,46.09,0,normal
2026-01-04 00:45:00,notification-service,22.16,44.97,22.31,300.22,265.9,83.08,0.2,14.74,0,normal
2026-01-04 00:45:00,database,52.27,62.17,55.77,676.52,690.34,77.65,0.27,64.67,0,normal
2026-01-04 00:50:00,api-gateway,38.79,59.21,21.12,492.42,598.61,127.9,0.15,30.02,0,normal
2026-01-04 00:50:00,user-service,26.38,52.96,35.11,414.81,380.71,121.14,0.23,27.52,0,normal
2026-01-04 00:50:00,payment-service,38.39,61.76,58.72,497.22,473.39,154.29,0.27,43.22,0,normal
2026-01-04 00:50:00,notification-service,27.07,44.52,60.94,234.56,287.71,102.21,0.21,24.67,0,normal
2026-01-04 00:50:00,database,57.85,63.84,57.86,569.64,676.08,82.84,0.17,71.53,0,normal
2026-01-04 00:55:00,api-gateway,41.69,54.89,49.74,656.9,660.39,127.8,0.24,26.0,0,normal
2026-01-04 00:55:00,user-service,24.65,49.25,40.71,462.4,392.94,110.47,0.12,33.68,0,normal
2026-01-04 00:55:00,payment-service,42.6,56.76,55.79,433.42,430.78,165.63,0.24,41.23,0,normal
2026-01-04 00:55:00,notification-service,25.91,43.58,47.19,310.39,287.67,98.01,0.17,18.26,0,normal
2026-01-04 00:55:00,database,57.07,63.13,39.21,662.24,717.24,98.42,0.2,65.51,0,normal
2026-01-04 01:00:00,api-gateway,41.48,54.41,48.07,646.84,663.61,143.9,0.2,23.55,0,normal
2026-01-04 01:00:00,user-service,27.71,49.75,52.12,418.63,375.91,112.89,0.12,36.85,0,normal
2026-01-04 01:00:00,payment-service,49.66,60.88,57.87,556.31,498.91,178.6,0.18,45.65,0,normal
2026-01-04 01:00:00,notification-service,21.18,45.75,54.43,231.38,271.21,102.75,0.26,22.35,0,normal
2026-01-04 01:00:00,database,49.32,65.89,45.22,571.49,687.81,88.49,0.14,66.3,0,normal
2026-01-04 01:05:00,api-gateway,38.14,55.39,47.63,490.83,561.3,137.12,0.25,29.14,0,normal
2026-01-04 01:05:00,user-service,27.34,50.97,44.82,349.29,334.03,110.04,0.24,31.69,0,normal
2026-01-04 01:05:00,payment-service,49.91,57.42,48.95,399.0,443.37,156.6,0.23,48.19,0,normal
2026-01-04 01:05:00,notification-service,23.63,41.61,37.95,314.44,274.35,89.02,0.23,16.67,0,normal
2026-01-04 01:05:00,database,45.71,62.77,59.05,581.69,715.47,96.47,0.19,67.97,0,normal
2026-01-04 01:10:00,api-gateway,40.1,53.17,29.94,459.48,566.32,127.82,0.19,23.77,0,normal
2026-01-04 01:10:00,user-service,38.46,46.08,43.02,378.66,367.06,122.77,0.27,30.04,0,normal
2026-01-04 01:10:00,payment-service,48.31,61.39,70.69,589.83,494.79,159.63,0.16,47.63,0,normal
2026-01-04 01:10:00,notification-service,31.78,46.01,49.04,254.05,277.98,90.74,0.19,18.95,0,normal
2026-01-04 01:10:00,database,43.88,69.69,55.54,578.52,691.67,91.53,0.21,57.25,0,normal
2026-01-04 01:15:00,api-gateway,38.93,56.12,30.46,520.48,611.04,128.47,0.23,23.49,0,normal
2026-01-04 01:15:00,user-service,30.85,44.82,40.5,328.91,372.58,121.06,0.27,34.77,0,normal
2026-01-04 01:15:00,payment-service,43.65,64.06,41.72,583.04,488.02,157.56,0.16,49.35,0,normal
2026-01-04 01:15:00,notification-service,20.01,41.5,44.81,315.82,304.99,108.69,0.13,22.53,0,normal
2026-01-04 01:15:00,database,44.84,64.82,56.07,694.82,659.16,97.7,0.2,66.2,0,normal
2026-01-04 01:20:00,api-gateway,35.67,58.57,49.8,553.56,662.62,142.89,0.11,27.8,0,normal
2026-01-04 01:20:00,user-service,25.67,52.15,43.45,415.34,393.25,115.22,0.21,30.08,0,normal
2026-01-04 01:20:00,payment-service,49.1,62.28,45.94,385.77,463.6,169.58,0.15,47.92,0,normal
2026-01-04 01:20:00,notification-service,21.42,44.0,59.55,247.24,296.66,102.27,0.17,23.67,0,normal
2026-01-04 01:20:00,database,48.93,62.11,45.13,678.75,666.0,91.08,0.14,68.91,0,normal
2026-01-04 01:25:00,api-gateway,31.32,53.23,39.07,595.82,653.32,134.99,0.26,34.46,0,normal
2026-01-04 01:25:00,user-service,29.49,48.29,62.0,350.41,359.85,130.39,0.23,34.46,0,normal
2026-01-04 01:25:00,payment-service,41.72,62.66,31.67,426.68,454.34,164.14,0.15,48.53,0,normal
2026-01-04 01:25:00,notification-service,16.19,41.7,40.85,244.54,270.94,106.0,0.19,20.73,0,normal
2026-01-04 01:25:00,database,44.0,64.46,54.12,840.76,702.31,74.18,0.22,64.99,0,normal
2026-01-04 01:30:00,api-gateway,42.87,54.61,41.8,827.87,743.47,142.32,0.25,21.99,0,normal
2026-01-04 01:30:00,user-service,26.49,52.19,44.05,282.0,352.24,120.29,0.2,29.14,0,normal
2026-01-04 01:30:00,payment-service,53.33,60.7,51.51,449.43,433.1,166.75,0.16,45.17,0,normal
2026-01-04 01:30:00,notification-service,15.68,48.62,34.41,231.23,285.79,118.61,0.18,23.49,0,normal
2026-01-04 01:30:00,database,52.66,59.37,33.77,584.47,592.74,76.13,0.2,62.88,0,normal
2026-01-04 01:35:00,api-gateway,37.72,56.12,30.29,483.13,582.28,128.51,0.19,26.78,0,normal
2026-01-04 01:35:00,user-service,30.75,48.8,46.82,285.05,302.7,109.54,0.22,33.61,0,normal
2026-01-04 01:35:00,payment-service,39.63,61.49,39.73,417.47,450.92,178.54,0.21,48.22,0,normal
2026-01-04 01:35:00,notification-service,26.81,46.1,38.92,266.27,287.33,94.74,0.28,21.53,0,normal
2026-01-04 01:35:00,database,45.45,69.19,53.86,707.39,716.14,83.24,0.26,65.52,0,normal
2026-01-04 01:40:00,api-gateway,35.89,55.38,53.97,539.21,627.69,133.26,0.28,28.33,0,normal
2026-01-04 01:40:00,user-service,28.74,55.6,39.3,394.34,400.84,111.62,0.21,33.41,0,normal
2026-01-04 01:40:00,payment-service,40.91,58.35,59.27,382.02,464.34,164.91,0.07,49.43,0,normal
2026-01-04 01:40:00,notification-service,25.64,47.01,51.88,265.96,268.91,111.28,0.22,21.43,0,normal
2026-01-04 01:40:00,database,39.1,68.25,38.48,930.09,780.9,111.09,0.17,69.31,0,normal
2026-01-04 01:45:00,api-gateway,40.83,57.45,52.07,721.67,736.28,151.86,0.12,24.9,0,normal
2026-01-04 01:45:00,user-service,23.05,58.03,43.06,377.15,350.05,120.3,0.24,34.34,0,normal
2026-01-04 01:45:00,payment-service,35.65,60.41,31.69,481.03,485.38,159.35,0.18,45.99,0,normal
2026-01-04 01:45:00,notification-service,28.4,44.98,66.13,251.57,243.46,110.53,0.2,19.34,0,normal
2026-01-04 01:45:00,database,50.15,66.27,70.0,863.95,777.64,84.03,0.17,64.31,0,normal
2026-01-04 01:50:00,api-gateway,36.82,52.38,46.92,541.18,570.87,126.93,0.17,24.56,0,normal
2026-01-04 01:50:00,user-service,29.1,52.74,39.31,416.22,348.38,114.19,0.25,32.88,0,normal
2026-01-04 01:50:00,payment-service,49.09,59.31,43.33,564.46,497.36,157.2,0.17,46.34,0,normal
2026-01-04 01:50:00,notification-service,22.16,42.52,42.96,295.59,251.13,93.7,0.14,18.17,0,normal
2026-01-04 01:50:00,database,48.21,60.97,53.77,728.39,652.22,91.67,0.15,64.41,0,normal
2026-01-04 01:55:00,api-gateway,45.39,52.32,28.95,490.81,601.19,122.19,0.26,25.57,0,normal
2026-01-04 01:55:00,user-service,32.2,50.19,53.1,364.91,381.36,127.85,0.21,26.98,0,normal
2026-01-04 01:55:00,payment-service,48.75,57.45,63.6,454.35,501.27,144.33,0.26,41.67,0,normal
2026-01-04 01:55:00,notification-service,28.43,42.75,69.34,372.49,332.29,135.23,0.16,25.37,0,normal
2026-01-04 01:55:00,database,50.03,64.52,72.83,623.41,656.5,97.7,0.34,65.52,0,normal
2026-01-04 02:00:00,api-gateway,35.99,52.73,58.32,679.27,616.94,107.34,0.26,24.46,0,normal
2026-01-04 02:00:00,user-service,30.65,53.21,59.75,311.43,345.22,122.77,0.15,28.04,0,normal
2026-01-04 02:00:00,payment-service,39.16,61.43,49.7,460.48,547.96,147.88,0.23,46.93,0,normal
2026-01-04 02:00:00,notification-service,23.36,43.68,53.34,300.85,290.48,111.36,0.23,20.82,0,normal
2026-01-04 02:00:00,database,47.14,70.47,60.35,646.86,617.14,105.18,0.19,68.07,0,normal
2026-01-04 02:05:00,api-gateway,43.53,52.37,46.97,626.78,649.31,139.46,0.15,23.0,0,normal
2026-01-04 02:05:00,user-service,27.65,49.98,37.7,385.11,332.79,126.49,0.09,31.87,0,normal
2026-01-04 02:05:00,payment-service,39.6,60.51,48.96,670.08,586.51,182.28,0.15,44.1,0,normal
2026-01-04 02:05:00,notification-service,19.78,47.43,30.99,248.59,267.67,112.7,0.17,21.78,0,normal
2026-01-04 02:05:00,database,43.55,69.84,35.34,907.14,761.04,84.53,0.22,69.37,0,normal
2026-01-04 02:10:00,api-gateway,35.48,59.45,41.27,684.29,639.0,129.66,0.36,30.66,0,normal
2026-01-04 02:10:00,user-service,34.33,49.86,56.22,420.13,358.56,110.11,0.2,29.87,0,normal
2026-01-04 02:10:00,payment-service,44.85,58.19,62.45,590.99,506.86,161.79,0.23,48.91,0,normal
2026-01-04 02:10:00,notification-service,25.66,41.55,45.22,273.89,317.18,118.64,0.19,22.18,0,normal
2026-01-04 02:10:00,database,42.97,64.89,53.93,646.53,676.4,82.08,0.21,67.24,0,normal
2026-01-04 02:15:00,api-gateway,43.0,57.46,49.7,687.13,649.86,138.6,0.18,26.2,0,normal
2026-01-04 02:15:00,user-service,36.67,49.73,55.34,317.6,364.04,99.74,0.2,33.3,0,normal
2026-01-04 02:15:00,payment-service,39.65,55.41,61.38,525.85,513.19,159.67,0.11,47.31,0,normal
2026-01-04 02:15:00,notification-service,30.3,47.03,51.67,275.26,280.13,113.81,0.12,23.02,0,normal
2026-01-04 02:15:00,database,48.92,61.71,41.76,602.19,720.42,109.1,0.11,66.27,0,normal
2026-01-04 02:20:00,api-gateway,36.64,57.16,63.02,623.13,626.43,114.0,0.2,30.37,0,normal
2026-01-04 02:20:00,user-service,25.47,49.25,58.75,331.75,281.32,109.65,0.17,30.07,0,normal
2026-01-04 02:20:00,payment-service,47.93,62.0,49.45,555.34,510.43,165.62,0.17,47.58,0,normal
2026-01-04 02:20:00,notification-service,26.0,43.03,55.17,217.56,259.52,111.83,0.18,19.51,0,normal
2026-01-04 02:20:00,database,52.88,65.6,39.47,812.01,720.8,82.5,0.18,66.54,0,normal
2026-01-04 02:25:00,api-gateway,40.54,59.75,37.69,546.95,652.41,104.65,0.09,25.39,0,normal
2026-01-04 02:25:00,user-service,25.76,47.72,45.1,402.51,377.03,122.42,0.23,28.27,0,normal
2026-01-04 02:25:00,payment-service,43.28,59.8,36.87,487.17,504.35,167.87,0.23,44.69,0,normal
2026-01-04 02:25:00,notification-service,31.8,42.54,43.01,296.88,278.57,99.5,0.13,25.6,0,normal
2026-01-04 02:25:00,database,46.88,63.17,51.22,622.97,724.75,76.23,0.22,68.06,0,normal
2026-01-04 02:30:00,api-gateway,39.51,53.63,62.08,675.91,664.71,123.72,0.16,28.37,0,normal
2026-01-04 02:30:00,user-service,31.04,51.91,50.29,371.0,381.11,130.04,0.28,34.71,0,normal
2026-01-04 02:30:00,payment-service,46.96,58.83,53.4,431.18,435.52,153.61,0.28,47.41,0,normal
2026-01-04 02:30:00,notification-service,22.92,41.28,49.47,292.01,274.75,98.87,0.09,18.28,0,normal
2026-01-04 02:30:00,database,51.14,68.93,37.51,681.39,690.7,85.89,0.25,59.38,0,normal
2026-01-04 02:35:00,api-gateway,27.72,55.55,47.37,750.45,646.17,132.37,0.13,22.06,0,normal
2026-01-04 02:35:00,user-service,30.8,44.95,40.33,374.48,357.57,101.45,0.28,34.44,0,normal
2026-01-04 02:35:00,payment-service,44.48,53.62,45.55,570.96,499.06,158.38,0.22,47.93,0,normal
2026-01-04 02:35:00,notification-service,24.2,44.03,37.95,316.33,263.75,99.79,0.15,22.54,0,normal
2026-01-04 02:35:00,database,51.84,64.2,39.98,684.54,725.14,86.27,0.21,69.79,0,normal
2026-01-04 02:40:00,api-gateway,41.83,56.16,40.37,678.76,653.58,119.36,0.17,27.95,0,normal
2026-01-04 02:40:00,user-service,27.01,57.25,31.0,386.9,362.5,123.98,0.14,31.56,0,normal
2026-01-04 02:40:00,payment-service,41.88,62.71,41.5,398.37,420.17,182.73,0.26,49.93,0,normal
2026-01-04 02:40:00,notification-service,27.13,41.69,60.12,224.25,263.57,89.81,0.19,23.04,0,normal
2026-01-04 02:40:00,database,43.15,67.76,52.97,819.74,710.16,89.96,0.2,69.69,0,normal
2026-01-04 02:45:00,api-gateway,36.08,53.75,63.15,639.46,598.41,138.79,0.27,26.49,0,normal
2026-01-04 02:45:00,user-service,26.81,49.32,62.4,308.76,348.38,108.7,0.25,33.49,0,normal
2026-01-04 02:45:00,payment-service,43.04,56.55,48.64,549.38,475.57,165.71,0.26,46.64,0,normal
2026-01-04 02:45:00,notification-service,20.88,43.53,36.92,255.08,289.82,101.8,0.23,21.1,0,normal
2026-01-04 02:45:00,database,41.44,59.82,49.44,559.89,642.54,100.66,0.19,65.91,0,normal
2026-01-04 02:50:00,api-gateway,45.35,55.3,70.81,571.13,659.31,137.01,0.19,26.57,0,normal
2026-01-04 02:50:00,user-service,33.06,50.85,51.65,314.3,356.53,123.16,0.19,35.83,0,normal
2026-01-04 02:50:00,payment-service,44.43,63.8,23.44,568.77,487.48,174.65,0.3,49.22,0,normal
2026-01-04 02:50:00,notification-service,15.69,44.72,43.39,299.83,270.8,107.76,0.13,22.69,0,normal
2026-01-04 02:50:00,database,54.43,60.44,58.51,766.18,711.01,92.63,0.2,67.97,0,normal
2026-01-04 02:55:00,api-gateway,40.69,50.9,55.46,495.01,562.6,140.88,0.24,24.94,0,normal
2026-01-04 02:55:00,user-service,27.34,50.11,52.69,372.48,320.69,103.84,0.14,32.07,0,normal
2026-01-04 02:55:00,payment-service,43.91,56.34,40.37,630.24,550.96,164.18,0.15,49.89,0,normal
2026-01-04 02:55:00,notification-service,25.42,44.81,34.72,343.55,294.85,94.45,0.22,24.43,0,normal
2026-01-04 02:55:00,database,48.89,63.12,42.81,617.07,651.77,81.47,0.28,66.11,0,normal
2026-01-04 03:00:00,api-gateway,36.22,57.38,60.98,599.47,676.3,147.18,0.21,29.37,0,normal
2026-01-04 03:00:00,user-service,28.56,52.55,45.0,333.24,369.24,118.96,0.14,30.96,0,normal
2026-01-04 03:00:00,payment-service,45.04,66.34,37.21,555.96,525.93,156.4,0.26,45.96,0,normal
2026-01-04 03:00:00,notification-service,24.04,42.56,43.46,275.76,306.39,112.71,0.11,17.96,0,normal
2026-01-04 03:00:00,database,46.6,67.1,37.83,786.01,726.77,87.43,0.2,64.9,0,normal
2026-01-04 03:05:00,api-gateway,36.92,57.98,42.55,712.99,647.84,116.64,0.19,28.66,0,normal
2026-01-04 03:05:00,user-service,24.98,48.02,54.46,286.59,292.46,90.13,0.12,33.76,0,normal
2026-01-04 03:05:00,payment-service,46.46,61.55,47.97,529.52,451.77,169.17,0.19,43.32,0,normal
2026-01-04 03:05:00,notification-service,21.62,44.74,26.91,252.63,270.37,92.62,0.22,21.19,0,normal
2026-01-04 03:05:00,database,55.56,71.03,62.62,730.38,754.57,104.92,0.22,66.36,0,normal
2026-01-04 03:10:00,api-gateway,39.96,55.76,49.23,490.61,596.02,149.17,0.22,27.0,0,normal
2026-01-04 03:10:00,user-service,29.05,55.06,41.16,377.11,320.09,116.01,0.24,31.13,0,normal
2026-01-04 03:10:00,payment-service,45.4,60.45,54.75,437.54,440.57,163.83,0.25,43.14,0,normal
2026-01-04 03:10:00,notification-service,21.01,45.98,35.89,242.78,256.37,99.29,0.23,18.6,0,normal
2026-01-04 03:10:00,database,51.96,66.65,41.88,740.81,754.02,107.56,0.22,66.81,0,normal
2026-01-04 03:15:00,api-gateway,48.65,55.4,61.62,579.68,623.09,120.95,0.24,25.93,0,normal
2026-01-04 03:15:00,user-service,26.6,49.79,54.76,326.9,376.07,123.5,0.23,32.65,0,normal
2026-01-04 03:15:00,payment-service,40.5,65.18,26.92,431.46,478.83,181.23,0.16,43.41,0,normal
2026-01-04 03:15:00,notification-service,31.4,44.86,43.17,335.49,286.13,88.05,0.26,21.53,0,normal
2026-01-04 03:15:00,database,44.61,71.06,58.97,636.21,755.93,79.99,0.2,74.38,0,normal
2026-01-04 03:20:00,api-gateway,44.34,49.0,49.82,638.16,706.09,127.99,0.2,30.67,0,normal
2026-01-04 03:20:00,user-service,27.73,49.73,41.54,277.26,310.79,109.03,0.13,27.85,0,normal
2026-01-04 03:20:00,payment-service,48.08,57.28,54.71,536.96,460.53,177.42,0.22,45.13,0,normal
2026-01-04 03:20:00,notification-service,24.56,44.76,55.74,217.21,262.04,97.41,0.2,24.84,0,normal
2026-01-04 03:20:00,database,56.4,65.2,32.74,772.49,716.98,94.44,0.15,68.46,0,normal
2026-01-04 03:25:00,api-gateway,42.53,56.25,29.9,581.28,615.96,135.34,0.22,29.89,0,normal
2026-01-04 03:25:00,user-service,22.1,53.0,64.79,374.43,359.98,131.84,0.21,32.01,0,normal
2026-01-04 03:25:00,payment-service,46.71,58.53,48.43,392.29,450.58,158.78,0.19,48.52,0,normal
2026-01-04 03:25:00,notification-service,20.96,39.0,44.4,237.06,264.63,100.99,0.24,15.75,0,normal
2026-01-04 03:25:00,database,47.85,62.78,42.42,591.72,694.03,96.74,0.24,73.54,0,normal
2026-01-04 03:30:00,api-gateway,34.57,56.81,51.32,785.26,662.25,124.5,0.14,27.58,0,normal
2026-01-04 03:30:00,user-service,26.63,46.98,58.89,393.76,349.48,100.6,0.18,29.23,0,normal
2026-01-04 03:30:00,payment-service,40.21,64.42,57.29,634.89,535.58,167.05,0.15,48.85,0,normal
2026-01-04 03:30:00,notification-service,23.32,43.54,44.58,332.24,295.28,85.33,0.15,21.66,0,normal
2026-01-04 03:30:00,database,46.73,69.41,49.7,586.97,677.72,94.01,0.17,67.37,0,normal
2026-01-04 03:35:00,api-gateway,33.39,56.58,52.74,586.16,586.09,139.6,0.26,30.22,0,normal
2026-01-04 03:35:00,user-service,23.27,50.33,51.65,318.58,368.79,119.76,0.21,34.17,0,normal
2026-01-04 03:35:00,payment-service,38.13,60.57,43.49,454.89,490.18,151.37,0.17,46.47,0,normal
2026-01-04 03:35:00,notification-service,22.73,43.74,61.61,331.06,285.39,90.19,0.26,21.24,0,normal
2026-01-04 03:35:00,database,45.02,61.48,32.2,841.97,718.68,96.39,0.19,66.31,0,normal
2026-01-04 03:40:00,api-gateway,40.65,56.07,49.45,620.88,707.91,138.22,0.16,24.08,0,normal
2026-01-04 03:40:00,user-service,30.49,50.78,60.56,342.58,348.84,116.64,0.19,35.94,0,normal
2026-01-04 03:40:00,payment-service,41.88,56.46,54.66,426.0,457.04,162.5,0.24,49.8,0,normal
2026-01-04 03:40:00,notification-service,22.15,43.19,49.56,271.68,299.71,109.89,0.18,25.05,0,normal
2026-01-04 03:40:00,database,56.05,59.53,29.44,707.76,704.77,87.79,0.2,68.27,0,normal
2026-01-04 03:45:00,api-gateway,33.93,56.35,40.37,668.05,619.67,132.44,0.23,31.4,0,normal
2026-01-04 03:45:00,user-service,29.28,44.96,63.32,377.43,360.19,97.27,0.24,32.45,0,normal
2026-01-04 03:45:00,payment-service,39.6,56.84,38.79,500.02,458.86,156.22,0.23,46.05,0,normal
2026-01-04 03:45:00,notification-service,29.59,45.38,55.71,269.37,265.25,113.87,0.19,25.61,0,normal
2026-01-04 03:45:00,database,48.79,65.21,68.76,803.72,679.66,95.39,0.14,68.05,0,normal
2026-01-04 03:50:00,api-gateway,27.17,52.86,51.65,657.91,626.54,143.25,0.16,29.87,0,normal
2026-01-04 03:50:00,user-service,22.85,50.67,46.28,310.21,345.27,119.97,0.08,33.64,0,normal
2026-01-04 03:50:00,payment-service,49.18,61.83,53.51,431.24,514.85,158.64,0.22,48.96,0,normal
2026-01-04 03:50:00,notification-service,27.8,55.01,53.17,294.71,278.06,87.7,0.19,25.01,0,normal
2026-01-04 03:50:00,database,48.88,71.16,43.64,694.21,612.72,104.34,0.23,63.7,0,normal
2026-01-04 03:55:00,api-gateway,35.07,59.68,48.32,778.07,649.19,124.63,0.12,26.03,0,normal
2026-01-04 03:55:00,user-service,30.09,47.25,52.98,354.97,322.26,135.47,0.19,29.85,0,normal
2026-01-04 03:55:00,payment-service,45.03,60.99,74.71,449.95,437.22,165.73,0.15,44.92,0,normal
2026-01-04 03:55:00,notification-service,24.41,38.76,46.96,272.61,254.05,109.2,0.22,21.69,0,normal
2026-01-04 03:55:00,database,49.28,67.27,57.56,719.51,712.75,95.42,0.25,63.05,0,normal
2026-01-04 04:00:00,api-gateway,42.56,53.41,47.34,479.29,596.45,144.12,0.18,29.02,0,normal
2026-01-04 04:00:00,user-service,28.56,52.79,56.88,376.18,374.45,104.1,0.18,29.25,0,normal
2026-01-04 04:00:00,payment-service,46.72,57.75,39.11,450.2,460.09,150.12,0.23,49.76,0,normal
2026-01-04 04:00:00,notification-service,26.12,45.31,52.96,311.37,282.77,108.84,0.23,23.81,0,normal
2026-01-04 04:00:00,database,54.45,64.73,55.12,618.69,627.36,83.19,0.24,66.71,0,normal
2026-01-04 04:05:00,api-gateway,42.97,58.48,41.62,608.93,581.19,133.33,0.18,27.39,0,normal
2026-01-04 04:05:00,user-service,28.04,54.4,51.55,285.23,314.96,132.23,0.2,28.63,0,normal
2026-01-04 04:05:00,payment-service,39.51,63.47,36.15,447.95,515.14,143.32,0.22,47.6,0,normal
2026-01-04 04:05:00,notification-service,29.05,42.32,39.71,219.79,272.6,125.86,0.26,24.38,0,normal
2026-01-04 04:05:00,database,52.63,66.57,38.89,879.61,789.42,94.62,0.22,65.39,0,normal
2026-01-04 04:10:00,api-gateway,43.54,56.02,48.37,559.26,574.24,128.6,0.22,21.75,0,normal
2026-01-04 04:10:00,user-service,32.35,46.72,49.87,313.59,353.91,128.49,0.19,32.8,0,normal
2026-01-04 04:10:00,payment-service,44.94,56.96,43.85,434.1,517.56,155.08,0.17,49.25,0,normal
2026-01-04 04:10:00,notification-service,27.24,44.58,40.66,283.03,276.39,107.82,0.15,23.04,0,normal
2026-01-04 04:10:00,database,38.33,62.31,38.81,747.9,714.73,98.93,0.11,67.12,0,normal
2026-01-04 04:15:00,api-gateway,36.99,53.89,54.63,608.79,512.6,134.51,0.16,28.34,0,normal
2026-01-04 04:15:00,user-service,28.19,52.73,39.27,312.64,375.58,90.25,0.14,35.85,0,normal
2026-01-04 04:15:00,payment-service,43.4,58.98,47.18,491.24,465.34,155.03,0.23,48.64,0,normal
2026-01-04 04:15:00,notification-service,33.6,46.95,52.15,267.39,314.09,109.36,0.3,19.2,0,normal
2026-01-04 04:15:00,database,49.87,70.28,57.08,559.16,685.55,108.7,0.22,62.31,0,normal
2026-01-04 04:20:00,api-gateway,40.89,55.32,42.43,770.23,699.98,142.15,0.25,29.76,0,normal
2026-01-04 04:20:00,user-service,25.95,47.61,52.04,298.98,337.99,125.36,0.25,33.53,0,normal
2026-01-04 04:20:00,payment-service,38.72,60.46,50.27,421.15,515.57,177.45,0.24,45.59,0,normal
2026-01-04 04:20:00,notification-service,22.85,44.85,55.73,227.14,266.51,97.91,0.25,17.64,0,normal
2026-01-04 04:20:00,database,44.42,64.24,55.7,597.96,726.57,74.8,0.21,66.78,0,normal
2026-01-04 04:25:00,api-gateway,39.34,52.94,48.72,608.68,636.93,127.31,0.18,26.21,0,normal
2026-01-04 04:25:00,user-service,29.2,51.34,55.02,362.86,360.48,118.84,0.19,31.67,0,normal
2026-01-04 04:25:00,payment-service,43.94,57.03,55.76,686.71,575.61,163.93,0.22,44.84,0,normal
2026-01-04 04:25:00,notification-service,22.04,39.65,41.05,332.62,283.11,118.41,0.19,24.6,0,normal
2026-01-04 04:25:00,database,53.61,67.51,40.05,769.37,704.25,90.41,0.15,72.62,0,normal
2026-01-04 04:30:00,api-gateway,46.24,58.57,36.54,695.34,684.87,141.84,0.21,26.27,0,normal
2026-01-04 04:30:00,user-service,27.77,48.41,58.22,369.11,330.47,119.05,0.27,32.27,0,normal
2026-01-04 04:30:00,payment-service,38.32,56.76,53.38,490.08,504.49,156.17,0.14,48.28,0,normal
2026-01-04 04:30:00,notification-service,29.89,42.0,31.39,278.94,285.29,97.13,0.22,24.57,0,normal
2026-01-04 04:30:00,database,56.53,64.42,55.01,595.29,702.05,96.87,0.28,69.69,0,normal
2026-01-04 04:35:00,api-gateway,50.29,56.34,64.95,724.69,630.11,133.38,0.19,25.99,0,normal
2026-01-04 04:35:00,user-service,31.71,51.83,71.32,333.82,381.09,125.03,0.25,35.12,0,normal
2026-01-04 04:35:00,payment-service,41.89,62.76,62.23,561.35,546.59,149.27,0.22,48.51,0,normal
2026-01-04 04:35:00,notification-service,23.8,41.81,57.54,252.83,250.98,85.27,0.23,20.96,0,normal
2026-01-04 04:35:00,database,46.33,60.82,40.76,817.88,707.7,108.64,0.25,64.56,0,normal
2026-01-04 04:40:00,api-gateway,37.45,50.89,57.32,567.44,591.18,146.78,0.23,33.16,0,normal
2026-01-04 04:40:00,user-service,31.76,48.97,45.1,339.51,346.03,115.01,0.21,28.4,0,normal
2026-01-04 04:40:00,payment-service,47.55,59.21,38.67,365.87,442.21,167.26,0.21,47.84,0,normal
2026-01-04 04:40:00,notification-service,24.94,46.49,57.8,262.04,273.36,95.38,0.2,20.79,0,normal
2026-01-04 04:40:00,database,49.73,68.05,53.82,757.05,653.93,79.01,0.21,73.6,0,normal
2026-01-04 04:45:00,api-gateway,45.19,54.68,41.6,611.63,565.21,154.89,0.26,25.73,0,normal
2026-01-04 04:45:00,user-service,28.37,53.7,41.45,312.52,329.43,100.89,0.17,34.98,0,normal
2026-01-04 04:45:00,payment-service,46.08,59.74,64.34,508.14,488.88,183.58,0.22,49.72,0,normal
2026-01-04 04:45:00,notification-service,25.87,48.69,56.63,293.81,294.76,82.61,0.11,20.93,0,normal
2026-01-04 04:45:00,database,46.87,65.16,32.22,649.27,662.86,80.97,0.13,68.15,0,normal
2026-01-04 04:50:00,api-gateway,37.3,60.8,62.77,736.39,654.55,122.1,0.28,31.7,0,normal
2026-01-04 04:50:00,user-service,36.31,46.66,61.82,307.14,355.87,123.63,0.27,31.98,0,normal
2026-01-04 04:50:00,payment-service,39.8,58.63,55.67,462.3,411.98,165.34,0.2,48.49,0,normal
2026-01-04 04:50:00,notification-service,25.54,42.75,51.75,226.66,276.79,85.05,0.18,23.98,0,normal
2026-01-04 04:50:00,database,46.86,65.3,50.06,725.37,643.72,93.36,0.26,70.16,0,normal
2026-01-04 04:55:00,api-gateway,34.23,57.02,48.15,712.33,619.75,124.89,0.18,24.88,0,normal
2026-01-04 04:55:00,user-service,31.49,52.2,54.05,295.37,354.84,125.71,0.13,36.54,0,normal
2026-01-04 04:55:00,payment-service,34.73,57.47,40.35,500.03,505.37,164.53,0.27,52.19,0,normal
2026-01-04 04:55:00,notification-service,22.78,44.41,35.93,247.16,289.79,102.41,0.23,28.9,0,normal
2026-01-04 04:55:00,database,60.31,63.98,45.25,644.87,687.78,83.64,0.21,64.75,0,normal
2026-01-04 05:00:00,api-gateway,37.1,47.75,41.1,600.32,630.37,146.23,0.18,27.88,0,normal
2026-01-04 05:00:00,user-service,30.88,48.09,47.61,382.55,389.98,107.82,0.24,33.36,0,normal
2026-01-04 05:00:00,payment-service,38.5,60.34,40.79,586.25,529.53,150.79,0.22,50.22,0,normal
2026-01-04 05:00:00,notification-service,23.79,47.85,62.56,254.61,310.68,96.12,0.18,18.24,0,normal
2026-01-04 05:00:00,database,53.52,63.82,45.24,778.94,771.23,107.69,0.16,68.04,0,normal
2026-01-04 05:05:00,api-gateway,34.92,60.04,44.68,581.73,691.8,132.02,0.14,32.66,0,normal
2026-01-04 05:05:00,user-service,35.17,48.53,55.46,299.41,345.59,119.79,0.22,29.67,0,normal
2026-01-04 05:05:00,payment-service,49.45,58.21,58.4,555.82,527.95,169.31,0.21,46.9,0,normal
2026-01-04 05:05:00,notification-service,27.2,42.17,50.65,238.77,254.76,99.25,0.22,21.93,0,normal
2026-01-04 05:05:00,database,46.89,68.19,55.05,580.14,669.94,83.05,0.11,68.04,0,normal
2026-01-04 05:10:00,api-gateway,44.23,57.62,57.01,731.15,698.43,135.85,0.26,28.32,0,normal
2026-01-04 05:10:00,user-service,27.1,50.74,66.66,340.84,350.45,104.26,0.16,34.73,0,normal
2026-01-04 05:10:00,payment-service,42.37,63.59,39.76,497.65,456.7,160.24,0.22,47.29,0,normal
2026-01-04 05:10:00,notification-service,25.68,44.74,31.13,264.91,309.2,103.33,0.24,23.0,0,normal
2026-01-04 05:10:00,database,50.65,65.81,49.37,808.79,812.72,89.59,0.21,69.9,0,normal
2026-01-04 05:15:00,api-gateway,39.28,49.55,41.47,605.27,652.27,138.91,0.22,24.55,0,normal
2026-01-04 05:15:00,user-service,26.5,54.59,66.48,295.45,333.06,119.0,0.27,25.56,0,normal
2026-01-04 05:15:00,payment-service,39.73,61.86,34.48,449.56,544.4,148.45,0.25,47.56,0,normal
2026-01-04 05:15:00,notification-service,22.05,44.13,53.36,217.14,271.1,118.55,0.18,28.27,0,normal
2026-01-04 05:15:00,database,48.9,64.85,32.2,649.0,657.94,97.41,0.1,69.48,0,normal
2026-01-04 05:20:00,api-gateway,37.53,53.06,42.92,646.35,663.07,162.05,0.2,29.56,0,normal
2026-01-04 05:20:00,user-service,26.2,49.59,55.02,294.11,361.14,97.28,0.13,29.66,0,normal
2026-01-04 05:20:00,payment-service,41.93,63.04,31.65,532.55,480.27,159.13,0.22,48.17,0,normal
2026-01-04 05:20:00,notification-service,24.54,48.29,47.74,324.63,278.69,99.11,0.15,22.69,0,normal
2026-01-04 05:20:00,database,45.51,67.68,62.42,798.96,759.99,99.88,0.13,66.5,0,normal
2026-01-04 05:25:00,api-gateway,39.38,52.29,53.85,775.91,652.52,133.98,0.17,24.35,0,normal
2026-01-04 05:25:00,user-service,23.79,47.93,55.28,261.13,316.56,103.31,0.29,26.28,0,normal
2026-01-04 05:25:00,payment-service,41.93,62.31,53.27,563.99,471.67,139.53,0.27,46.49,0,normal
2026-01-04 05:25:00,notification-service,16.65,43.76,56.28,344.18,290.2,116.94,0.19,17.35,0,normal
2026-01-04 05:25:00,database,56.48,67.16,41.87,585.13,723.21,115.78,0.26,64.07,0,normal
2026-01-04 05:30:00,api-gateway,41.47,57.38,35.48,738.74,638.53,139.75,0.19,24.66,0,normal
2026-01-04 05:30:00,user-service,23.71,50.61,43.69,342.58,342.54,106.95,0.24,28.16,0,normal
2026-01-04 05:30:00,payment-service,39.48,58.2,35.54,524.78,456.64,166.42,0.2,50.19,0,normal
2026-01-04 05:30:00,notification-service,26.34,45.28,53.07,260.58,255.34,99.47,0.16,25.12,0,normal
2026-01-04 05:30:00,database,45.07,64.0,59.88,660.56,655.07,84.28,0.18,73.99,0,normal
2026-01-04 05:35:00,api-gateway,33.53,57.55,51.15,571.67,600.32,137.95,0.19,30.16,0,normal
2026-01-04 05:35:00,user-service,27.71,52.61,62.93,355.52,344.06,111.44,0.23,26.12,0,normal
2026-01-04 05:35:00,payment-service,38.78,61.46,57.05,408.99,431.69,167.65,0.14,45.57,0,normal
2026-01-04 05:35:00,notification-service,29.86,46.12,37.74,333.56,280.12,114.19,0.2,20.95,0,normal
2026-01-04 05:35:00,database,46.19,60.13,61.38,718.46,695.16,96.41,0.3,62.55,0,normal
2026-01-04 05:40:00,api-gateway,38.91,54.63,52.97,587.04,693.87,137.77,0.15,27.08,0,normal
2026-01-04 05:40:00,user-service,26.83,50.19,40.79,272.17,310.85,101.6,0.31,28.62,0,normal
2026-01-04 05:40:00,payment-service,46.24,60.03,54.0,464.91,470.49,161.46,0.17,47.76,0,normal
2026-01-04 05:40:00,notification-service,18.78,45.83,35.77,269.38,271.61,107.28,0.17,18.8,0,normal
2026-01-04 05:40:00,database,46.46,64.69,74.65,688.06,734.76,101.46,0.18,66.25,0,normal
2026-01-04 05:45:00,api-gateway,36.36,49.6,51.99,589.27,533.08,126.41,0.22,26.67,0,normal
2026-01-04 05:45:00,user-service,28.95,50.76,53.12,382.48,365.08,127.48,0.16,33.62,0,normal
2026-01-04 05:45:00,payment-service,44.63,61.63,60.04,575.27,574.65,173.92,0.21,44.2,0,normal
2026-01-04 05:45:00,notification-service,28.96,45.2,49.5,352.82,297.11,103.54,0.19,24.32,0,normal
2026-01-04 05:45:00,database,53.45,61.54,48.58,639.56,723.16,73.74,0.25,68.5,0,normal
2026-01-04 05:50:00,api-gateway,36.23,56.63,43.17,673.99,673.38,146.32,0.16,29.74,0,normal
2026-01-04 05:50:00,user-service,26.14,51.8,43.03,361.61,360.88,104.06,0.15,31.91,0,normal
2026-01-04 05:50:00,payment-service,39.96,62.82,45.46,416.85,478.5,155.08,0.21,45.12,0,normal
2026-01-04 05:50:00,notification-service,24.3,50.86,51.3,267.98,327.19,103.98,0.28,25.58,0,normal
2026-01-04 05:50:00,database,51.05,64.78,53.8,692.48,761.59,100.89,0.18,69.68,0,normal
2026-01-04 05:55:00,api-gateway,32.75,56.18,57.64,548.69,677.19,146.43,0.18,29.71,0,normal
2026-01-04 05:55:00,user-service,29.13,48.89,51.98,402.94,379.1,101.48,0.26,30.5,0,normal
2026-01-04 05:55:00,payment-service,48.34,62.34,44.83,505.83,486.51,171.59,0.24,41.19,0,normal
2026-01-04 05:55:00,notification-service,23.02,44.5,29.79,260.93,287.62,131.31,0.23,22.44,0,normal
2026-01-04 05:55:00,database,44.88,65.62,35.1,728.48,658.63,84.69,0.22,69.82,0,normal
2026-01-04 06:00:00,api-gateway,42.1,57.49,58.51,555.67,589.03,129.28,0.25,29.42,0,normal
2026-01-04 06:00:00,user-service,22.68,47.8,46.53,363.14,333.16,111.24,0.2,28.69,0,normal
2026-01-04 06:00:00,payment-service,36.73,66.68,52.46,478.69,488.29,150.79,0.23,44.86,0,normal
2026-01-04 06:00:00,notification-service,24.67,46.09,39.71,256.98,312.86,108.85,0.15,24.02,0,normal
2026-01-04 06:00:00,database,47.48,63.7,56.75,825.17,707.15,103.99,0.15,62.48,0,normal
2026-01-04 06:05:00,api-gateway,40.94,58.5,40.45,732.17,626.72,134.42,0.23,30.45,0,normal
2026-01-04 06:05:00,user-service,27.9,48.32,41.29,301.64,338.29,100.28,0.22,27.38,0,normal
2026-01-04 06:05:00,payment-service,50.05,56.46,47.02,517.52,510.15,171.34,0.13,47.15,0,normal
2026-01-04 06:05:00,notification-service,23.01,41.07,43.19,333.68,308.98,100.33,0.24,22.11,0,normal
2026-01-04 06:05:00,database,48.78,60.8,68.93,917.84,831.02,87.68,0.27,66.81,0,normal
2026-01-04 06:10:00,api-gateway,40.69,53.22,56.12,610.86,615.71,146.2,0.22,29.89,0,normal
2026-01-04 06:10:00,user-service,31.67,52.95,65.65,307.65,313.07,104.93,0.24,34.16,0,normal
2026-01-04 06:10:00,payment-service,39.61,60.13,59.02,482.21,436.82,162.93,0.23,44.62,0,normal
2026-01-04 06:10:00,notification-service,23.99,44.89,64.03,278.59,279.64,113.4,0.14,21.53,0,normal
2026-01-04 06:10:00,database,52.62,60.69,43.14,705.03,671.41,100.39,0.2,65.38,0,normal
2026-01-04 06:15:00,api-gateway,37.35,55.65,58.04,550.89,578.9,141.1,0.26,28.01,0,normal
2026-01-04 06:15:00,user-service,30.52,49.14,38.39,310.71,382.21,103.05,0.28,33.33,0,normal
2026-01-04 06:15:00,payment-service,41.15,56.54,51.62,567.12,525.63,172.37,0.19,45.59,0,normal
2026-01-04 06:15:00,notification-service,24.25,43.91,51.59,248.78,257.93,105.01,0.19,20.48,0,normal
2026-01-04 06:15:00,database,46.94,66.75,52.83,759.17,717.61,96.27,0.27,68.44,0,normal
2026-01-04 06:20:00,api-gateway,36.12,54.52,49.11,718.37,602.07,132.85,0.16,29.9,0,normal
2026-01-04 06:20:00,user-service,28.71,46.75,47.49,390.12,376.87,96.45,0.24,35.2,0,normal
2026-01-04 06:20:00,payment-service,48.57,64.36,42.99,440.28,516.8,166.21,0.27,47.19,0,normal
2026-01-04 06:20:00,notification-service,23.73,44.87,61.97,274.08,256.43,92.09,0.16,21.61,0,normal
2026-01-04 06:20:00,database,47.66,65.69,56.91,800.7,693.03,103.13,0.19,67.73,0,normal
2026-01-04 06:25:00,api-gateway,35.96,57.88,46.25,576.82,667.94,146.33,0.18,28.27,0,normal
2026-01-04 06:25:00,user-service,30.59,51.4,42.58,392.53,359.37,106.45,0.24,27.93,0,normal
2026-01-04 06:25:00,payment-service,39.37,57.17,52.74,493.85,461.6,161.43,0.19,51.5,0,normal
2026-01-04 06:25:00,notification-service,19.44,46.27,62.68,217.02,258.29,107.98,0.19,20.04,0,normal
2026-01-04 06:25:00,database,51.93,65.97,46.09,742.73,665.28,96.02,0.21,65.93,0,normal
2026-01-04 06:30:00,api-gateway,37.96,48.76,35.73,607.81,567.05,141.61,0.09,32.44,0,normal
2026-01-04 06:30:00,user-service,39.94,45.79,52.32,375.69,354.18,118.1,0.09,26.94,0,normal
2026-01-04 06:30:00,payment-service,46.37,57.94,58.02,437.36,489.58,171.79,0.26,49.1,0,normal
2026-01-04 06:30:00,notification-service,21.2,44.34,38.63,303.83,285.7,111.66,0.11,23.6,0,normal
2026-01-04 06:30:00,database,47.27,65.94,57.86,559.05,689.48,71.13,0.19,62.51,0,normal
2026-01-04 06:35:00,api-gateway,43.13,59.48,56.06,574.56,633.39,136.21,0.27,28.91,0,normal
2026-01-04 06:35:00,user-service,39.02,47.61,53.86,323.65,362.7,113.34,0.15,29.16,0,normal
2026-01-04 06:35:00,payment-service,46.76,61.02,53.4,429.85,497.19,167.62,0.18,45.89,0,normal
2026-01-04 06:35:00,notification-service,21.2,44.83,65.57,219.7,260.58,105.0,0.23,23.65,0,normal
2026-01-04 06:35:00,database,50.64,64.73,61.03,685.63,651.37,89.14,0.23,63.13,0,normal
2026-01-04 06:40:00,api-gateway,40.17,55.12,68.24,757.31,648.6,131.24,0.19,25.89,0,normal
2026-01-04 06:40:00,user-service,33.04,51.02,36.62,306.15,323.95,110.29,0.23,30.43,0,normal
2026-01-04 06:40:00,payment-service,43.61,57.36,49.46,625.07,529.59,173.06,0.15,44.12,0,normal
2026-01-04 06:40:00,notification-service,21.88,46.74,36.75,368.97,310.36,105.84,0.16,27.24,0,normal
2026-01-04 06:40:00,database,48.47,58.15,48.23,792.81,790.32,91.73,0.22,69.27,0,normal
2026-01-04 06:45:00,api-gateway,43.21,52.96,58.34,576.36,614.6,135.65,0.13,26.06,0,normal
2026-01-04 06:45:00,user-service,26.06,47.52,49.97,370.08,335.65,127.88,0.3,32.16,0,normal
2026-01-04 06:45:00,payment-service,47.93,55.98,34.09,495.86,448.98,159.16,0.14,45.51,0,normal
2026-01-04 06:45:00,notification-service,23.68,43.48,45.25,308.68,263.45,125.32,0.17,24.77,0,normal
2026-01-04 06:45:00,database,48.78,65.1,50.59,598.11,599.03,74.53,0.28,68.15,0,normal
2026-01-04 06:50:00,api-gateway,35.9,54.94,37.97,741.78,632.44,133.41,0.18,33.6,0,normal
2026-01-04 06:50:00,user-service,23.66,53.29,52.63,313.17,350.54,118.03,0.13,29.25,0,normal
2026-01-04 06:50:00,payment-service,46.65,57.34,35.66,482.22,425.11,171.06,0.29,44.6,0,normal
2026-01-04 06:50:00,notification-service,24.21,44.63,41.23,302.25,300.46,109.69,0.17,25.66,0,normal
2026-01-04 06:50:00,database,47.62,69.44,52.14,668.8,777.91,94.88,0.16,70.73,0,normal
2026-01-04 06:55:00,api-gateway,38.32,48.27,61.45,602.38,636.48,117.51,0.12,26.28,0,normal
2026-01-04 06:55:00,user-service,25.43,53.66,42.37,414.2,355.22,121.56,0.22,32.7,0,normal
2026-01-04 06:55:00,payment-service,46.56,61.98,50.83,435.51,463.31,153.52,0.2,49.37,0,normal
2026-01-04 06:55:00,notification-service,16.15,38.39,57.87,329.7,295.37,84.72,0.27,15.96,0,normal
2026-01-04 06:55:00,database,57.67,64.09,49.73,681.52,640.07,85.83,0.19,66.57,0,normal
2026-01-04 07:00:00,api-gateway,45.09,57.81,55.29,805.78,851.35,139.91,0.26,28.38,0,normal
2026-01-04 07:00:00,user-service,31.68,54.48,45.34,428.35,497.16,125.29,0.34,33.39,0,normal
2026-01-04 07:00:00,payment-service,49.09,64.62,58.15,554.74,690.28,170.53,0.24,47.12,0,normal
2026-01-04 07:00:00,notification-service,30.86,42.59,54.95,397.37,379.98,88.76,0.23,23.32,0,normal
2026-01-04 07:00:00,database,47.68,63.79,67.23,824.32,983.04,101.55,0.17,72.84,0,normal
2026-01-04 07:05:00,api-gateway,43.9,55.57,53.74,676.69,841.55,135.84,0.25,31.81,0,normal
2026-01-04 07:05:00,user-service,34.02,54.59,51.88,474.65,510.64,112.14,0.16,36.46,0,normal
2026-01-04 07:05:00,payment-service,44.97,59.61,38.09,598.81,687.07,154.86,0.28,53.3,0,normal
2026-01-04 07:05:00,notification-service,32.65,41.92,54.26,434.67,409.02,112.6,0.25,23.38,0,normal
2026-01-04 07:05:00,database,53.3,68.46,48.92,1056.04,967.17,116.18,0.18,65.69,0,normal
2026-01-04 07:10:00,api-gateway,52.5,51.8,55.56,942.45,854.3,127.25,0.25,32.13,0,normal
2026-01-04 07:10:00,user-service,33.29,49.2,54.82,522.45,516.9,117.22,0.09,36.01,0,normal
2026-01-04 07:10:00,payment-service,53.26,58.86,45.98,589.13,731.19,172.06,0.1,50.78,0,normal
2026-01-04 07:10:00,notification-service,25.19,43.36,62.14,407.14,392.74,118.41,0.22,27.88,0,normal
2026-01-04 07:10:00,database,50.26,66.03,64.16,1077.66,1087.02,94.56,0.23,80.71,0,normal
2026-01-04 07:15:00,api-gateway,38.21,53.26,56.96,736.55,919.59,138.13,0.16,29.39,0,normal
2026-01-04 07:15:00,user-service,34.05,48.54,52.24,395.88,434.32,131.18,0.19,35.46,0,normal
2026-01-04 07:15:00,payment-service,48.74,63.25,58.9,544.16,640.95,161.06,0.26,48.38,0,normal
2026-01-04 07:15:00,notification-service,30.12,41.39,49.59,439.09,405.76,99.73,0.19,22.9,0,normal
2026-01-04 07:15:00,database,61.86,64.73,52.62,1076.77,992.0,107.67,0.19,75.41,0,normal
2026-01-04 07:20:00,api-gateway,45.67,49.58,48.41,1079.06,932.61,141.58,0.17,26.44,0,normal
2026-01-04 07:20:00,user-service,32.56,47.34,48.73,553.34,462.32,114.32,0.16,37.0,0,normal
2026-01-04 07:20:00,payment-service,52.98,57.2,50.3,565.08,696.09,167.71,0.26,49.73,0,normal
2026-01-04 07:20:00,notification-service,37.28,44.79,40.0,479.99,405.76,109.6,0.22,24.01,0,normal
2026-01-04 07:20:00,database,58.78,68.72,54.09,1280.1,1073.98,81.16,0.21,75.48,0,normal
2026-01-04 07:25:00,api-gateway,44.69,55.2,55.59,1025.21,940.32,150.17,0.19,30.5,0,normal
2026-01-04 07:25:00,user-service,34.06,48.84,54.59,437.22,475.36,119.05,0.27,34.21,0,normal
2026-01-04 07:25:00,payment-service,51.94,55.74,48.55,793.91,669.98,167.02,0.22,48.92,0,normal
2026-01-04 07:25:00,notification-service,33.39,44.26,45.31,364.62,409.71,128.3,0.22,31.89,0,normal
2026-01-04 07:25:00,database,54.65,65.74,47.34,895.06,1013.45,94.86,0.17,65.32,0,normal
2026-01-04 07:30:00,api-gateway,47.5,52.75,46.47,950.22,844.54,141.53,0.26,31.63,0,normal
2026-01-04 07:30:00,user-service,41.2,51.63,37.94,570.1,507.77,109.87,0.25,40.61,0,normal
2026-01-04 07:30:00,payment-service,48.1,62.37,45.11,593.32,695.62,150.08,0.2,52.31,0,normal
2026-01-04 07:30:00,notification-service,30.45,48.38,50.68,346.13,410.05,91.58,0.27,24.48,0,normal
2026-01-04 07:30:00,database,50.66,66.37,63.09,1113.21,930.4,104.18,0.15,74.32,0,normal
2026-01-04 07:35:00,api-gateway,46.14,55.06,54.28,823.31,812.8,132.78,0.18,30.06,0,normal
2026-01-04 07:35:00,user-service,36.0,51.09,65.9,532.66,521.63,118.07,0.23,34.45,0,normal
2026-01-04 07:35:00,payment-service,52.59,56.71,47.92,539.28,651.22,155.8,0.25,49.1,0,normal
2026-01-04 07:35:00,notification-service,29.36,41.24,52.09,350.28,384.2,108.84,0.18,24.79,0,normal
2026-01-04 07:35:00,database,58.6,60.12,39.01,765.86,919.29,75.43,0.22,71.75,0,normal
2026-01-04 07:40:00,api-gateway,46.13,57.0,47.43,954.22,872.62,127.15,0.11,30.51,0,normal
2026-01-04 07:40:00,user-service,33.9,48.47,72.1,427.9,491.91,136.92,0.24,37.58,0,normal
2026-01-04 07:40:00,payment-service,53.7,59.96,66.77,658.57,683.62,170.06,0.19,51.25,0,normal
2026-01-04 07:40:00,notification-service,23.84,43.87,51.29,384.57,410.19,114.55,0.22,25.65,0,normal
2026-01-04 07:40:00,database,46.01,61.07,49.96,1101.27,995.6,109.66,0.21,69.22,0,normal
2026-01-04 07:45:00,api-gateway,46.31,52.38,43.99,745.38,862.86,156.78,0.29,30.24,0,normal
2026-01-04 07:45:00,user-service,34.5,49.98,53.18,578.04,504.45,113.95,0.16,37.8,0,normal
2026-01-04 07:45:00,payment-service,50.72,58.32,53.99,675.31,726.46,161.49,0.19,52.18,0,normal
2026-01-04 07:45:00,notification-service,29.99,42.82,47.35,401.92,375.31,120.76,0.2,22.65,0,normal
2026-01-04 07:45:00,database,56.88,62.86,48.67,799.74,929.81,92.83,0.19,71.35,0,normal
2026-01-04 07:50:00,api-gateway,51.17,56.16,45.81,1055.41,920.34,150.24,0.25,28.65,0,normal
2026-01-04 07:50:00,user-service,29.7,47.02,52.58,599.06,506.0,131.18,0.12,41.02,0,normal
2026-01-04 07:50:00,payment-service,49.49,63.72,36.46,621.4,687.56,170.31,0.29,49.81,0,normal
2026-01-04 07:50:00,notification-service,25.1,45.69,63.84,353.19,384.22,112.55,0.18,26.5,0,normal
2026-01-04 07:50:00,database,54.13,61.71,49.97,796.61,965.5,103.83,0.23,67.57,0,normal
2026-01-04 07:55:00,api-gateway,45.96,52.8,57.15,787.92,856.21,127.32,0.22,31.01,0,normal
2026-01-04 07:55:00,user-service,31.74,47.94,39.59,619.69,520.57,125.39,0.17,31.88,0,normal
2026-01-04 07:55:00,payment-service,53.19,62.14,43.84,544.97,664.71,169.8,0.16,47.46,0,normal
2026-01-04 07:55:00,notification-service,33.87,45.77,54.97,377.54,405.16,106.47,0.25,22.68,0,normal
2026-01-04 07:55:00,database,49.66,64.99,46.77,1079.03,975.34,90.76,0.23,69.18,0,normal
2026-01-04 08:00:00,api-gateway,46.63,50.57,52.01,909.7,850.31,160.82,0.25,27.91,0,normal
2026-01-04 08:00:00,user-service,38.53,50.32,61.16,598.06,506.04,116.85,0.14,30.9,0,normal
2026-01-04 08:00:00,payment-service,50.97,60.29,46.81,745.55,714.39,172.07,0.14,53.75,0,normal
2026-01-04 08:00:00,notification-service,24.6,43.02,62.94,383.54,406.76,126.87,0.2,29.29,0,normal
2026-01-04 08:00:00,database,50.65,59.63,52.63,1185.9,1010.59,104.83,0.3,66.36,0,normal
2026-01-04 08:05:00,api-gateway,49.03,55.14,33.22,1127.27,960.82,168.64,0.14,33.57,0,normal
2026-01-04 08:05:00,user-service,33.8,50.85,74.85,552.67,489.77,131.73,0.11,33.19,0,normal
2026-01-04 08:05:00,payment-service,56.47,57.1,37.31,750.97,723.51,173.58,0.16,51.18,0,normal
2026-01-04 08:05:00,notification-service,31.19,45.8,49.97,355.24,404.49,110.69,0.19,28.67,0,normal
2026-01-04 08:05:00,database,59.63,64.62,43.7,1005.26,1015.78,95.59,0.2,73.06,0,normal
2026-01-04 08:10:00,api-gateway,39.65,52.97,45.08,759.11,940.55,155.39,0.22,26.99,0,normal
2026-01-04 08:10:00,user-service,30.65,50.78,47.85,611.5,510.25,116.21,0.17,39.41,0,normal
2026-01-04 08:10:00,payment-service,43.58,61.11,57.56,712.19,663.32,167.22,0.23,50.54,0,normal
2026-01-04 08:10:00,notification-service,32.1,41.7,50.12,369.64,408.14,114.22,0.17,25.24,0,normal
2026-01-04 08:10:00,database,55.2,64.94,45.8,807.1,995.26,95.56,0.23,70.48,0,normal
2026-01-04 08:15:00,api-gateway,48.5,58.77,42.3,764.8,937.6,136.88,0.26,29.08,0,normal
2026-01-04 08:15:00,user-service,31.13,45.43,68.87,619.15,542.92,113.88,0.2,36.55,0,normal
2026-01-04 08:15:00,payment-service,46.48,60.48,35.22,653.74,673.11,172.79,0.22,48.29,0,normal
2026-01-04 08:15:00,notification-service,27.28,47.49,63.46,432.6,419.9,124.13,0.17,21.63,0,normal
2026-01-04 08:15:00,database,53.06,67.93,61.7,932.9,1003.37,114.49,0.16,70.16,0,normal
2026-01-04 08:20:00,api-gateway,45.78,49.08,44.16,1005.09,923.29,132.3,0.23,31.2,0,normal
2026-01-04 08:20:00,user-service,32.65,49.4,28.99,539.49,496.31,104.11,0.19,37.92,0,normal
2026-01-04 08:20:00,payment-service,49.15,58.11,37.37,598.67,686.02,168.53,0.2,49.91,0,normal
2026-01-04 08:20:00,notification-service,27.06,42.89,51.6,468.66,417.85,104.61,0.17,24.58,0,normal
2026-01-04 08:20:00,database,47.63,61.92,44.48,1002.51,963.85,94.79,0.17,65.94,0,normal
2026-01-04 08:25:00,api-gateway,47.28,50.61,34.56,1065.45,899.3,152.1,0.19,31.33,0,normal
2026-01-04 08:25:00,user-service,37.73,52.65,58.82,508.34,504.43,112.06,0.28,37.33,0,normal
2026-01-04 08:25:00,payment-service,47.82,59.7,43.8,659.82,753.78,156.12,0.19,52.64,0,normal
2026-01-04 08:25:00,notification-service,25.76,45.73,38.84,360.39,418.01,110.73,0.23,24.86,0,normal
2026-01-04 08:25:00,database,46.8,63.45,60.04,996.64,960.99,90.81,0.16,71.96,0,normal
2026-01-04 08:30:00,api-gateway,49.54,53.34,50.35,804.42,963.39,133.15,0.12,32.08,0,normal
2026-01-04 08:30:00,user-service,40.05,46.69,56.89,432.71,479.81,103.11,0.27,32.68,0,normal
2026-01-04 08:30:00,payment-service,44.46,62.1,48.64,692.85,733.9,173.62,0.18,44.66,0,normal
2026-01-04 08:30:00,notification-service,26.65,42.79,54.87,328.65,400.97,115.72,0.19,22.73,0,normal
2026-01-04 08:30:00,database,62.1,67.61,58.01,1180.79,1015.48,113.48,0.15,68.71,0,normal
2026-01-04 08:35:00,api-gateway,43.69,56.31,48.69,977.29,899.27,132.61,0.21,34.35,0,normal
2026-01-04 08:35:00,user-service,36.38,51.02,45.35,418.75,490.84,127.02,0.29,37.78,0,normal
2026-01-04 08:35:00,payment-service,56.56,60.78,59.19,651.94,751.1,167.12,0.15,49.1,0,normal
2026-01-04 08:35:00,notification-service,22.48,38.34,36.38,383.18,382.73,105.32,0.23,25.32,0,normal
2026-01-04 08:35:00,database,57.89,61.97,37.48,777.4,932.73,104.61,0.21,70.84,0,normal
2026-01-04 08:40:00,api-gateway,50.62,56.48,34.36,1058.76,897.19,132.23,0.18,27.69,0,normal
2026-01-04 08:40:00,user-service,38.99,44.27,45.68,580.9,494.25,118.45,0.15,36.55,0,normal
2026-01-04 08:40:00,payment-service,52.61,61.86,62.4,798.1,678.82,166.9,0.28,56.78,0,normal
2026-01-04 08:40:00,notification-service,28.92,48.34,43.42,341.09,414.01,99.41,0.25,23.74,0,normal
2026-01-04 08:40:00,database,57.02,65.19,47.63,741.18,894.83,96.02,0.15,71.73,0,normal
2026-01-04 08:45:00,api-gateway,44.2,53.17,38.57,733.54,912.8,131.14,0.19,21.96,0,normal
2026-01-04 08:45:00,user-service,29.75,50.41,29.79,511.6,483.52,117.68,0.16,36.58,0,normal
2026-01-04 08:45:00,payment-service,46.61,54.71,43.0,707.63,608.84,185.67,0.17,46.53,0,normal
2026-01-04 08:45:00,notification-service,23.83,42.1,63.79,344.06,392.73,110.09,0.19,25.67,0,normal
2026-01-04 08:45:00,database,55.36,62.85,42.59,885.93,971.23,81.3,0.22,70.93,0,normal
2026-01-04 08:50:00,api-gateway,49.39,55.61,46.02,954.57,915.1,151.37,0.25,27.93,0,normal
2026-01-04 08:50:00,user-service,41.46,50.64,49.13,493.08,500.06,127.83,0.27,39.21,0,normal
2026-01-04 08:50:00,payment-service,55.6,57.42,40.37,596.49,654.44,177.24,0.23,46.76,0,normal
2026-01-04 08:50:00,notification-service,31.99,46.48,42.79,386.06,420.73,115.94,0.18,26.18,0,normal
2026-01-04 08:50:00,database,50.15,61.77,44.9,779.08,946.43,108.18,0.12,71.14,0,normal
2026-01-04 08:55:00,api-gateway,44.53,55.87,44.08,914.02,847.9,139.85,0.17,32.97,0,normal
2026-01-04 08:55:00,user-service,31.39,53.73,47.92,526.64,493.38,115.42,0.2,32.7,0,normal
2026-01-04 08:55:00,payment-service,48.28,60.49,44.3,633.38,724.1,173.73,0.29,47.42,0,normal
2026-01-04 08:55:00,notification-service,33.71,48.73,51.48,421.97,408.46,100.01,0.25,23.14,0,normal
2026-01-04 08:55:00,database,51.41,67.83,58.59,777.68,888.64,88.71,0.18,74.79,0,normal
2026-01-04 09:00:00,api-gateway,48.54,49.39,50.17,1064.77,1114.98,144.04,0.13,34.15,0,normal
2026-01-04 09:00:00,user-service,33.1,51.07,43.71,614.29,629.88,117.19,0.13,38.0,0,normal
2026-01-04 09:00:00,payment-service,50.85,56.38,48.71,934.38,968.1,195.61,0.14,54.8,0,normal
2026-01-04 09:00:00,notification-service,39.51,43.48,44.91,428.05,515.29,99.31,0.18,27.75,0,normal
2026-01-04 09:00:00,database,65.38,67.71,60.87,1020.3,1259.24,113.08,0.12,72.93,0,normal
2026-01-04 09:05:00,api-gateway,53.93,53.95,56.83,1157.24,1172.58,140.72,0.11,31.87,0,normal
2026-01-04 09:05:00,user-service,46.32,44.61,42.54,727.44,652.15,127.37,0.24,40.05,0,normal
2026-01-04 09:05:00,payment-service,51.36,54.87,44.27,868.31,871.42,164.46,0.25,51.19,0,normal
2026-01-04 09:05:00,notification-service,35.41,44.98,43.65,445.74,495.92,111.45,0.17,22.66,0,normal
2026-01-04 09:05:00,database,61.61,60.43,44.58,1152.05,1331.68,95.3,0.23,76.68,0,normal
2026-01-04 09:10:00,api-gateway,51.8,54.37,49.39,1214.87,1191.82,145.12,0.11,32.86,0,normal
2026-01-04 09:10:00,user-service,47.74,41.85,41.87,564.66,635.57,130.41,0.23,32.14,0,normal
2026-01-04 09:10:00,payment-service,60.41,59.7,40.65,882.78,881.06,182.92,0.25,53.79,0,normal
2026-01-04 09:10:00,notification-service,32.08,47.34,47.62,546.79,538.11,101.38,0.17,26.23,0,normal
2026-01-04 09:10:00,database,59.84,65.55,54.3,1468.08,1276.16,114.01,0.21,75.32,0,normal
2026-01-04 09:15:00,api-gateway,52.02,54.79,44.27,1118.25,1184.03,137.43,0.29,37.45,0,normal
2026-01-04 09:15:00,user-service,42.1,49.18,56.14,590.24,642.61,131.32,0.2,38.06,0,normal
2026-01-04 09:15:00,payment-service,52.92,59.7,50.69,775.65,893.7,163.81,0.22,48.74,0,normal
2026-01-04 09:15:00,notification-service,29.02,46.61,35.68,585.0,537.79,108.51,0.19,30.14,0,normal
2026-01-04 09:15:00,database,62.67,66.41,40.63,1264.44,1367.93,101.88,0.09,68.98,0,normal
2026-01-04 09:20:00,api-gateway,49.26,53.83,47.35,1112.59,1136.03,138.75,0.21,26.27,0,normal
2026-01-04 09:20:00,user-service,39.17,59.88,57.12,559.38,632.59,122.84,0.19,33.3,0,normal
2026-01-04 09:20:00,payment-service,47.57,55.94,58.66,1050.69,916.61,195.92,0.27,54.55,0,normal
2026-01-04 09:20:00,notification-service,38.04,41.31,53.73,591.07,527.88,109.04,0.18,29.55,0,normal
2026-01-04 09:20:00,database,58.21,63.94,66.92,1110.07,1324.92,96.22,0.17,71.93,0,normal
2026-01-04 09:25:00,api-gateway,53.83,55.75,32.73,1082.77,1129.75,150.17,0.17,32.81,0,normal
2026-01-04 09:25:00,user-service,35.79,50.25,45.76,691.67,626.13,127.47,0.21,34.33,0,normal
2026-01-04 09:25:00,payment-service,57.29,56.55,56.5,791.98,906.52,166.37,0.26,57.22,0,normal
2026-01-04 09:25:00,notification-service,38.6,41.92,42.01,458.34,550.17,113.16,0.19,29.75,0,normal
2026-01-04 09:25:00,database,60.17,64.47,49.31,1260.01,1285.49,83.93,0.25,72.64,0,normal
2026-01-04 09:30:00,api-gateway,52.73,57.52,52.1,1111.69,1123.69,136.67,0.19,31.95,0,normal
2026-01-04 09:30:00,user-service,41.99,47.38,63.05,691.31,661.87,116.55,0.21,43.24,0,normal
2026-01-04 09:30:00,payment-service,56.88,58.62,48.19,1061.31,911.31,179.97,0.24,54.8,0,normal
2026-01-04 09:30:00,notification-service,33.78,51.46,56.79,480.16,490.53,111.53,0.26,24.89,0,normal
2026-01-04 09:30:00,database,58.9,64.98,52.35,1549.45,1307.89,114.42,0.23,72.47,0,normal
2026-01-04 09:35:00,api-gateway,48.42,58.16,44.27,1240.27,1184.27,149.23,0.26,35.22,0,normal
2026-01-04 09:35:00,user-service,41.03,46.45,46.38,670.3,646.14,123.62,0.2,38.59,0,normal
2026-01-04 09:35:00,payment-service,51.61,60.02,50.85,819.99,935.4,176.44,0.31,53.93,0,normal
2026-01-04 09:35:00,notification-service,33.68,41.28,39.8,530.53,507.13,110.59,0.22,28.26,0,normal
2026-01-04 09:35:00,database,59.88,64.28,40.09,1107.75,1340.27,120.58,0.18,77.8,0,normal
2026-01-04 09:40:00,api-gateway,52.92,52.25,65.37,1395.38,1200.93,146.15,0.24,30.54,0,normal
2026-01-04 09:40:00,user-service,43.25,49.95,50.58,638.44,628.87,114.59,0.26,37.74,0,normal
2026-01-04 09:40:00,payment-service,62.49,54.69,63.34,1042.2,921.0,180.1,0.16,51.21,0,normal
2026-01-04 09:40:00,notification-service,36.77,41.33,58.86,601.25,514.9,131.63,0.13,22.23,0,normal
2026-01-04 09:40:00,database,65.78,67.75,44.74,1052.32,1246.24,109.43,0.22,73.46,0,normal
2026-01-04 09:45:00,api-gateway,50.76,50.16,49.79,1418.88,1282.55,151.42,0.27,35.31,0,normal
2026-01-04 09:45:00,user-service,42.6,46.98,56.54,559.18,614.56,120.03,0.2,37.82,0,normal
2026-01-04 09:45:00,payment-service,55.92,66.74,50.19,873.0,936.97,166.37,0.21,59.4,0,normal
2026-01-04 09:45:00,notification-service,30.16,42.42,67.69,570.95,514.69,116.24,0.27,26.86,0,normal
2026-01-04 09:45:00,database,56.95,63.59,51.33,1182.2,1251.66,106.33,0.15,75.58,0,normal
2026-01-04 09:50:00,api-gateway,49.93,56.04,51.51,1309.86,1172.3,129.73,0.17,33.58,0,normal
2026-01-04 09:50:00,user-service,45.53,44.59,60.48,640.49,672.63,109.96,0.15,35.44,0,normal
2026-01-04 09:50:00,payment-service,54.68,58.79,50.24,790.32,942.25,165.69,0.15,58.9,0,normal
2026-01-04 09:50:00,notification-service,38.28,43.89,46.85,468.19,524.32,124.82,0.28,25.54,0,normal
2026-01-04 09:50:00,database,57.89,62.55,27.21,1213.79,1212.18,93.2,0.19,72.97,0,normal
2026-01-04 09:55:00,api-gateway,46.83,58.41,63.05,1384.92,1259.8,134.56,0.15,33.63,0,normal
2026-01-04 09:55:00,user-service,35.63,46.21,70.53,619.61,638.7,124.46,0.18,37.17,0,normal
2026-01-04 09:55:00,payment-service,68.52,60.06,45.78,943.69,931.13,167.69,0.13,53.38,0,normal
2026-01-04 09:55:00,notification-service,42.0,42.99,34.88,585.18,529.24,110.08,0.17,27.99,0,normal
2026-01-04 09:55:00,database,67.29,61.84,46.97,1205.7,1280.74,117.89,0.21,77.73,0,normal
2026-01-04 10:00:00,api-gateway,46.01,52.26,37.62,1012.47,1185.65,133.71,0.22,27.02,0,normal
2026-01-04 10:00:00,user-service,45.62,52.01,35.15,601.94,631.1,140.65,0.12,39.69,0,normal
2026-01-04 10:00:00,payment-service,53.5,58.0,51.19,892.12,926.02,165.67,0.21,54.24,0,normal
2026-01-04 10:00:00,notification-service,36.93,43.39,58.7,544.35,508.34,131.23,0.17,31.44,0,normal
2026-01-04 10:00:00,database,63.1,64.65,39.09,1150.86,1264.31,108.66,0.24,75.58,0,normal
2026-01-04 10:05:00,api-gateway,51.44,50.25,33.79,1298.68,1170.53,149.28,0.26,28.01,0,normal
2026-01-04 10:05:00,user-service,47.14,50.98,39.07,611.23,651.3,117.42,0.3,38.4,0,normal
2026-01-04 10:05:00,payment-service,51.6,54.08,65.19,822.01,861.7,174.51,0.22,47.01,0,normal
2026-01-04 10:05:00,notification-service,40.92,43.73,44.45,602.74,544.7,114.55,0.27,29.03,0,normal
2026-01-04 10:05:00,database,62.86,65.48,58.56,1173.34,1262.28,98.72,0.15,72.47,0,normal
2026-01-04 10:10:00,api-gateway,47.1,55.85,58.55,1306.67,1142.34,157.56,0.15,33.3,0,normal
2026-01-04 10:10:00,user-service,43.44,52.98,53.47,782.66,657.42,131.46,0.25,38.83,0,normal
2026-01-04 10:10:00,payment-service,54.14,59.76,60.23,1058.38,948.55,177.9,0.22,50.26,0,normal
2026-01-04 10:10:00,notification-service,41.27,45.9,43.19,597.99,517.12,112.15,0.23,26.66,0,normal
2026-01-04 10:10:00,database,61.3,66.4,55.05,1564.06,1327.75,123.21,0.22,76.46,0,normal
2026-01-04 10:15:00,api-gateway,53.52,54.36,62.49,1135.49,1156.55,130.91,0.21,40.63,0,normal
2026-01-04 10:15:00,user-service,41.78,52.18,61.9,511.23,633.69,139.44,0.18,43.09,0,normal
2026-01-04 10:15:00,payment-service,56.41,55.68,24.77,888.68,916.93,167.74,0.23,53.42,0,normal
2026-01-04 10:15:00,notification-service,38.98,37.94,49.44,556.23,540.17,104.43,0.29,29.95,0,normal
2026-01-04 10:15:00,database,67.6,63.24,40.69,1193.41,1354.58,96.36,0.12,72.64,0,normal
2026-01-04 10:20:00,api-gateway,48.56,52.54,36.66,1037.64,1186.68,155.27,0.18,23.55,0,normal
2026-01-04 10:20:00,user-service,47.49,48.18,55.97,680.26,628.29,116.48,0.17,37.56,0,normal
2026-01-04 10:20:00,payment-service,57.11,65.62,48.32,961.91,977.69,175.27,0.22,54.78,0,normal
2026-01-04 10:20:00,notification-service,29.56,45.64,59.03,526.8,545.44,124.81,0.2,30.24,0,normal
2026-01-04 10:20:00,database,63.72,66.11,56.98,1069.25,1325.96,115.27,0.21,71.45,0,normal
2026-01-04 10:25:00,api-gateway,46.72,55.9,44.38,985.13,1230.88,137.13,0.18,33.55,0,normal
2026-01-04 10:25:00,user-service,35.17,51.17,41.46,663.49,669.24,127.62,0.13,33.73,0,normal
2026-01-04 10:25:00,payment-service,57.5,60.86,55.76,776.29,897.96,175.18,0.22,59.93,0,normal
2026-01-04 10:25:00,notification-service,43.26,47.6,46.32,545.05,506.29,117.4,0.21,29.2,0,normal
2026-01-04 10:25:00,database,67.68,64.51,34.2,1213.44,1324.93,101.53,0.21,71.34,0,normal
2026-01-04 10:30:00,api-gateway,55.33,56.24,43.38,1006.67,1146.04,146.95,0.23,28.5,0,normal
2026-01-04 10:30:00,user-service,45.67,56.28,44.52,545.7,614.18,108.34,0.11,35.07,0,normal
2026-01-04 10:30:00,payment-service,49.35,55.98,45.09,976.31,950.05,186.95,0.21,52.22,0,normal
2026-01-04 10:30:00,notification-service,34.91,41.12,37.58,449.18,560.41,125.54,0.17,31.26,0,normal
2026-01-04 10:30:00,database,57.8,69.39,57.69,1387.61,1350.2,107.52,0.27,75.03,0,normal
2026-01-04 10:35:00,api-gateway,55.39,54.85,64.63,1245.36,1169.99,148.07,0.2,31.29,0,normal
2026-01-04 10:35:00,user-service,47.21,49.59,57.25,629.16,647.62,134.67,0.25,38.54,0,normal
2026-01-04 10:35:00,payment-service,54.55,51.93,47.71,918.81,895.89,174.87,0.24,47.27,0,normal
2026-01-04 10:35:00,notification-service,39.61,46.24,52.28,487.69,530.09,113.27,0.16,27.93,0,normal
2026-01-04 10:35:00,database,61.99,65.38,52.34,1108.49,1220.79,95.06,0.25,76.27,0,normal
2026-01-04 10:40:00,api-gateway,50.84,53.22,37.9,1155.18,1248.8,168.02,0.27,36.28,0,normal
2026-01-04 10:40:00,user-service,45.35,48.35,45.54,561.46,663.03,119.18,0.13,40.71,0,normal
2026-01-04 10:40:00,payment-service,55.03,63.83,68.84,854.95,908.74,165.55,0.14,50.72,0,normal
2026-01-04 10:40:00,notification-service,37.19,43.46,38.78,453.6,513.51,109.12,0.2,30.13,0,normal
2026-01-04 10:40:00,database,58.67,66.91,73.48,1200.57,1364.12,101.46,0.23,70.35,0,normal
2026-01-04 10:45:00,api-gateway,51.41,51.52,64.99,1263.08,1194.45,143.12,0.25,38.97,0,normal
2026-01-04 10:45:00,user-service,40.83,51.19,54.91,769.62,654.96,120.12,0.19,41.04,0,normal
2026-01-04 10:45:00,payment-service,58.33,56.94,46.49,851.51,969.96,176.42,0.21,56.2,0,normal
2026-01-04 10:45:00,notification-service,39.87,47.2,32.26,530.42,477.31,114.85,0.2,25.33,0,normal
2026-01-04 10:45:00,database,67.74,64.37,50.96,1187.25,1341.19,104.37,0.18,75.6,0,normal
2026-01-04 10:50:00,api-gateway,51.53,54.09,73.19,1104.88,1149.71,139.78,0.2,31.93,0,normal
2026-01-04 10:50:00,user-service,41.67,48.04,56.58,687.7,641.87,127.09,0.15,45.3,0,normal
2026-01-04 10:50:00,payment-service,51.54,61.42,58.51,828.97,897.63,176.03,0.16,53.5,0,normal
2026-01-04 10:50:00,notification-service,36.24,44.61,48.2,446.32,471.86,113.96,0.22,28.36,0,normal
2026-01-04 10:50:00,database,62.3,67.92,33.6,1570.1,1399.99,121.81,0.16,75.48,0,normal
2026-01-04 10:55:00,api-gateway,49.47,47.37,42.2,1069.18,1186.85,145.6,0.17,32.08,0,normal
2026-01-04 10:55:00,user-service,38.57,57.89,51.06,743.68,648.68,134.31,0.19,41.23,0,normal
2026-01-04 10:55:00,payment-service,55.98,58.24,43.07,919.09,894.96,162.81,0.24,53.89,0,normal
2026-01-04 10:55:00,notification-service,32.97,42.66,62.07,487.8,541.74,129.55,0.19,34.85,0,normal
2026-01-04 10:55:00,database,56.92,61.63,45.15,1142.36,1226.7,122.79,0.21,77.86,0,normal
2026-01-04 11:00:00,api-gateway,52.45,55.36,57.56,1349.72,1219.34,142.0,0.22,29.36,0,normal
2026-01-04 11:00:00,user-service,40.44,47.09,49.13,646.79,700.48,116.62,0.2,42.47,0,normal
2026-01-04 11:00:00,payment-service,56.25,59.78,42.38,839.77,961.51,179.95,0.19,53.9,0,normal
2026-01-04 11:00:00,notification-service,40.19,41.09,45.58,475.42,551.31,134.53,0.23,28.66,0,normal
2026-01-04 11:00:00,database,54.12,62.31,57.11,1451.82,1346.11,116.0,0.21,73.75,0,normal
2026-01-04 11:05:00,api-gateway,52.13,55.51,59.89,1163.53,1129.97,135.8,0.23,36.55,0,normal
2026-01-04 11:05:00,user-service,40.11,56.95,60.68,561.57,666.02,128.95,0.18,42.52,0,normal
2026-01-04 11:05:00,payment-service,55.18,65.55,38.87,1056.42,890.88,178.43,0.2,58.38,0,normal
2026-01-04 11:05:00,notification-service,40.15,48.78,44.69,495.28,503.73,98.71,0.19,24.96,0,normal
2026-01-04 11:05:00,database,62.56,65.55,55.39,1549.61,1326.3,104.99,0.27,71.37,0,normal
2026-01-04 11:10:00,api-gateway,48.62,56.43,43.7,954.93,1190.51,128.89,0.22,29.37,0,normal
2026-01-04 11:10:00,user-service,41.4,45.17,47.1,711.31,641.92,134.83,0.19,39.84,0,normal
2026-01-04 11:10:00,payment-service,55.68,55.53,53.35,803.21,863.06,167.67,0.19,53.04,0,normal
2026-01-04 11:10:00,notification-service,35.19,39.62,43.77,555.61,532.01,124.09,0.22,27.49,0,normal
2026-01-04 11:10:00,database,66.49,66.15,62.23,1236.63,1309.52,107.26,0.08,71.26,0,normal
2026-01-04 11:15:00,api-gateway,50.57,60.68,58.92,1381.84,1167.6,130.29,0.18,37.03,0,normal
2026-01-04 11:15:00,user-service,33.79,47.59,39.45,514.15,637.12,136.23,0.11,35.1,0,normal
2026-01-04 11:15:00,payment-service,55.09,61.95,44.29,1074.71,906.9,178.37,0.16,51.82,0,normal
2026-01-04 11:15:00,notification-service,44.87,43.85,40.58,485.32,529.82,113.64,0.22,31.8,0,normal
2026-01-04 11:15:00,database,69.62,67.4,55.73,1193.03,1327.82,108.35,0.16,71.26,0,normal
2026-01-04 11:20:00,api-gateway,41.29,52.58,37.98,981.71,1205.9,160.89,0.16,34.29,0,normal
2026-01-04 11:20:00,user-service,45.99,53.04,41.93,769.79,670.99,145.98,0.24,39.04,0,normal
2026-01-04 11:20:00,payment-service,59.06,58.89,48.49,1019.6,889.47,188.43,0.17,50.47,0,normal
2026-01-04 11:20:00,notification-service,37.88,43.2,63.28,560.75,536.95,127.25,0.19,28.11,0,normal
2026-01-04 11:20:00,database,62.12,62.02,42.5,1197.26,1258.03,94.43,0.16,68.27,0,normal
2026-01-04 11:25:00,api-gateway,45.79,54.85,46.51,1211.16,1112.25,149.12,0.17,33.42,0,normal
2026-01-04 11:25:00,user-service,47.2,46.96,42.88,705.68,661.29,133.99,0.26,34.89,0,normal
2026-01-04 11:25:00,payment-service,57.79,64.38,48.36,963.34,883.75,168.18,0.16,49.82,0,normal
2026-01-04 11:25:00,notification-service,41.22,42.26,42.66,570.75,501.08,116.49,0.19,30.77,0,normal
2026-01-04 11:25:00,database,59.0,70.76,59.18,1539.86,1314.89,97.24,0.31,74.74,0,normal
2026-01-04 11:30:00,api-gateway,48.53,53.95,50.17,1077.9,1161.96,148.18,0.18,30.01,0,normal
2026-01-04 11:30:00,user-service,39.06,46.07,48.39,581.82,611.51,117.62,0.11,38.32,0,normal
2026-01-04 11:30:00,payment-service,50.7,62.72,81.03,996.1,933.46,181.35,0.25,53.11,0,normal
2026-01-04 11:30:00,notification-service,41.95,41.52,32.08,529.55,529.55,111.07,0.27,28.29,0,normal
2026-01-04 11:30:00,database,73.01,66.32,59.69,1408.88,1285.92,114.19,0.16,77.96,0,normal
2026-01-04 11:35:00,api-gateway,52.34,56.25,43.52,1114.14,1156.83,149.51,0.2,36.55,0,normal
2026-01-04 11:35:00,user-service,41.76,45.18,56.86,706.15,692.35,135.12,0.21,36.56,0,normal
2026-01-04 11:35:00,payment-service,53.53,60.42,54.83,922.36,929.13,163.5,0.14,52.71,0,normal
2026-01-04 11:35:00,notification-service,33.95,42.05,48.12,522.51,508.9,126.45,0.27,30.78,0,normal
2026-01-04 11:35:00,database,60.29,67.27,49.87,1413.53,1278.32,122.2,0.13,72.88,0,normal
2026-01-04 11:40:00,api-gateway,46.97,59.39,52.79,1350.37,1160.11,155.55,0.23,30.45,0,normal
2026-01-04 11:40:00,user-service,49.3,53.87,63.88,743.14,632.85,119.47,0.15,37.8,0,normal
2026-01-04 11:40:00,payment-service,52.3,49.72,52.92,871.3,889.53,182.76,0.16,47.79,0,normal
2026-01-04 11:40:00,notification-service,41.7,51.7,58.02,524.6,513.57,132.76,0.13,29.73,0,normal
2026-01-04 11:40:00,database,55.08,63.41,47.86,1589.1,1325.74,105.73,0.25,70.52,0,normal
2026-01-04 11:45:00,api-gateway,49.2,54.89,40.79,1253.22,1188.42,139.14,0.1,32.22,0,normal
2026-01-04 11:45:00,user-service,42.21,50.21,53.0,784.33,708.43,122.93,0.19,41.14,0,normal
2026-01-04 11:45:00,payment-service,52.48,61.66,39.33,948.0,939.46,178.6,0.26,47.54,0,normal
2026-01-04 11:45:00,notification-service,37.5,47.33,40.24,414.9,517.68,121.02,0.16,30.47,0,normal
2026-01-04 11:45:00,database,57.97,66.76,39.47,1084.0,1285.97,105.68,0.27,70.89,0,normal
2026-01-04 11:50:00,api-gateway,46.94,58.93,54.64,1229.98,1158.07,146.56,0.21,35.46,0,normal
2026-01-04 11:50:00,user-service,32.1,48.37,44.76,553.69,615.98,121.77,0.2,38.26,0,normal
2026-01-04 11:50:00,payment-service,55.87,63.95,54.29,815.05,915.33,166.55,0.15,50.58,0,normal
2026-01-04 11:50:00,notification-service,39.84,48.49,45.81,555.89,489.48,110.58,0.2,27.04,0,normal
2026-01-04 11:50:00,database,69.06,64.41,43.6,1074.5,1234.45,107.16,0.1,75.08,0,normal
2026-01-04 11:55:00,api-gateway,60.78,59.76,56.46,983.43,1166.94,146.36,0.14,33.59,0,normal
2026-01-04 11:55:00,user-service,42.13,45.89,54.28,684.29,675.36,147.95,0.32,35.54,0,normal
2026-01-04 11:55:00,payment-service,60.91,53.78,55.84,976.18,887.76,171.14,0.13,48.13,0,normal
2026-01-04 11:55:00,notification-service,36.26,44.94,67.87,457.41,542.66,129.21,0.16,30.44,0,normal
2026-01-04 11:55:00,database,55.43,69.34,52.64,1344.52,1223.21,122.84,0.16,70.14,0,normal
2026-01-04 12:00:00,api-gateway,48.54,50.21,69.61,1050.46,1216.76,156.43,0.16,37.49,0,normal
2026-01-04 12:00:00,user-service,38.35,53.18,36.56,604.55,664.58,117.74,0.26,39.12,0,normal
2026-01-04 12:00:00,payment-service,59.22,59.17,43.61,988.73,921.94,186.19,0.18,53.4,0,normal
2026-01-04 12:00:00,notification-service,35.85,49.72,43.7,533.51,480.34,96.07,0.28,28.52,0,normal
2026-01-04 12:00:00,database,57.33,67.15,34.44,1338.59,1377.59,102.33,0.23,77.81,0,normal
2026-01-04 12:05:00,api-gateway,44.84,51.72,50.91,1391.24,1164.1,152.63,0.2,30.68,0,normal
2026-01-04 12:05:00,user-service,36.0,50.22,54.02,779.51,658.31,140.68,0.22,37.67,0,normal
2026-01-04 12:05:00,payment-service,60.3,61.27,54.04,1079.12,940.18,170.44,0.15,54.89,0,normal
2026-01-04 12:05:00,notification-service,34.59,49.65,51.94,417.67,496.58,113.11,0.1,28.34,0,normal
2026-01-04 12:05:00,database,61.13,61.32,32.25,1504.26,1304.3,88.49,0.23,68.22,0,normal
2026-01-04 12:10:00,api-gateway,48.86,53.75,38.52,1080.64,1149.82,147.16,0.26,29.17,0,normal
2026-01-04 12:10:00,user-service,49.9,53.91,51.1,533.62,606.82,126.09,0.17,36.04,0,normal
2026-01-04 12:10:00,payment-service,54.15,61.69,33.18,928.24,892.11,177.57,0.28,52.33,0,normal
2026-01-04 12:10:00,notification-service,31.05,43.09,32.21,462.9,491.57,98.6,0.2,31.8,0,normal
2026-01-04 12:10:00,database,63.83,61.56,55.07,1203.26,1241.12,107.01,0.25,76.29,0,normal
2026-01-04 12:15:00,api-gateway,49.2,54.09,37.69,1111.37,1166.34,149.34,0.24,28.81,0,normal
2026-01-04 12:15:00,user-service,44.92,52.88,46.29,615.08,653.7,146.93,0.18,38.62,0,normal
2026-01-04 12:15:00,payment-service,52.28,57.67,56.06,778.35,962.36,174.93,0.26,55.3,0,normal
2026-01-04 12:15:00,notification-service,35.25,41.78,41.75,561.47,518.66,124.72,0.19,27.69,0,normal
2026-01-04 12:15:00,database,64.23,61.33,52.44,1123.68,1281.51,114.27,0.21,73.46,0,normal
2026-01-04 12:20:00,api-gateway,50.3,54.21,51.82,1014.3,1179.04,157.91,0.27,31.8,0,normal
2026-01-04 12:20:00,user-service,40.43,52.2,58.27,732.14,640.8,125.02,0.18,37.54,0,normal
2026-01-04 12:20:00,payment-service,50.85,61.68,50.84,1030.74,905.63,173.2,0.24,57.67,0,normal
2026-01-04 12:20:00,notification-service,41.62,48.15,62.02,579.44,544.5,110.69,0.11,30.97,0,normal
2026-01-04 12:20:00,database,49.61,66.42,51.92,1359.42,1235.05,88.27,0.24,70.8,0,normal
2026-01-04 12:25:00,api-gateway,50.83,57.8,64.19,1228.71,1141.93,153.31,0.18,30.02,0,normal
2026-01-04 12:25:00,user-service,42.24,50.63,39.93,716.29,617.07,124.63,0.07,35.1,0,normal
2026-01-04 12:25:00,payment-service,57.29,60.78,70.15,1090.04,929.5,185.69,0.21,54.06,0,normal
2026-01-04 12:25:00,notification-service,24.36,43.03,59.38,480.47,520.55,109.89,0.15,27.69,0,normal
2026-01-04 12:25:00,database,57.54,66.88,47.18,1487.72,1255.92,111.87,0.16,70.77,0,normal
2026-01-04 12:30:00,api-gateway,49.79,52.77,48.5,996.85,1155.28,143.07,0.19,33.49,0,normal
2026-01-04 12:30:00,user-service,38.9,50.28,52.8,747.01,675.4,145.86,0.19,33.96,0,normal
2026-01-04 12:30:00,payment-service,51.74,59.87,51.55,786.39,903.27,160.44,0.2,53.87,0,normal
2026-01-04 12:30:00,notification-service,41.66,45.83,47.35,636.93,535.76,116.05,0.19,26.83,0,normal
2026-01-04 12:30:00,database,61.4,66.15,63.46,1381.98,1381.07,87.53,0.34,76.05,0,normal
2026-01-04 12:35:00,api-gateway,46.5,56.46,47.35,1330.5,1150.19,141.96,0.09,35.62,0,normal
2026-01-04 12:35:00,user-service,42.09,48.76,48.47,536.2,645.3,128.45,0.22,41.52,0,normal
2026-01-04 12:35:00,payment-service,58.98,60.52,52.02,841.4,905.68,172.44,0.24,53.22,0,normal
2026-01-04 12:35:00,notification-service,32.73,40.18,65.49,418.02,498.0,115.24,0.27,30.04,0,normal
2026-01-04 12:35:00,database,63.39,69.36,73.98,1258.32,1265.48,99.38,0.19,73.19,0,normal
2026-01-04 12:40:00,api-gateway,45.22,60.64,75.99,1115.91,1086.65,131.2,0.15,28.89,0,normal
2026-01-04 12:40:00,user-service,42.2,51.28,39.17,767.21,648.44,126.83,0.11,36.09,0,normal
2026-01-04 12:40:00,payment-service,54.61,59.57,52.79,837.29,971.6,174.31,0.24,57.11,0,normal
2026-01-04 12:40:00,notification-service,29.93,41.42,41.49,526.13,498.96,107.77,0.21,28.06,0,normal
2026-01-04 12:40:00,database,59.33,62.86,45.67,1014.19,1254.07,109.38,0.26,76.78,0,normal
2026-01-04 12:45:00,api-gateway,50.04,59.0,50.0,1207.86,1226.47,151.57,0.2,35.25,0,normal
2026-01-04 12:45:00,user-service,45.9,57.76,69.88,550.78,676.46,132.53,0.27,39.51,0,normal
2026-01-04 12:45:00,payment-service,60.13,59.38,53.51,786.97,888.6,177.52,0.18,52.89,0,normal
2026-01-04 12:45:00,notification-service,33.5,40.79,58.33,566.08,542.6,124.57,0.26,28.17,0,normal
2026-01-04 12:45:00,database,67.82,66.85,46.71,1256.26,1212.59,98.93,0.23,72.9,0,normal
2026-01-04 12:50:00,api-gateway,49.25,53.38,46.99,1419.54,1210.26,131.99,0.18,35.39,0,normal
2026-01-04 12:50:00,user-service,41.77,51.17,68.63,630.38,693.2,130.92,0.14,40.58,0,normal
2026-01-04 12:50:00,payment-service,52.09,59.2,52.01,866.06,901.88,160.26,0.17,55.65,0,normal
2026-01-04 12:50:00,notification-service,29.26,45.47,51.69,544.25,521.03,128.62,0.16,29.42,0,normal
2026-01-04 12:50:00,database,63.3,66.71,49.35,1347.48,1266.32,108.89,0.21,72.55,0,normal
2026-01-04 12:55:00,api-gateway,52.04,57.02,69.28,970.36,1152.86,153.04,0.18,32.06,0,normal
2026-01-04 12:55:00,user-service,34.67,51.29,49.69,680.63,658.57,116.75,0.17,35.62,0,normal
2026-01-04 12:55:00,payment-service,56.27,62.74,63.27,765.49,863.52,165.35,0.25,54.01,0,normal
2026-01-04 12:55:00,notification-service,38.57,50.12,46.16,443.31,498.13,124.36,0.21,29.16,0,normal
2026-01-04 12:55:00,database,64.87,64.07,33.45,1457.63,1294.27,127.8,0.26,73.46,0,normal
2026-01-04 13:00:00,api-gateway,50.26,55.13,68.81,1088.08,1188.23,141.77,0.21,33.3,0,normal
2026-01-04 13:00:00,user-service,39.23,52.56,43.03,618.16,664.14,122.03,0.23,39.87,0,normal
2026-01-04 13:00:00,payment-service,54.87,60.09,63.39,1056.39,914.99,178.32,0.13,50.83,0,normal
2026-01-04 13:00:00,notification-service,33.24,51.12,34.88,476.76,539.76,128.49,0.2,32.21,0,normal
2026-01-04 13:00:00,database,63.7,63.55,43.34,1280.36,1285.08,117.7,0.24,70.61,0,normal
2026-01-04 13:05:00,api-gateway,51.29,51.98,43.46,1363.0,1194.68,152.1,0.2,35.36,0,normal
2026-01-04 13:05:00,user-service,41.69,51.86,38.12,650.22,637.37,106.44,0.15,39.31,0,normal
2026-01-04 13:05:00,payment-service,54.12,63.51,39.18,1061.63,928.85,184.76,0.3,50.17,0,normal
2026-01-04 13:05:00,notification-service,34.92,54.89,50.88,569.8,537.96,122.43,0.29,30.5,0,normal
2026-01-04 13:05:00,database,66.36,67.49,21.69,1409.86,1267.72,114.76,0.27,72.82,0,normal
2026-01-04 13:10:00,api-gateway,55.1,53.9,44.94,1075.84,1190.56,138.32,0.22,37.23,0,normal
2026-01-04 13:10:00,user-service,47.73,51.89,57.96,538.54,652.35,125.28,0.16,40.98,0,normal
2026-01-04 13:10:00,payment-service,55.82,60.42,54.95,1133.98,958.2,180.19,0.14,59.97,0,normal
2026-01-04 13:10:00,notification-service,44.67,44.02,24.66,559.32,520.84,113.18,0.08,31.99,0,normal
2026-01-04 13:10:00,database,63.43,68.32,64.31,1298.15,1285.14,98.78,0.18,76.41,0,normal
2026-01-04 13:15:00,api-gateway,50.25,56.42,57.48,1052.16,1145.66,148.24,0.24,32.49,0,normal
2026-01-04 13:15:00,user-service,42.34,50.74,50.53,573.7,601.42,107.23,0.16,34.64,0,normal
2026-01-04 13:15:00,payment-service,54.07,62.46,28.61,769.34,961.32,170.52,0.22,53.21,0,normal
2026-01-04 13:15:00,notification-service,34.18,42.92,55.31,552.16,510.49,110.4,0.23,32.07,0,normal
2026-01-04 13:15:00,database,66.74,68.81,62.22,1570.53,1350.6,102.3,0.19,72.72,0,normal
2026-01-04 13:20:00,api-gateway,42.63,61.44,37.91,1132.78,1108.81,134.78,0.26,30.26,0,normal
2026-01-04 13:20:00,user-service,44.93,50.35,49.65,535.88,663.29,126.22,0.2,41.16,0,normal
2026-01-04 13:20:00,payment-service,50.4,61.94,45.93,1046.47,955.44,175.34,0.27,57.75,0,normal
2026-01-04 13:20:00,notification-service,37.0,50.41,59.91,550.53,517.78,126.71,0.24,20.85,0,normal
2026-01-04 13:20:00,database,64.26,65.04,68.87,1418.33,1311.08,105.7,0.21,71.13,0,normal
2026-01-04 13:25:00,api-gateway,52.04,52.25,44.64,983.72,1129.39,128.78,0.17,34.96,0,normal
2026-01-04 13:25:00,user-service,42.39,47.45,49.36,590.14,640.04,118.49,0.22,35.43,0,normal
2026-01-04 13:25:00,payment-service,61.76,58.26,63.74,990.94,901.55,180.68,0.19,51.95,0,normal
2026-01-04 13:25:00,notification-service,39.09,50.49,40.23,684.13,574.21,128.65,0.17,29.83,0,normal
2026-01-04 13:25:00,database,65.66,68.75,43.59,1593.43,1355.98,120.15,0.2,70.62,0,normal
2026-01-04 13:30:00,api-gateway,55.16,58.76,52.32,1287.18,1088.2,125.87,0.3,28.96,0,normal
2026-01-04 13:30:00,user-service,37.72,51.51,49.07,647.05,650.09,134.48,0.23,37.07,0,normal
2026-01-04 13:30:00,payment-service,53.68,60.91,68.72,952.76,971.8,187.81,0.21,51.08,0,normal
2026-01-04 13:30:00,notification-service,35.15,48.1,50.7,456.78,513.19,101.96,0.12,29.02,0,normal
2026-01-04 13:30:00,database,56.25,64.78,75.41,1244.55,1286.65,110.34,0.17,68.27,0,normal
2026-01-04 13:35:00,api-gateway,57.28,52.5,18.64,1226.53,1184.82,149.62,0.16,30.69,0,normal
2026-01-04 13:35:00,user-service,44.69,53.17,54.22,789.04,671.82,120.47,0.2,44.25,0,normal
2026-01-04 13:35:00,payment-service,52.89,55.53,45.15,1036.35,910.07,166.78,0.27,52.52,0,normal
2026-01-04 13:35:00,notification-service,41.93,44.98,31.16,418.52,520.27,101.43,0.26,27.34,0,normal
2026-01-04 13:35:00,database,66.25,70.62,58.83,1321.34,1295.3,134.75,0.18,76.81,0,normal
2026-01-04 13:40:00,api-gateway,53.6,55.48,51.03,974.73,1122.76,147.84,0.2,32.58,0,normal
2026-01-04 13:40:00,user-service,44.04,49.68,48.12,590.74,623.6,131.2,0.23,39.43,0,normal
2026-01-04 13:40:00,payment-service,54.46,56.97,51.22,754.58,914.04,172.11,0.23,53.61,0,normal
2026-01-04 13:40:00,notification-service,36.44,43.69,61.12,543.82,532.99,127.15,0.15,24.93,0,normal
2026-01-04 13:40:00,database,64.98,68.77,57.36,1520.61,1336.85,99.05,0.23,73.91,0,normal
2026-01-04 13:45:00,api-gateway,49.53,50.29,37.74,1286.09,1188.43,143.25,0.23,34.63,0,normal
2026-01-04 13:45:00,user-service,40.2,44.7,61.85,746.61,649.5,125.14,0.21,34.42,0,normal
2026-01-04 13:45:00,payment-service,53.07,60.46,73.09,1047.81,875.68,181.77,0.03,53.42,0,normal
2026-01-04 13:45:00,notification-service,38.06,41.39,27.31,439.38,543.12,123.47,0.14,31.43,0,normal
2026-01-04 13:45:00,database,68.43,63.92,42.41,1232.75,1247.9,105.11,0.3,68.5,0,normal
2026-01-04 13:50:00,api-gateway,50.94,49.31,46.44,927.57,1084.86,138.61,0.32,26.95,0,normal
2026-01-04 13:50:00,user-service,45.85,49.86,58.81,688.11,644.72,128.77,0.17,35.88,0,normal
2026-01-04 13:50:00,payment-service,60.08,59.3,48.17,1095.32,949.74,186.09,0.12,54.39,0,normal
2026-01-04 13:50:00,notification-service,26.03,48.79,44.84,609.39,510.37,106.54,0.23,25.23,0,normal
2026-01-04 13:50:00,database,61.27,66.57,73.8,1013.6,1258.84,108.66,0.23,73.15,0,normal
2026-01-04 13:55:00,api-gateway,56.18,57.88,63.94,995.24,1176.12,150.94,0.25,38.14,0,normal
2026-01-04 13:55:00,user-service,44.26,47.38,53.1,765.5,656.28,138.91,0.24,38.14,0,normal
2026-01-04 13:55:00,payment-service,51.87,61.34,51.04,800.8,914.29,174.95,0.16,50.24,0,normal
2026-01-04 13:55:00,notification-service,36.18,44.47,41.66,482.83,530.8,92.91,0.19,30.01,0,normal
2026-01-04 13:55:00,database,63.44,64.85,50.75,1273.73,1302.12,123.72,0.24,74.89,0,normal
2026-01-04 14:00:00,api-gateway,58.87,53.69,37.51,1151.45,1155.9,138.84,0.16,32.54,0,normal
2026-01-04 14:00:00,user-service,48.57,43.03,41.17,691.17,668.19,128.17,0.13,34.34,0,normal
2026-01-04 14:00:00,payment-service,58.06,62.82,41.78,813.04,916.67,161.5,0.28,48.27,0,normal
2026-01-04 14:00:00,notification-service,39.21,45.95,48.28,454.95,509.45,106.19,0.2,26.89,0,normal
2026-01-04 14:00:00,database,57.9,68.56,55.05,1085.11,1243.66,118.92,0.23,73.21,0,normal
2026-01-04 14:05:00,api-gateway,47.85,55.33,43.57,1066.27,1139.74,144.84,0.18,30.81,0,normal
2026-01-04 14:05:00,user-service,45.59,54.67,29.34,683.29,632.2,124.96,0.17,39.39,0,normal
2026-01-04 14:05:00,payment-service,60.91,57.35,37.12,863.6,878.73,178.13,0.24,49.98,0,normal
2026-01-04 14:05:00,notification-service,34.08,43.31,59.87,612.54,513.69,110.98,0.2,29.66,0,normal
2026-01-04 14:05:00,database,54.7,65.73,53.52,1468.85,1323.22,108.5,0.21,74.54,0,normal
2026-01-04 14:10:00,api-gateway,52.69,51.54,49.71,1246.48,1182.63,172.0,0.23,34.72,0,normal
2026-01-04 14:10:00,user-service,43.0,49.02,57.24,503.38,592.56,129.01,0.17,30.9,0,normal
2026-01-04 14:10:00,payment-service,56.87,61.3,46.05,984.25,913.48,171.71,0.22,54.64,0,normal
2026-01-04 14:10:00,notification-service,33.32,44.49,64.56,449.44,485.61,117.03,0.18,24.05,0,normal
2026-01-04 14:10:00,database,68.13,65.08,44.87,1476.42,1281.26,103.49,0.23,70.01,0,normal
2026-01-04 14:15:00,api-gateway,46.77,52.77,47.46,1374.41,1159.69,137.41,0.18,34.81,0,normal
2026-01-04 14:15:00,user-service,44.63,50.59,42.85,762.12,654.58,104.28,0.13,40.37,0,normal
2026-01-04 14:15:00,payment-service,50.47,59.46,29.62,1081.15,916.95,183.9,0.25,51.88,0,normal
2026-01-04 14:15:00,notification-service,40.58,47.37,46.05,451.64,546.52,105.55,0.19,31.01,0,normal
2026-01-04 14:15:00,database,56.87,63.95,49.12,1081.71,1265.87,98.25,0.21,73.56,0,normal
2026-01-04 14:20:00,api-gateway,54.08,55.24,50.56,1025.83,1079.71,142.23,0.14,35.51,0,normal
2026-01-04 14:20:00,user-service,45.65,50.36,43.16,537.72,625.9,126.74,0.21,42.22,0,normal
2026-01-04 14:20:00,payment-service,51.98,56.11,55.68,1099.37,938.71,187.78,0.22,59.23,0,normal
2026-01-04 14:20:00,notification-service,39.41,46.8,61.7,417.86,513.36,123.88,0.16,27.59,0,normal
2026-01-04 14:20:00,database,61.58,65.51,65.73,1270.89,1360.94,109.04,0.13,72.52,0,normal
2026-01-04 14:25:00,api-gateway,54.15,60.01,53.56,1400.5,1218.07,165.97,0.14,35.86,0,normal
2026-01-04 14:25:00,user-service,37.61,51.52,51.82,565.71,669.95,116.59,0.22,36.61,0,normal
2026-01-04 14:25:00,payment-service,55.76,63.42,64.02,1073.85,926.21,184.55,0.24,51.58,0,normal
2026-01-04 14:25:00,notification-service,38.01,44.1,42.31,542.74,512.42,124.63,0.2,29.09,0,normal
2026-01-04 14:25:00,database,56.94,65.31,47.32,1276.22,1355.97,110.25,0.22,77.97,0,normal
2026-01-04 14:30:00,api-gateway,54.94,61.4,69.79,1332.6,1185.06,138.35,0.23,36.01,0,normal
2026-01-04 14:30:00,user-service,40.87,50.11,60.66,683.62,667.63,111.92,0.19,41.57,0,normal
2026-01-04 14:30:00,payment-service,56.6,59.47,43.66,922.18,907.03,191.72,0.18,54.39,0,normal
2026-01-04 14:30:00,notification-service,41.22,43.93,30.57,576.37,525.64,120.16,0.2,29.65,0,normal
2026-01-04 14:30:00,database,56.58,67.21,68.48,1436.12,1315.11,110.94,0.16,72.17,0,normal
2026-01-04 14:35:00,api-gateway,53.28,55.81,53.77,1199.12,1187.22,151.44,0.2,36.88,0,normal
2026-01-04 14:35:00,user-service,46.52,49.61,53.17,532.79,604.82,119.93,0.21,33.08,0,normal
2026-01-04 14:35:00,payment-service,57.35,61.31,58.35,1077.73,960.43,181.94,0.27,54.99,0,normal
2026-01-04 14:35:00,notification-service,33.67,41.9,60.94,515.7,525.49,104.36,0.22,29.32,0,normal
2026-01-04 14:35:00,database,59.66,66.42,49.75,1332.79,1328.09,96.44,0.26,75.69,0,normal
2026-01-04 14:40:00,api-gateway,53.89,55.82,57.17,1194.31,1173.16,140.37,0.26,32.48,0,normal
2026-01-04 14:40:00,user-service,40.41,51.49,48.09,734.01,634.56,127.14,0.18,35.93,0,normal
2026-01-04 14:40:00,payment-service,56.22,57.5,47.84,915.37,906.61,173.13,0.17,53.32,0,normal
2026-01-04 14:40:00,notification-service,39.71,42.3,49.83,533.68,547.73,111.49,0.2,28.12,0,normal
2026-01-04 14:40:00,database,62.4,73.33,34.91,1114.01,1289.22,84.69,0.27,69.29,0,normal
2026-01-04 14:45:00,api-gateway,50.8,54.91,70.03,936.53,1170.43,155.55,0.24,29.67,0,normal
2026-01-04 14:45:00,user-service,40.06,50.78,65.28,704.99,660.66,134.48,0.22,41.22,0,normal
2026-01-04 14:45:00,payment-service,58.76,63.51,45.77,741.41,888.42,173.12,0.09,51.32,0,normal
2026-01-04 14:45:00,notification-service,32.58,48.18,60.4,541.63,508.55,114.39,0.21,34.21,0,normal
2026-01-04 14:45:00,database,60.8,62.33,52.55,1535.74,1289.59,111.22,0.19,75.18,0,normal
2026-01-04 14:50:00,api-gateway,50.81,52.0,51.84,1182.03,1165.59,145.79,0.21,34.91,0,normal
2026-01-04 14:50:00,user-service,45.4,49.44,55.58,707.72,668.13,130.22,0.2,41.76,0,normal
2026-01-04 14:50:00,payment-service,67.12,57.53,48.69,903.51,892.41,188.36,0.2,52.06,0,normal
2026-01-04 14:50:00,notification-service,32.91,41.89,47.8,540.46,528.51,132.8,0.2,27.36,0,normal
2026-01-04 14:50:00,database,63.47,60.92,31.99,1226.05,1407.42,121.53,0.16,71.82,0,normal
2026-01-04 14:55:00,api-gateway,51.52,55.59,59.89,1144.98,1131.12,136.97,0.14,29.12,0,normal
2026-01-04 14:55:00,user-service,49.65,44.66,40.59,729.31,656.86,116.13,0.24,40.32,0,normal
2026-01-04 14:55:00,payment-service,56.3,60.55,52.73,1043.57,961.58,190.66,0.25,52.51,0,normal
2026-01-04 14:55:00,notification-service,40.58,44.9,43.98,427.71,534.2,107.71,0.17,28.12,0,normal
2026-01-04 14:55:00,database,58.56,64.45,42.03,1546.15,1382.74,114.41,0.22,75.83,0,normal
2026-01-04 15:00:00,api-gateway,42.62,52.01,51.6,1077.35,1254.02,140.86,0.21,29.81,0,normal
2026-01-04 15:00:00,user-service,39.36,47.61,53.14,817.21,699.38,124.09,0.28,36.79,0,normal
2026-01-04 15:00:00,payment-service,55.2,57.92,55.1,1004.62,878.43,165.77,0.25,54.57,0,normal
2026-01-04 15:00:00,notification-service,34.6,46.79,56.3,537.19,511.24,101.86,0.18,21.97,0,normal
2026-01-04 15:00:00,database,64.44,67.62,42.92,1422.13,1265.58,93.29,0.22,73.57,0,normal
2026-01-04 15:05:00,api-gateway,50.36,56.91,55.86,1323.06,1186.06,148.73,0.24,27.28,0,normal
2026-01-04 15:05:00,user-service,41.5,48.83,43.94,724.57,669.79,121.22,0.18,35.23,0,normal
2026-01-04 15:05:00,payment-service,53.13,58.79,46.38,996.6,966.06,174.63,0.19,52.69,0,normal
2026-01-04 15:05:00,notification-service,31.04,43.86,26.22,543.49,504.0,106.11,0.17,31.55,0,normal
2026-01-04 15:05:00,database,58.04,65.51,47.7,1095.05,1283.28,79.01,0.21,71.07,0,normal
2026-01-04 15:10:00,api-gateway,47.26,56.02,56.4,1113.09,1163.5,145.41,0.15,32.79,0,normal
2026-01-04 15:10:00,user-service,35.65,53.68,27.83,597.19,626.3,113.02,0.23,45.07,0,normal
2026-01-04 15:10:00,payment-service,61.6,59.5,45.93,802.82,909.24,178.41,0.16,52.18,0,normal
2026-01-04 15:10:00,notification-service,36.78,48.17,49.48,559.28,495.92,129.66,0.14,27.36,0,normal
2026-01-04 15:10:00,database,57.56,64.42,45.21,1394.21,1414.63,117.46,0.24,71.69,0,normal
2026-01-04 15:15:00,api-gateway,51.4,55.39,49.82,1327.95,1215.15,145.63,0.25,34.86,0,normal
2026-01-04 15:15:00,user-service,44.38,49.4,60.12,616.37,658.73,128.0,0.18,38.26,0,normal
2026-01-04 15:15:00,payment-service,58.57,61.43,53.14,1096.0,944.67,161.56,0.25,57.96,0,normal
2026-01-04 15:15:00,notification-service,35.24,49.77,45.3,417.83,519.94,93.9,0.27,24.86,0,normal
2026-01-04 15:15:00,database,59.41,68.39,72.42,1090.96,1234.93,89.61,0.24,75.52,0,normal
2026-01-04 15:20:00,api-gateway,52.09,60.41,59.56,1248.48,1131.83,143.6,0.22,37.46,0,normal
2026-01-04 15:20:00,user-service,42.97,52.59,44.77,620.6,591.17,106.64,0.12,36.03,0,normal
2026-01-04 15:20:00,payment-service,61.36,61.5,37.8,924.92,912.68,173.6,0.26,51.98,0,normal
2026-01-04 15:20:00,notification-service,30.96,46.87,47.47,481.51,535.5,114.23,0.19,27.05,0,normal
2026-01-04 15:20:00,database,63.72,69.83,50.57,1220.96,1305.89,86.55,0.28,65.74,0,normal
2026-01-04 15:25:00,api-gateway,51.22,56.78,46.03,978.3,1174.93,135.26,0.13,35.0,0,normal
2026-01-04 15:25:00,user-service,41.5,46.49,42.4,659.92,692.24,131.74,0.25,43.16,0,normal
2026-01-04 15:25:00,payment-service,52.1,60.8,51.89,1000.07,871.18,166.95,0.22,56.21,0,normal
2026-01-04 15:25:00,notification-service,38.47,47.39,60.49,458.73,504.07,128.8,0.22,29.02,0,normal
2026-01-04 15:25:00,database,62.15,58.57,64.14,1462.89,1231.47,124.61,0.23,68.39,0,normal
2026-01-04 15:30:00,api-gateway,57.78,59.65,56.5,1044.8,1172.48,140.2,0.26,36.35,0,normal
2026-01-04 15:30:00,user-service,49.05,53.79,41.2,530.78,659.69,119.72,0.27,41.39,0,normal
2026-01-04 15:30:00,payment-service,54.1,61.12,51.07,723.22,837.36,178.47,0.18,54.51,0,normal
2026-01-04 15:30:00,notification-service,33.08,48.27,50.02,576.88,536.92,110.73,0.08,28.53,0,normal
2026-01-04 15:30:00,database,59.28,63.33,30.25,1172.88,1305.83,109.89,0.29,71.8,0,normal
2026-01-04 15:35:00,api-gateway,51.76,55.13,50.56,1185.18,1198.4,139.09,0.26,33.84,0,normal
2026-01-04 15:35:00,user-service,36.67,51.86,48.18,580.99,639.73,128.96,0.19,35.48,0,normal
2026-01-04 15:35:00,payment-service,54.68,61.27,47.96,850.59,910.22,179.21,0.11,56.62,0,normal
2026-01-04 15:35:00,notification-service,37.03,46.66,53.04,467.22,539.56,110.43,0.18,28.09,0,normal
2026-01-04 15:35:00,database,51.0,62.7,62.97,1371.0,1237.71,97.56,0.12,75.1,0,normal
2026-01-04 15:40:00,api-gateway,52.07,53.99,48.16,1069.01,1144.27,149.05,0.16,34.36,0,normal
2026-01-04 15:40:00,user-service,39.58,51.11,40.93,621.71,646.15,113.21,0.27,35.07,0,normal
2026-01-04 15:40:00,payment-service,61.11,57.15,45.15,935.99,934.18,157.21,0.29,54.29,0,normal
2026-01-04 15:40:00,notification-service,33.17,41.55,33.62,477.45,522.04,97.25,0.16,27.78,0,normal
2026-01-04 15:40:00,database,58.47,68.45,65.34,1142.64,1325.44,102.88,0.22,74.23,0,normal
2026-01-04 15:45:00,api-gateway,47.0,60.15,58.7,1007.4,1137.78,157.54,0.3,34.89,0,normal
2026-01-04 15:45:00,user-service,50.31,44.33,55.21,507.63,625.18,109.83,0.15,34.14,0,normal
2026-01-04 15:45:00,payment-service,56.37,58.22,74.76,837.42,972.99,189.68,0.21,53.97,0,normal
2026-01-04 15:45:00,notification-service,33.62,42.7,63.81,455.99,520.07,121.59,0.29,29.37,0,normal
2026-01-04 15:45:00,database,69.59,59.37,62.5,1309.5,1240.31,82.01,0.24,69.65,0,normal
2026-01-04 15:50:00,api-gateway,54.4,53.53,48.72,1104.05,1083.58,147.91,0.28,41.07,0,normal
2026-01-04 15:50:00,user-service,44.75,48.46,39.68,695.78,685.54,135.67,0.19,40.96,0,normal
2026-01-04 15:50:00,payment-service,52.39,61.99,51.17,1014.18,898.93,189.46,0.15,51.01,0,normal
2026-01-04 15:50:00,notification-service,39.02,42.13,50.61,547.61,496.94,117.62,0.15,28.72,0,normal
2026-01-04 15:50:00,database,57.94,61.94,53.16,1469.42,1285.24,91.81,0.16,76.26,0,normal
2026-01-04 15:55:00,api-gateway,47.1,54.93,44.95,1238.35,1156.51,158.27,0.24,33.74,0,normal
2026-01-04 15:55:00,user-service,35.42,51.52,43.6,730.91,644.04,128.29,0.13,38.72,0,normal
2026-01-04 15:55:00,payment-service,66.95,57.72,56.7,807.61,877.16,167.64,0.23,54.84,0,normal
2026-01-04 15:55:00,notification-service,38.79,50.16,51.63,578.16,502.51,121.66,0.13,27.32,0,normal
2026-01-04 15:55:00,database,66.53,64.07,47.63,1177.89,1350.45,103.78,0.14,74.79,0,normal
2026-01-04 16:00:00,api-gateway,50.94,58.25,43.97,1333.02,1195.89,149.39,0.16,31.77,0,normal
2026-01-04 16:00:00,user-service,45.05,43.77,39.55,616.52,654.02,117.09,0.21,44.21,0,normal
2026-01-04 16:00:00,payment-service,54.93,61.28,34.67,1044.29,885.36,173.05,0.28,49.14,0,normal
2026-01-04 16:00:00,notification-service,32.82,47.99,62.29,404.86,475.27,126.75,0.15,32.05,0,normal
2026-01-04 16:00:00,database,65.83,62.77,53.77,1034.88,1256.14,110.19,0.16,75.58,0,normal
2026-01-04 16:05:00,api-gateway,51.99,52.12,38.86,1056.48,1129.78,147.18,0.15,30.98,0,normal
2026-01-04 16:05:00,user-service,39.51,51.07,47.23,741.98,643.69,126.6,0.25,32.99,0,normal
2026-01-04 16:05:00,payment-service,56.65,56.53,56.6,855.61,918.45,163.22,0.3,54.21,0,normal
2026-01-04 16:05:00,notification-service,35.33,41.56,45.52,415.19,511.96,120.06,0.28,31.22,0,normal
2026-01-04 16:05:00,database,57.77,64.75,58.34,1103.53,1332.24,141.35,0.23,72.44,0,normal
2026-01-04 16:10:00,api-gateway,52.66,54.41,53.53,1325.92,1136.85,137.32,0.15,39.76,0,normal
2026-01-04 16:10:00,user-service,39.6,53.15,46.77,546.59,651.42,128.85,0.13,34.79,0,normal
2026-01-04 16:10:00,payment-service,52.7,63.88,54.37,800.11,978.08,183.87,0.18,48.04,0,normal
2026-01-04 16:10:00,notification-service,27.87,46.02,71.89,422.65,520.71,114.49,0.22,25.22,0,normal
2026-01-04 16:10:00,database,62.73,61.14,62.68,1338.57,1226.84,93.66,0.12,68.86,0,normal
2026-01-04 16:15:00,api-gateway,48.05,56.82,52.69,1413.01,1193.47,144.82,0.15,35.7,0,normal
2026-01-04 16:15:00,user-service,51.08,46.05,69.64,702.77,618.55,120.12,0.21,37.59,0,normal
2026-01-04 16:15:00,payment-service,52.61,60.9,46.21,938.72,945.42,182.87,0.16,58.85,0,normal
2026-01-04 16:15:00,notification-service,38.14,48.15,50.93,595.56,500.75,119.85,0.16,28.98,0,normal
2026-01-04 16:15:00,database,58.0,67.48,39.7,1203.39,1283.49,107.48,0.16,70.84,0,normal
2026-01-04 16:20:00,api-gateway,54.53,56.02,45.83,1153.27,1134.67,127.38,0.2,34.4,0,normal
2026-01-04 16:20:00,user-service,39.62,46.23,43.01,759.5,643.95,127.6,0.26,37.42,0,normal
2026-01-04 16:20:00,payment-service,58.82,56.41,38.61,996.63,911.39,174.96,0.26,54.61,0,normal
2026-01-04 16:20:00,notification-service,33.09,45.37,51.72,444.35,503.18,111.62,0.16,26.61,0,normal
2026-01-04 16:20:00,database,61.54,66.07,46.51,1289.86,1245.48,102.7,0.26,69.22,0,normal
2026-01-04 16:25:00,api-gateway,56.33,52.92,56.35,1211.08,1193.71,133.05,0.27,31.2,0,normal
2026-01-04 16:25:00,user-service,47.63,51.16,68.37,727.41,635.05,138.81,0.19,38.18,0,normal
2026-01-04 16:25:00,payment-service,55.62,59.85,70.99,1064.06,935.25,181.54,0.16,48.97,0,normal
2026-01-04 16:25:00,notification-service,32.13,45.22,61.75,423.15,502.51,107.05,0.14,23.26,0,normal
2026-01-04 16:25:00,database,55.38,65.33,18.66,1485.01,1292.88,98.98,0.18,70.49,0,normal
2026-01-04 16:30:00,api-gateway,54.66,57.51,53.16,1297.59,1179.09,140.45,0.23,34.91,0,normal
2026-01-04 16:30:00,user-service,41.15,54.62,50.32,546.39,676.53,132.41,0.17,40.25,0,normal
2026-01-04 16:30:00,payment-service,57.93,58.32,43.01,991.62,903.75,153.03,0.12,54.7,0,normal
2026-01-04 16:30:00,notification-service,37.21,51.1,36.87,566.73,536.4,124.81,0.12,27.29,0,normal
2026-01-04 16:30:00,database,64.33,63.99,39.27,1491.07,1300.79,123.47,0.18,71.8,0,normal
2026-01-04 16:35:00,api-gateway,50.99,56.12,66.13,1103.2,1176.93,125.89,0.26,31.06,0,normal
2026-01-04 16:35:00,user-service,35.58,55.2,64.89,786.64,681.29,131.58,0.16,41.77,0,normal
2026-01-04 16:35:00,payment-service,52.71,57.64,58.22,844.94,900.62,169.55,0.26,52.59,0,normal
2026-01-04 16:35:00,notification-service,32.32,45.59,59.27,475.93,567.85,114.41,0.22,36.06,0,normal
2026-01-04 16:35:00,database,63.05,68.95,44.91,1299.5,1359.09,97.29,0.23,76.26,0,normal
2026-01-04 16:40:00,api-gateway,59.61,52.87,59.3,1181.5,1236.31,148.88,0.19,32.54,0,normal
2026-01-04 16:40:00,user-service,38.17,52.82,40.01,652.16,648.85,123.48,0.27,41.26,0,normal
2026-01-04 16:40:00,payment-service,55.32,61.47,45.63,978.26,893.91,169.55,0.2,51.32,0,normal
2026-01-04 16:40:00,notification-service,38.56,42.8,57.86,430.04,484.34,99.29,0.15,30.61,0,normal
2026-01-04 16:40:00,database,58.51,64.48,40.02,1225.74,1292.4,97.13,0.15,75.28,0,normal
2026-01-04 16:45:00,api-gateway,51.86,56.11,70.99,1308.4,1193.41,150.28,0.21,37.86,0,normal
2026-01-04 16:45:00,user-service,46.68,49.57,38.5,726.68,684.99,120.51,0.22,37.16,0,normal
2026-01-04 16:45:00,payment-service,57.59,60.85,28.94,928.68,894.12,174.16,0.28,56.39,0,normal
2026-01-04 16:45:00,notification-service,30.05,41.25,34.24,521.63,508.34,120.51,0.3,33.64,0,normal
2026-01-04 16:45:00,database,60.14,62.66,54.49,1114.96,1285.21,101.43,0.21,71.91,0,normal
2026-01-04 16:50:00,api-gateway,49.52,56.53,49.11,1227.81,1146.83,161.91,0.22,39.09,0,normal
2026-01-04 16:50:00,user-service,43.82,54.37,56.73,598.18,682.91,118.39,0.26,37.58,0,normal
2026-01-04 16:50:00,payment-service,55.5,58.03,60.52,688.33,822.09,165.92,0.13,50.37,0,normal
2026-01-04 16:50:00,notification-service,34.62,45.18,57.33,388.75,477.44,114.02,0.25,21.83,0,normal
2026-01-04 16:50:00,database,63.19,61.72,51.87,1381.87,1193.83,113.73,0.27,73.79,0,normal
2026-01-04 16:55:00,api-gateway,52.79,55.09,50.98,1192.68,1206.86,136.65,0.19,36.69,0,normal
2026-01-04 16:55:00,user-service,37.21,48.77,45.99,710.18,671.05,127.28,0.17,42.88,0,normal
2026-01-04 16:55:00,payment-service,54.34,64.27,52.45,759.32,862.81,186.18,0.25,59.27,0,normal
2026-01-04 16:55:00,notification-service,37.28,51.45,44.04,489.08,506.34,108.85,0.16,26.96,0,normal
2026-01-04 16:55:00,database,65.03,65.51,40.71,1277.28,1279.87,105.3,0.27,69.25,0,normal
2026-01-04 17:00:00,api-gateway,54.74,53.72,58.4,979.19,1171.21,159.01,0.23,30.18,0,normal
2026-01-04 17:00:00,user-service,40.38,46.0,59.62,668.88,667.34,140.44,0.26,42.47,0,normal
2026-01-04 17:00:00,payment-service,56.09,59.98,48.95,825.7,904.87,163.12,0.23,55.21,0,normal
2026-01-04 17:00:00,notification-service,35.11,44.93,39.95,447.17,555.25,110.58,0.22,29.38,0,normal
2026-01-04 17:00:00,database,65.04,66.88,47.75,1608.32,1395.11,104.51,0.14,74.98,0,normal
2026-01-04 17:05:00,api-gateway,57.32,57.71,40.34,1091.63,1129.33,136.75,0.13,33.33,0,normal
2026-01-04 17:05:00,user-service,38.99,45.16,57.87,614.05,613.65,140.05,0.25,37.02,0,normal
2026-01-04 17:05:00,payment-service,46.89,60.1,71.61,920.69,910.22,168.12,0.14,57.63,0,normal
2026-01-04 17:05:00,notification-service,40.84,46.16,52.05,563.02,513.62,100.9,0.22,28.35,0,normal
2026-01-04 17:05:00,database,65.32,67.1,36.51,1354.49,1279.64,98.9,0.27,72.67,0,normal
2026-01-04 17:10:00,api-gateway,47.94,60.29,63.22,1194.98,1142.1,144.35,0.19,32.7,0,normal
2026-01-04 17:10:00,user-service,33.47,50.09,58.02,796.4,703.6,127.5,0.16,38.8,0,normal
2026-01-04 17:10:00,payment-service,49.03,59.03,51.81,890.14,855.96,178.63,0.21,48.14,0,normal
2026-01-04 17:10:00,notification-service,36.97,44.92,37.43,449.8,516.65,118.2,0.19,22.53,0,normal
2026-01-04 17:10:00,database,57.33,64.99,58.05,1472.13,1245.25,99.25,0.26,76.85,0,normal
2026-01-04 17:15:00,api-gateway,53.75,56.63,48.26,1115.35,1205.32,167.64,0.11,34.68,0,normal
2026-01-04 17:15:00,user-service,36.12,45.11,36.15,577.44,615.13,126.75,0.2,39.86,0,normal
2026-01-04 17:15:00,payment-service,54.64,61.86,45.93,815.68,893.56,178.56,0.16,52.55,0,normal
2026-01-04 17:15:00,notification-service,37.91,44.15,68.86,616.41,518.27,117.76,0.14,29.37,0,normal
2026-01-04 17:15:00,database,64.14,65.83,56.7,1017.28,1262.93,103.61,0.16,76.89,0,normal
2026-01-04 17:20:00,api-gateway,52.16,60.56,49.42,986.45,1228.48,129.5,0.07,35.1,0,normal
2026-01-04 17:20:00,user-service,42.94,53.7,31.57,703.22,675.52,131.86,0.2,39.34,0,normal
2026-01-04 17:20:00,payment-service,54.28,63.21,58.25,1072.87,943.64,186.02,0.24,51.65,0,normal
2026-01-04 17:20:00,notification-service,41.29,34.14,40.47,436.82,534.8,140.64,0.21,30.91,0,normal
2026-01-04 17:20:00,database,55.89,68.79,64.94,1206.55,1319.61,110.67,0.18,70.62,0,normal
2026-01-04 17:25:00,api-gateway,53.83,53.15,42.1,1372.5,1188.71,138.85,0.18,35.15,0,normal
2026-01-04 17:25:00,user-service,47.35,51.47,46.5,686.02,628.63,117.3,0.2,37.98,0,normal
2026-01-04 17:25:00,payment-service,52.68,59.99,27.16,1057.38,918.17,175.85,0.12,46.64,0,normal
2026-01-04 17:25:00,notification-service,36.03,43.63,57.31,542.4,534.16,109.39,0.25,24.51,0,normal
2026-01-04 17:25:00,database,65.55,62.96,43.66,1144.6,1286.09,106.83,0.2,70.63,0,normal
2026-01-04 17:30:00,api-gateway,41.36,59.85,49.49,1143.5,1164.09,142.61,0.23,32.16,0,normal
2026-01-04 17:30:00,user-service,40.68,46.52,61.7,652.36,659.1,121.86,0.12,34.67,0,normal
2026-01-04 17:30:00,payment-service,57.86,61.15,62.56,1067.56,910.28,169.99,0.14,46.57,0,normal
2026-01-04 17:30:00,notification-service,39.45,41.82,38.64,469.55,537.58,129.64,0.19,25.67,0,normal
2026-01-04 17:30:00,database,57.21,67.25,59.72,1629.07,1362.42,96.44,0.2,70.92,0,normal
2026-01-04 17:35:00,api-gateway,48.9,54.54,59.34,1106.29,1156.58,148.82,0.14,31.65,0,normal
2026-01-04 17:35:00,user-service,46.09,47.56,72.45,628.44,641.11,135.79,0.29,37.03,0,normal
2026-01-04 17:35:00,payment-service,49.15,59.26,47.61,1109.14,946.1,171.75,0.21,53.61,0,normal
2026-01-04 17:35:00,notification-service,33.11,40.54,58.25,573.74,530.02,125.8,0.17,33.83,0,normal
2026-01-04 17:35:00,database,59.37,62.82,55.96,1426.49,1430.15,106.74,0.17,76.86,0,normal
2026-01-04 17:40:00,api-gateway,46.97,56.04,67.84,1053.84,1159.4,129.12,0.16,35.82,0,normal
2026-01-04 17:40:00,user-service,35.77,51.1,48.46,656.67,684.27,137.45,0.17,35.59,0,normal
2026-01-04 17:40:00,payment-service,53.87,61.6,32.65,715.62,883.82,158.98,0.22,52.92,0,normal
2026-01-04 17:40:00,notification-service,33.91,44.97,64.34,548.54,491.65,105.52,0.18,23.23,0,normal
2026-01-04 17:40:00,database,61.38,67.52,53.51,1181.97,1283.59,99.58,0.14,71.64,0,normal
2026-01-04 17:45:00,api-gateway,55.44,56.53,50.21,1309.29,1212.0,161.22,0.15,27.72,0,normal
2026-01-04 17:45:00,user-service,36.19,53.97,45.24,662.77,672.03,117.92,0.19,40.08,0,normal
2026-01-04 17:45:00,payment-service,56.56,62.04,48.23,966.63,957.51,166.98,0.27,58.43,0,normal
2026-01-04 17:45:00,notification-service,42.3,43.21,57.67,547.47,532.21,115.44,0.21,28.03,0,normal
2026-01-04 17:45:00,database,54.14,67.06,52.0,1279.62,1381.62,116.82,0.26,74.91,0,normal
2026-01-04 17:50:00,api-gateway,51.1,54.76,43.08,1366.31,1158.91,136.83,0.18,32.36,0,normal
2026-01-04 17:50:00,user-service,33.73,47.73,53.36,686.54,623.54,138.88,0.2,40.68,0,normal
2026-01-04 17:50:00,payment-service,54.39,54.37,55.37,1038.66,870.55,158.66,0.17,57.6,0,normal
2026-01-04 17:50:00,notification-service,46.69,48.21,47.14,564.64,517.78,98.46,0.14,24.6,0,normal
2026-01-04 17:50:00,database,60.34,67.13,47.29,1083.8,1310.41,104.07,0.22,70.01,0,normal
2026-01-04 17:55:00,api-gateway,47.66,56.06,48.59,1209.47,1088.06,157.43,0.22,35.6,0,normal
2026-01-04 17:55:00,user-service,40.97,51.31,52.99,683.3,671.08,134.95,0.14,38.39,0,normal
2026-01-04 17:55:00,payment-service,55.63,59.24,62.58,876.14,945.08,179.21,0.27,54.97,0,normal
2026-01-04 17:55:00,notification-service,38.1,47.95,45.98,656.92,564.75,111.77,0.19,27.61,0,normal
2026-01-04 17:55:00,database,57.7,64.49,57.02,1407.54,1234.41,106.71,0.25,68.19,0,normal
2026-01-04 18:00:00,api-gateway,70.0,56.68,47.92,1036.99,1153.24,193.63,0.5,32.61,0,cpu_overload
2026-01-04 18:00:00,user-service,40.52,47.75,44.02,809.06,679.46,140.12,0.19,39.9,0,normal
2026-01-04 18:00:00,payment-service,52.19,58.01,32.21,1019.38,901.23,171.67,0.24,54.36,0,normal
2026-01-04 18:00:00,notification-service,38.34,48.89,49.33,469.3,495.97,118.28,0.11,26.9,0,normal
2026-01-04 18:00:00,database,59.94,64.04,41.55,1510.82,1284.57,101.79,0.12,77.92,0,normal
2026-01-04 18:05:00,api-gateway,72.42,55.31,62.14,1082.92,1151.16,181.75,0.96,35.76,0,cpu_overload
2026-01-04 18:05:00,user-service,43.54,47.54,52.59,544.29,677.07,123.86,0.15,37.34,0,normal
2026-01-04 18:05:00,payment-service,56.66,59.32,58.93,940.62,985.44,173.13,0.17,53.71,0,normal
2026-01-04 18:05:00,notification-service,35.12,48.81,41.24,503.18,539.75,131.7,0.27,27.66,0,normal
2026-01-04 18:05:00,database,65.37,66.14,59.27,1350.34,1255.41,79.46,0.17,72.52,0,normal
2026-01-04 18:10:00,api-gateway,74.83,56.13,50.54,1181.4,1139.97,202.28,1.42,38.25,0,cpu_overload
2026-01-04 18:10:00,user-service,47.0,45.88,57.12,624.72,654.9,126.52,0.29,37.27,0,normal
2026-01-04 18:10:00,payment-service,45.21,59.09,49.71,1061.85,907.7,175.61,0.1,53.63,0,normal
2026-01-04 18:10:00,notification-service,40.19,47.06,38.49,522.88,503.35,124.19,0.19,28.13,0,normal
2026-01-04 18:10:00,database,63.97,64.62,36.05,1316.34,1280.9,78.39,0.26,72.23,0,normal
2026-01-04 18:15:00,api-gateway,77.25,54.17,43.31,1145.33,1179.92,251.56,1.88,33.93,0,cpu_overload
2026-01-04 18:15:00,user-service,37.8,51.5,70.74,593.6,675.19,117.39,0.28,45.1,0,normal
2026-01-04 18:15:00,payment-service,55.58,54.53,55.19,897.43,986.67,166.52,0.23,56.83,0,normal
2026-01-04 18:15:00,notification-service,39.13,46.57,52.37,493.24,480.6,108.73,0.21,27.09,0,normal
2026-01-04 18:15:00,database,54.64,64.64,78.56,1438.9,1334.51,105.54,0.22,70.86,0,normal
2026-01-04 18:20:00,api-gateway,79.67,51.19,52.66,1168.05,1146.14,255.69,2.33,33.57,0,cpu_overload
2026-01-04 18:20:00,user-service,42.11,50.04,48.2,705.88,637.24,133.82,0.2,38.49,0,normal
2026-01-04 18:20:00,payment-service,58.26,64.81,54.06,993.28,927.57,173.12,0.26,50.36,0,normal
2026-01-04 18:20:00,notification-service,30.34,46.01,50.51,404.12,497.82,124.47,0.25,24.37,0,normal
2026-01-04 18:20:00,database,65.54,65.78,46.6,1208.11,1296.25,116.04,0.14,70.8,0,normal
2026-01-04 18:25:00,api-gateway,82.08,55.44,47.79,1109.91,1109.41,277.54,2.79,29.7,0,cpu_overload
2026-01-04 18:25:00,user-service,42.43,51.67,68.99,709.35,623.98,124.75,0.14,35.99,0,normal
2026-01-04 18:25:00,payment-service,56.95,58.1,55.17,805.05,912.54,200.73,0.05,51.27,0,normal
2026-01-04 18:25:00,notification-service,35.51,44.62,48.9,587.21,492.6,110.05,0.18,27.48,0,normal
2026-01-04 18:25:00,database,57.31,66.41,47.84,1112.4,1262.21,89.06,0.22,73.84,0,normal
2026-01-04 18:30:00,api-gateway,84.5,52.03,50.75,1169.7,1120.2,282.53,3.25,35.85,0,cpu_overload
2026-01-04 18:30:00,user-service,43.88,49.78,51.86,678.24,692.45,142.82,0.25,38.69,0,normal
2026-01-04 18:30:00,payment-service,63.57,59.51,66.29,920.22,898.6,159.48,0.24,53.07,0,normal
2026-01-04 18:30:00,notification-service,32.15,42.77,41.75,572.36,500.08,102.37,0.18,28.6,0,normal
2026-01-04 18:30:00,database,61.46,60.87,38.82,1121.07,1278.22,124.57,0.16,75.58,0,normal
2026-01-04 18:35:00,api-gateway,86.92,57.59,53.67,970.92,1123.19,356.65,3.71,32.02,0,cpu_overload
2026-01-04 18:35:00,user-service,41.67,52.34,62.02,548.06,669.89,115.12,0.21,39.53,0,normal
2026-01-04 18:35:00,payment-service,49.85,53.94,34.03,758.38,911.06,162.28,0.3,61.48,0,normal
2026-01-04 18:35:00,notification-service,32.18,46.51,41.88,591.67,527.02,119.94,0.14,25.78,0,normal
2026-01-04 18:35:00,database,63.13,64.94,51.25,1092.41,1306.77,94.68,0.21,71.29,0,normal
2026-01-04 18:40:00,api-gateway,89.33,46.01,68.85,1289.74,1134.41,362.11,4.17,35.42,0,cpu_overload
2026-01-04 18:40:00,user-service,40.56,49.93,46.22,702.27,687.68,111.22,0.21,35.09,0,normal
2026-01-04 18:40:00,payment-service,52.91,56.87,47.31,852.11,935.5,182.41,0.26,56.07,0,normal
2026-01-04 18:40:00,notification-service,39.4,45.94,44.88,619.87,529.39,119.05,0.23,28.42,0,normal
2026-01-04 18:40:00,database,60.68,72.83,57.0,1241.91,1325.52,125.82,0.19,73.28,0,normal
2026-01-04 18:45:00,api-gateway,91.75,55.76,60.95,1121.84,1167.41,337.32,4.62,29.77,0,cpu_overload
2026-01-04 18:45:00,user-service,35.89,51.62,61.94,643.24,628.17,127.42,0.2,37.1,0,normal
2026-01-04 18:45:00,payment-service,52.26,58.68,60.31,890.18,873.52,181.29,0.17,51.89,0,normal
2026-01-04 18:45:00,notification-service,26.45,45.78,67.85,504.48,502.85,130.88,0.16,25.85,0,normal
2026-01-04 18:45:00,database,66.05,66.57,49.05,1196.99,1331.37,110.72,0.21,73.43,0,normal
2026-01-04 18:50:00,api-gateway,94.17,56.17,44.49,1261.86,1061.04,384.76,5.08,34.51,0,cpu_overload
2026-01-04 18:50:00,user-service,44.38,50.29,43.18,538.98,663.83,138.7,0.26,42.27,0,normal
2026-01-04 18:50:00,payment-service,56.23,58.2,59.01,976.31,893.06,172.64,0.24,53.45,0,normal
2026-01-04 18:50:00,notification-service,37.17,42.2,48.8,498.28,528.65,127.15,0.23,34.27,0,normal
2026-01-04 18:50:00,database,66.05,66.05,53.73,1380.19,1256.62,103.34,0.11,73.42,0,normal
2026-01-04 18:55:00,api-gateway,96.58,56.22,57.1,1435.3,1236.91,374.73,5.54,29.21,0,cpu_overload
2026-01-04 18:55:00,user-service,37.91,53.43,39.43,725.0,660.04,132.05,0.14,41.81,0,normal
2026-01-04 18:55:00,payment-service,55.68,60.62,61.69,962.15,982.08,169.79,0.19,57.35,0,normal
2026-01-04 18:55:00,notification-service,42.24,49.56,61.52,475.03,519.56,128.58,0.22,30.48,0,normal
2026-01-04 18:55:00,database,59.07,65.64,40.23,1346.75,1199.46,110.77,0.17,74.71,0,normal
2026-01-04 19:00:00,api-gateway,99.0,54.07,47.53,1082.64,929.08,426.55,6.0,36.57,0,cpu_overload
2026-01-04 19:00:00,user-service,30.58,43.32,45.79,507.15,503.75,126.26,0.12,38.68,0,normal
2026-01-04 19:00:00,payment-service,54.5,64.8,42.04,797.91,765.18,186.2,0.15,58.87,0,normal
2026-01-04 19:00:00,notification-service,27.03,43.16,45.15,312.84,390.15,95.06,0.18,20.51,0,normal
2026-01-04 19:00:00,database,52.7,67.43,43.9,858.74,1057.22,87.93,0.19,60.98,0,normal
2026-01-04 19:05:00,api-gateway,42.43,57.88,41.06,692.21,860.32,145.5,0.16,27.8,0,normal
2026-01-04 19:05:00,user-service,26.48,43.37,48.22,544.0,466.03,143.25,0.28,34.13,0,normal
2026-01-04 19:05:00,payment-service,46.69,64.96,54.0,748.18,694.95,164.06,0.3,47.06,0,normal
2026-01-04 19:05:00,notification-service,26.48,45.31,73.38,407.12,357.96,116.32,0.17,28.53,0,normal
2026-01-04 19:05:00,database,53.64,64.62,60.86,1069.57,997.56,106.79,0.2,71.79,0,normal
2026-01-04 19:10:00,api-gateway,41.64,59.42,50.25,1022.15,855.71,145.85,0.12,24.84,0,normal
2026-01-04 19:10:00,user-service,36.44,52.81,46.29,549.0,515.41,138.72,0.26,32.38,0,normal
2026-01-04 19:10:00,payment-service,47.5,58.88,68.7,786.29,740.77,169.48,0.25,51.83,0,normal
2026-01-04 19:10:00,notification-service,34.72,45.68,55.95,408.59,416.29,124.37,0.17,24.62,0,normal
2026-01-04 19:10:00,database,56.4,63.27,45.19,1144.6,1017.24,99.38,0.16,67.53,0,normal
2026-01-04 19:15:00,api-gateway,46.93,50.5,44.82,971.81,840.22,151.68,0.13,30.04,0,normal
2026-01-04 19:15:00,user-service,39.41,48.51,61.99,552.8,510.06,115.19,0.17,33.97,0,normal
2026-01-04 19:15:00,payment-service,47.34,61.5,42.61,729.47,673.27,160.3,0.19,51.97,0,normal
2026-01-04 19:15:00,notification-service,22.29,44.09,41.07,332.07,396.58,96.6,0.1,22.17,0,normal
2026-01-04 19:15:00,database,52.86,64.0,31.05,1177.88,996.25,88.2,0.19,68.13,0,normal
2026-01-04 19:20:00,api-gateway,45.33,54.52,31.26,857.91,953.78,140.51,0.15,31.09,0,normal
2026-01-04 19:20:00,user-service,31.12,53.82,46.99,580.21,507.04,135.83,0.13,37.42,0,normal
2026-01-04 19:20:00,payment-service,54.79,55.66,43.86,617.71,708.83,183.43,0.24,48.66,0,normal
2026-01-04 19:20:00,notification-service,35.87,44.89,58.5,496.12,433.67,117.93,0.18,33.01,0,normal
2026-01-04 19:20:00,database,56.45,56.31,49.71,1068.55,1029.55,90.58,0.21,70.92,0,normal
2026-01-04 19:25:00,api-gateway,45.52,58.93,44.76,747.31,904.02,163.89,0.14,26.26,0,normal
2026-01-04 19:25:00,user-service,40.69,49.17,54.16,474.38,460.89,122.28,0.24,28.26,0,normal
2026-01-04 19:25:00,payment-service,54.92,58.75,40.7,700.17,721.61,177.42,0.18,49.76,0,normal
2026-01-04 19:25:00,notification-service,32.42,44.09,52.64,429.9,380.25,115.06,0.05,18.5,0,normal
2026-01-04 19:25:00,database,55.54,67.52,61.12,1216.47,1050.23,100.89,0.21,64.98,0,normal
2026-01-04 19:30:00,api-gateway,48.28,60.74,51.55,1045.47,888.17,134.16,0.15,29.61,0,normal
2026-01-04 19:30:00,user-service,36.64,47.37,56.96,454.66,496.09,132.76,0.15,36.96,0,normal
2026-01-04 19:30:00,payment-service,50.08,66.0,42.38,600.21,715.29,151.22,0.23,52.08,0,normal
2026-01-04 19:30:00,notification-service,32.25,46.76,28.08,384.08,380.65,107.22,0.29,23.58,0,normal
2026-01-04 19:30:00,database,52.44,61.07,81.93,892.67,982.94,88.7,0.26,68.06,0,normal
2026-01-04 19:35:00,api-gateway,49.33,52.94,60.84,998.44,867.47,155.6,0.24,33.5,0,normal
2026-01-04 19:35:00,user-service,32.14,51.56,53.39,540.91,495.27,124.04,0.12,36.61,0,normal
2026-01-04 19:35:00,payment-service,52.29,56.14,40.39,778.39,689.2,152.64,0.32,50.04,0,normal
2026-01-04 19:35:00,notification-service,25.74,47.34,44.19,469.55,406.64,100.98,0.21,23.5,0,normal
2026-01-04 19:35:00,database,58.47,64.88,60.89,996.21,960.38,95.44,0.18,68.36,0,normal
2026-01-04 19:40:00,api-gateway,48.37,54.73,55.14,1029.89,919.52,133.21,0.16,30.11,0,normal
2026-01-04 19:40:00,user-service,36.74,48.31,46.09,610.21,523.64,111.85,0.14,38.48,0,normal
2026-01-04 19:40:00,payment-service,53.7,55.26,65.21,587.85,709.73,170.97,0.19,53.52,0,normal
2026-01-04 19:40:00,notification-service,33.91,41.41,27.81,403.19,426.68,109.95,0.2,24.56,0,normal
2026-01-04 19:40:00,database,47.04,64.45,41.12,958.61,1101.94,99.9,0.26,70.56,0,normal
2026-01-04 19:45:00,api-gateway,45.38,50.17,48.04,774.7,812.42,134.22,0.19,22.42,0,normal
2026-01-04 19:45:00,user-service,33.87,50.16,41.76,440.99,522.27,126.75,0.21,36.31,0,normal
2026-01-04 19:45:00,payment-service,45.24,60.67,63.49,634.54,661.07,167.73,0.25,51.63,0,normal
2026-01-04 19:45:00,notification-service,33.65,40.76,72.75,422.71,397.01,107.02,0.12,28.83,0,normal
2026-01-04 19:45:00,database,53.52,62.75,44.16,1184.4,1010.13,107.82,0.19,73.88,0,normal
2026-01-04 19:50:00,api-gateway,48.41,55.52,53.33,994.93,918.11,133.49,0.29,30.14,0,normal
2026-01-04 19:50:00,user-service,36.03,48.52,63.64,552.13,531.01,105.55,0.25,38.8,0,normal
2026-01-04 19:50:00,payment-service,46.42,59.93,64.72,706.63,679.88,171.22,0.14,48.66,0,normal
2026-01-04 19:50:00,notification-service,29.52,43.59,37.83,385.19,382.8,112.63,0.14,25.49,0,normal
2026-01-04 19:50:00,database,58.19,65.57,58.81,1088.85,1069.47,103.03,0.32,72.71,0,normal
2026-01-04 19:55:00,api-gateway,44.1,51.39,37.34,901.97,913.33,146.83,0.16,27.43,0,normal
2026-01-04 19:55:00,user-service,34.77,51.66,44.66,424.04,488.63,123.92,0.21,30.9,0,normal
2026-01-04 19:55:00,payment-service,49.78,63.19,56.52,691.69,687.39,166.55,0.2,48.35,0,normal
2026-01-04 19:55:00,notification-service,30.26,44.06,42.88,387.83,380.03,110.42,0.19,27.25,0,normal
2026-01-04 19:55:00,database,51.5,69.36,64.21,985.98,1057.82,90.14,0.18,68.28,0,normal
2026-01-04 20:00:00,api-gateway,39.95,56.65,46.57,714.4,862.66,123.7,0.21,27.82,0,normal
2026-01-04 20:00:00,user-service,33.63,48.52,38.93,403.26,489.9,131.0,0.23,32.98,0,normal
2026-01-04 20:00:00,payment-service,52.4,56.17,34.14,867.02,739.1,175.6,0.17,53.7,0,normal
2026-01-04 20:00:00,notification-service,34.62,46.56,36.17,420.23,391.19,132.77,0.2,21.51,0,normal
2026-01-04 20:00:00,database,50.77,63.06,55.99,1088.42,1065.64,77.91,0.16,71.77,0,normal
2026-01-04 20:05:00,api-gateway,48.38,55.37,49.04,980.13,877.4,140.65,0.22,25.95,0,normal
2026-01-04 20:05:00,user-service,37.59,45.97,48.19,562.04,481.42,133.67,0.13,37.72,0,normal
2026-01-04 20:05:00,payment-service,49.89,63.75,50.6,738.55,705.68,169.55,0.2,52.2,0,normal
2026-01-04 20:05:00,notification-service,34.6,49.23,48.99,427.45,399.48,111.7,0.27,24.69,0,normal
2026-01-04 20:05:00,database,53.21,67.53,51.71,1169.62,1057.23,113.45,0.16,66.83,0,normal
2026-01-04 20:10:00,api-gateway,46.35,47.81,45.59,1100.68,946.02,150.96,0.2,26.5,0,normal
2026-01-04 20:10:00,user-service,40.61,50.3,50.89,473.39,483.98,143.95,0.18,35.13,0,normal
2026-01-04 20:10:00,payment-service,54.5,63.2,49.81,617.76,698.82,144.01,0.08,50.9,0,normal
2026-01-04 20:10:00,notification-service,30.68,43.52,43.62,327.03,389.42,109.02,0.2,19.69,0,normal
2026-01-04 20:10:00,database,51.49,66.92,57.73,1220.49,1047.99,101.52,0.18,70.62,0,normal
2026-01-04 20:15:00,api-gateway,48.02,52.43,37.53,949.38,930.19,144.29,0.29,31.39,0,normal
2026-01-04 20:15:00,user-service,37.81,53.46,65.4,491.45,460.76,128.48,0.13,33.46,0,normal
2026-01-04 20:15:00,payment-service,58.57,59.0,47.99,712.25,683.14,160.85,0.22,47.46,0,normal
2026-01-04 20:15:00,notification-service,34.33,42.88,47.94,414.33,419.0,99.51,0.22,24.45,0,normal
2026-01-04 20:15:00,database,51.02,62.43,53.41,928.76,818.42,87.22,0.25,71.04,0,normal
2026-01-04 20:20:00,api-gateway,40.97,50.36,63.92,1060.18,921.09,147.73,0.16,25.66,0,normal
2026-01-04 20:20:00,user-service,34.47,55.37,49.3,440.64,504.25,120.94,0.26,36.74,0,normal
2026-01-04 20:20:00,payment-service,47.87,58.72,58.96,828.42,715.4,185.32,0.22,48.0,0,normal
2026-01-04 20:20:00,notification-service,32.63,44.83,49.75,338.84,395.72,107.83,0.15,23.39,0,normal
2026-01-04 20:20:00,database,51.1,65.65,51.74,1268.67,1075.19,88.33,0.18,69.22,0,normal
2026-01-04 20:25:00,api-gateway,45.03,51.82,47.24,879.63,860.53,138.68,0.2,35.51,0,normal
2026-01-04 20:25:00,user-service,32.91,48.41,49.51,455.42,482.38,124.48,0.2,36.41,0,normal
2026-01-04 20:25:00,payment-service,56.92,60.45,46.41,796.68,785.42,177.36,0.23,54.4,0,normal
2026-01-04 20:25:00,notification-service,29.51,47.63,60.46,498.38,430.96,121.88,0.3,26.25,0,normal
2026-01-04 20:25:00,database,58.94,71.29,51.95,938.24,970.73,90.0,0.15,71.15,0,normal
2026-01-04 20:30:00,api-gateway,43.49,63.15,62.65,815.38,931.67,143.23,0.17,32.48,0,normal
2026-01-04 20:30:00,user-service,34.38,47.07,65.46,572.4,499.33,114.25,0.11,32.72,0,normal
2026-01-04 20:30:00,payment-service,41.06,60.67,41.18,817.93,708.57,159.81,0.12,49.07,0,normal
2026-01-04 20:30:00,notification-service,29.54,37.81,43.4,366.4,396.73,101.99,0.28,23.5,0,normal
2026-01-04 20:30:00,database,48.14,62.23,55.28,887.74,1102.39,92.0,0.26,70.18,0,normal
2026-01-04 20:35:00,api-gateway,51.14,55.42,50.13,905.52,893.08,132.19,0.19,34.02,0,normal
2026-01-04 20:35:00,user-service,35.96,51.67,33.73,567.45,524.78,116.04,0.26,38.31,0,normal
2026-01-04 20:35:00,payment-service,49.94,60.22,54.32,723.3,654.63,170.31,0.18,51.68,0,normal
2026-01-04 20:35:00,notification-service,31.37,42.93,37.06,371.69,406.8,120.36,0.21,19.48,0,normal
2026-01-04 20:35:00,database,59.15,69.0,43.54,1042.73,948.88,105.41,0.15,66.51,0,normal
2026-01-04 20:40:00,api-gateway,37.25,56.42,62.81,821.96,944.12,128.52,0.18,28.92,0,normal
2026-01-04 20:40:00,user-service,28.49,48.12,64.53,566.65,487.47,117.63,0.15,30.62,0,normal
2026-01-04 20:40:00,payment-service,53.06,58.88,50.67,653.14,692.66,155.39,0.17,52.44,0,normal
2026-01-04 20:40:00,notification-service,26.2,37.33,60.76,370.8,387.47,130.93,0.24,24.8,0,normal
2026-01-04 20:40:00,database,53.91,66.23,47.73,1093.22,1103.04,103.42,0.13,75.57,0,normal
2026-01-04 20:45:00,api-gateway,45.38,57.39,54.51,796.4,941.37,131.48,0.22,30.97,0,normal
2026-01-04 20:45:00,user-service,46.73,48.58,56.11,568.82,480.32,126.51,0.13,40.33,0,normal
2026-01-04 20:45:00,payment-service,49.06,58.54,70.76,579.48,700.81,169.9,0.18,49.79,0,normal
2026-01-04 20:45:00,notification-service,28.16,51.09,54.05,355.25,390.13,110.78,0.18,22.4,0,normal
2026-01-04 20:45:00,database,51.84,64.55,33.62,1198.35,1016.87,107.62,0.26,67.94,0,normal
2026-01-04 20:50:00,api-gateway,51.93,51.54,56.61,1011.5,883.77,134.67,0.21,28.46,0,normal
2026-01-04 20:50:00,user-service,33.2,47.85,56.18,468.1,466.59,127.33,0.25,34.76,0,normal
2026-01-04 20:50:00,payment-service,49.84,59.04,45.9,729.75,725.39,188.27,0.19,48.38,0,normal
2026-01-04 20:50:00,notification-service,35.31,47.24,63.72,440.94,407.96,106.38,0.22,30.64,0,normal
2026-01-04 20:50:00,database,59.05,62.87,29.4,971.59,1061.55,120.35,0.22,65.29,0,normal
2026-01-04 20:55:00,api-gateway,43.29,59.08,48.47,804.64,822.9,126.37,0.28,29.68,0,normal
2026-01-04 20:55:00,user-service,37.05,45.22,56.58,497.62,544.8,109.72,0.16,36.38,0,normal
2026-01-04 20:55:00,payment-service,47.17,58.52,41.28,898.78,758.66,170.74,0.22,49.1,0,normal
2026-01-04 20:55:00,notification-service,31.57,44.82,43.23,342.8,417.95,111.31,0.2,25.71,0,normal
2026-01-04 20:55:00,database,58.97,71.02,47.56,1078.11,939.85,123.41,0.15,69.8,0,normal
2026-01-04 21:00:00,api-gateway,50.8,55.6,48.36,806.49,801.68,132.57,0.17,24.49,0,normal
2026-01-04 21:00:00,user-service,36.82,51.16,47.11,527.88,504.87,102.48,0.19,32.91,0,normal
2026-01-04 21:00:00,payment-service,47.82,61.52,52.01,796.38,703.98,183.85,0.24,48.42,0,normal
2026-01-04 21:00:00,notification-service,35.33,45.02,48.65,387.93,392.32,95.66,0.13,24.22,0,normal
2026-01-04 21:00:00,database,53.58,70.45,46.02,1084.49,984.11,115.78,0.26,70.1,0,normal
2026-01-04 21:05:00,api-gateway,43.46,56.9,56.8,967.2,835.77,130.02,0.12,25.74,0,normal
2026-01-04 21:05:00,user-service,38.95,47.38,53.28,559.54,513.99,109.16,0.2,39.68,0,normal
2026-01-04 21:05:00,payment-service,53.58,57.37,56.46,818.08,731.88,157.38,0.2,51.99,0,normal
2026-01-04 21:05:00,notification-service,30.18,45.44,48.63,425.22,415.06,99.46,0.11,24.7,0,normal
2026-01-04 21:05:00,database,55.39,65.48,35.85,1020.75,1066.0,113.79,0.17,68.01,0,normal
2026-01-04 21:10:00,api-gateway,45.83,55.13,52.93,1029.86,940.7,142.97,0.2,36.48,0,normal
2026-01-04 21:10:00,user-service,35.67,49.99,44.73,483.25,551.45,121.29,0.27,34.19,0,normal
2026-01-04 21:10:00,payment-service,47.64,62.93,58.69,833.12,762.09,194.15,0.18,55.58,0,normal
2026-01-04 21:10:00,notification-service,31.33,42.0,47.31,354.78,406.79,109.13,0.25,23.7,0,normal
2026-01-04 21:10:00,database,57.11,65.13,56.03,991.64,943.61,105.37,0.27,72.27,0,normal
2026-01-04 21:15:00,api-gateway,57.6,58.44,46.44,852.4,886.71,150.64,0.21,28.79,0,normal
2026-01-04 21:15:00,user-service,29.92,49.62,53.57,440.49,511.96,133.18,0.16,33.9,0,normal
2026-01-04 21:15:00,payment-service,47.26,58.34,48.87,827.34,723.04,157.8,0.2,55.32,0,normal
2026-01-04 21:15:00,notification-service,34.66,43.48,48.18,489.82,411.27,142.79,0.21,29.54,0,normal
2026-01-04 21:15:00,database,55.64,60.6,48.61,851.71,972.23,93.04,0.17,74.03,0,normal
2026-01-04 21:20:00,api-gateway,45.54,52.25,46.37,1039.87,905.06,124.97,0.16,24.17,0,normal
2026-01-04 21:20:00,user-service,41.01,49.26,66.2,512.33,517.29,115.28,0.26,38.01,0,normal
2026-01-04 21:20:00,payment-service,48.81,61.43,51.7,511.12,633.28,149.32,0.3,46.79,0,normal
2026-01-04 21:20:00,notification-service,27.98,45.64,53.95,329.05,388.51,99.05,0.16,29.87,0,normal
2026-01-04 21:20:00,database,49.03,64.11,54.84,948.9,973.86,97.73,0.15,73.33,0,normal
2026-01-04 21:25:00,api-gateway,49.96,51.79,56.74,903.24,903.9,157.82,0.2,26.09,0,normal
2026-01-04 21:25:00,user-service,38.13,47.77,46.28,478.46,518.19,121.0,0.21,35.23,0,normal
2026-01-04 21:25:00,payment-service,46.3,63.7,58.17,846.09,728.54,186.02,0.25,51.55,0,normal
2026-01-04 21:25:00,notification-service,30.02,46.77,63.22,366.87,432.98,114.85,0.19,25.3,0,normal
2026-01-04 21:25:00,database,51.42,63.56,43.04,899.09,995.49,106.92,0.12,72.59,0,normal
2026-01-04 21:30:00,api-gateway,46.82,61.39,58.58,688.63,854.82,133.89,0.17,28.35,0,normal
2026-01-04 21:30:00,user-service,46.19,49.43,55.45,586.78,510.66,119.04,0.26,39.05,0,normal
2026-01-04 21:30:00,payment-service,47.58,62.08,49.43,615.86,666.47,157.66,0.23,56.91,0,normal
2026-01-04 21:30:00,notification-service,31.45,46.44,45.46,331.32,394.96,129.15,0.21,21.73,0,normal
2026-01-04 21:30:00,database,61.73,62.19,49.85,1018.43,1029.03,86.1,0.17,69.49,0,normal
2026-01-04 21:35:00,api-gateway,43.89,61.91,57.04,1079.78,923.49,131.19,0.27,29.14,0,normal
2026-01-04 21:35:00,user-service,38.17,49.75,46.58,408.16,506.5,125.74,0.15,29.73,0,normal
2026-01-04 21:35:00,payment-service,54.83,60.1,51.28,598.96,664.82,162.63,0.27,48.66,0,normal
2026-01-04 21:35:00,notification-service,34.78,47.54,32.15,372.46,403.99,106.31,0.28,29.41,0,normal
2026-01-04 21:35:00,database,54.27,64.11,44.55,1072.6,1001.59,98.08,0.18,69.72,0,normal
2026-01-04 21:40:00,api-gateway,39.6,58.81,47.47,861.34,904.2,140.39,0.21,32.28,0,normal
2026-01-04 21:40:00,user-service,34.05,55.69,47.38,484.28,501.71,137.9,0.23,32.52,0,normal
2026-01-04 21:40:00,payment-service,50.03,60.49,60.45,568.51,701.12,184.83,0.26,50.58,0,normal
2026-01-04 21:40:00,notification-service,23.08,41.94,38.37,350.24,396.73,97.4,0.17,28.82,0,normal
2026-01-04 21:40:00,database,57.61,63.74,64.2,1170.82,1056.8,109.16,0.22,76.81,0,normal
2026-01-04 21:45:00,api-gateway,44.31,60.18,32.47,872.01,938.32,127.0,0.26,23.62,0,normal
2026-01-04 21:45:00,user-service,37.18,52.3,54.2,452.5,470.44,125.83,0.26,28.8,0,normal
2026-01-04 21:45:00,payment-service,50.07,60.35,34.67,645.55,728.15,182.67,0.2,54.34,0,normal
2026-01-04 21:45:00,notification-service,30.04,40.47,45.74,438.91,389.94,95.55,0.19,23.4,0,normal
2026-01-04 21:45:00,database,53.17,66.61,49.98,1103.23,1072.52,117.84,0.26,68.97,0,normal
2026-01-04 21:50:00,api-gateway,47.24,55.66,53.3,1087.25,955.77,131.36,0.18,29.99,0,normal
2026-01-04 21:50:00,user-service,36.45,48.51,43.73,424.11,464.65,115.49,0.17,33.23,0,normal
2026-01-04 21:50:00,payment-service,48.91,52.86,54.2,637.71,672.3,161.75,0.22,52.46,0,normal
2026-01-04 21:50:00,notification-service,26.7,41.76,46.65,346.88,363.45,114.02,0.14,26.18,0,normal
2026-01-04 21:50:00,database,60.4,62.29,52.88,947.55,989.64,95.5,0.25,67.31,0,normal
2026-01-04 21:55:00,api-gateway,38.83,57.48,45.14,850.58,941.66,139.31,0.16,30.52,0,normal
2026-01-04 21:55:00,user-service,37.18,50.95,48.38,622.5,523.92,99.5,0.21,39.1,0,normal
2026-01-04 21:55:00,payment-service,46.8,61.9,35.34,632.55,671.32,170.63,0.18,49.38,0,normal
2026-01-04 21:55:00,notification-service,29.76,41.55,58.37,436.51,368.02,115.7,0.26,19.21,0,normal
2026-01-04 21:55:00,database,62.46,63.69,51.73,1086.7,946.69,115.69,0.19,70.86,0,normal
2026-01-04 22:00:00,api-gateway,51.09,56.57,49.31,807.91,905.16,150.22,0.2,32.01,0,normal
2026-01-04 22:00:00,user-service,38.2,45.84,55.26,501.99,469.73,109.08,0.22,31.57,0,normal
2026-01-04 22:00:00,payment-service,47.82,62.84,57.09,586.26,714.53,175.24,0.28,52.06,0,normal
2026-01-04 22:00:00,notification-service,24.75,41.69,53.42,435.85,431.49,117.53,0.25,30.81,0,normal
2026-01-04 22:00:00,database,49.84,62.55,53.02,842.77,1033.12,103.52,0.27,70.81,0,normal
2026-01-04 22:05:00,api-gateway,42.88,50.3,48.61,746.71,842.91,148.97,0.18,28.48,0,normal
2026-01-04 22:05:00,user-service,36.84,50.01,37.46,460.43,494.58,118.37,0.24,32.93,0,normal
2026-01-04 22:05:00,payment-service,48.32,64.56,55.78,668.38,691.82,184.09,0.17,49.1,0,normal
2026-01-04 22:05:00,notification-service,34.71,41.19,51.09,417.27,397.08,120.44,0.14,19.84,0,normal
2026-01-04 22:05:00,database,56.3,70.8,47.61,1251.14,1047.38,108.13,0.17,72.53,0,normal
2026-01-04 22:10:00,api-gateway,48.72,56.84,57.26,938.16,961.36,155.28,0.2,31.71,0,normal
2026-01-04 22:10:00,user-service,36.05,51.37,61.04,546.55,511.94,117.08,0.12,35.85,0,normal
2026-01-04 22:10:00,payment-service,50.67,52.48,68.04,711.42,666.48,184.47,0.28,49.57,0,normal
2026-01-04 22:10:00,notification-service,26.39,46.53,53.55,474.31,396.9,115.65,0.17,26.77,0,normal
2026-01-04 22:10:00,database,57.18,67.83,66.56,1021.96,992.0,101.72,0.19,77.54,0,normal
2026-01-04 22:15:00,api-gateway,48.9,48.02,63.0,1013.99,951.54,136.65,0.17,34.85,0,normal
2026-01-04 22:15:00,user-service,37.37,53.78,54.36,459.42,456.0,116.44,0.13,27.33,0,normal
2026-01-04 22:15:00,payment-service,51.97,62.97,57.13,580.55,699.65,173.21,0.26,48.06,0,normal
2026-01-04 22:15:00,notification-service,27.01,47.21,51.3,385.18,415.59,108.46,0.2,25.16,0,normal
2026-01-04 22:15:00,database,56.14,61.5,53.0,1148.98,1095.69,94.5,0.23,73.22,0,normal
2026-01-04 22:20:00,api-gateway,47.51,54.39,51.29,838.79,869.65,132.87,0.26,32.7,0,normal
2026-01-04 22:20:00,user-service,33.17,51.17,47.39,610.17,511.27,115.57,0.19,38.64,0,normal
2026-01-04 22:20:00,payment-service,51.7,57.68,46.7,615.14,660.63,154.9,0.23,51.67,0,normal
2026-01-04 22:20:00,notification-service,26.35,45.99,53.71,421.32,414.06,119.47,0.22,22.04,0,normal
2026-01-04 22:20:00,database,56.46,63.23,42.98,1136.16,1097.35,106.92,0.26,68.51,0,normal
2026-01-04 22:25:00,api-gateway,48.18,51.63,41.87,1067.28,891.31,142.34,0.13,27.61,0,normal
2026-01-04 22:25:00,user-service,41.56,49.64,50.65,402.04,497.64,100.88,0.2,33.6,0,normal
2026-01-04 22:25:00,payment-service,48.31,60.59,43.85,605.88,723.69,180.33,0.25,53.52,0,normal
2026-01-04 22:25:00,notification-service,34.03,46.71,39.36,338.49,386.52,100.46,0.22,25.4,0,normal
2026-01-04 22:25:00,database,55.84,67.5,60.59,875.96,932.07,110.22,0.14,70.23,0,normal
2026-01-04 22:30:00,api-gateway,39.85,55.92,56.37,746.02,893.64,132.02,0.19,30.5,0,normal
2026-01-04 22:30:00,user-service,36.14,50.67,49.82,586.6,508.16,110.52,0.19,33.13,0,normal
2026-01-04 22:30:00,payment-service,43.03,63.74,53.56,824.04,705.69,175.45,0.15,52.61,0,normal
2026-01-04 22:30:00,notification-service,27.63,45.22,48.77,382.88,386.67,104.31,0.12,23.14,0,normal
2026-01-04 22:30:00,database,55.64,65.02,55.31,1202.47,1087.36,108.51,0.16,66.98,0,normal
2026-01-04 22:35:00,api-gateway,45.86,54.52,60.18,904.14,907.27,134.14,0.15,31.22,0,normal
2026-01-04 22:35:00,user-service,34.02,51.88,63.07,404.84,487.23,124.61,0.16,32.49,0,normal
2026-01-04 22:35:00,payment-service,47.27,60.29,44.03,567.13,689.71,164.23,0.24,48.88,0,normal
2026-01-04 22:35:00,notification-service,22.71,43.92,58.37,326.54,402.86,115.55,0.27,26.34,0,normal
2026-01-04 22:35:00,database,61.63,65.6,51.96,1013.71,1020.41,94.35,0.21,69.52,0,normal
2026-01-04 22:40:00,api-gateway,45.11,56.27,44.92,994.91,904.96,144.92,0.2,30.8,0,normal
2026-01-04 22:40:00,user-service,42.58,47.61,38.72,510.89,525.12,125.08,0.16,39.49,0,normal
2026-01-04 22:40:00,payment-service,47.96,58.0,55.66,728.0,684.0,168.39,0.22,49.96,0,normal
2026-01-04 22:40:00,notification-service,23.05,45.54,49.11,335.73,413.01,95.49,0.27,27.58,0,normal
2026-01-04 22:40:00,database,52.96,64.62,42.93,943.77,908.85,93.94,0.24,63.76,0,normal
2026-01-04 22:45:00,api-gateway,43.23,53.45,40.88,851.91,922.02,145.71,0.16,34.68,0,normal
2026-01-04 22:45:00,user-service,38.26,45.2,52.47,438.38,481.83,125.78,0.2,35.66,0,normal
2026-01-04 22:45:00,payment-service,49.84,63.43,62.24,748.89,689.85,177.78,0.19,46.88,0,normal
2026-01-04 22:45:00,notification-service,29.07,42.67,44.2,352.2,396.78,105.11,0.09,21.8,0,normal
2026-01-04 22:45:00,database,57.08,66.55,45.53,1184.06,1001.17,95.45,0.22,64.01,0,normal
2026-01-04 22:50:00,api-gateway,42.17,50.4,49.11,936.48,943.08,158.03,0.24,32.88,0,normal
2026-01-04 22:50:00,user-service,28.6,47.65,56.94,618.98,516.02,131.39,0.25,36.68,0,normal
2026-01-04 22:50:00,payment-service,50.03,61.16,53.96,756.23,672.55,172.24,0.16,48.41,0,normal
2026-01-04 22:50:00,notification-service,30.97,43.3,29.8,348.97,406.78,123.72,0.14,29.14,0,normal
2026-01-04 22:50:00,database,47.69,66.06,57.53,1030.58,974.55,97.46,0.19,69.84,0,normal
2026-01-04 22:55:00,api-gateway,48.09,54.5,63.99,1091.62,939.67,152.56,0.12,28.04,0,normal
2026-01-04 22:55:00,user-service,32.75,52.15,60.74,568.39,497.89,125.81,0.27,33.93,0,normal
2026-01-04 22:55:00,payment-service,49.45,62.95,49.74,764.62,763.82,173.34,0.26,48.77,0,normal
2026-01-04 22:55:00,notification-service,29.66,45.17,44.91,433.52,420.7,116.26,0.19,29.29,0,normal
2026-01-04 22:55:00,database,56.59,61.96,30.8,1191.08,1046.61,96.85,0.17,71.77,0,normal
2026-01-04 23:00:00,api-gateway,49.56,57.4,57.84,898.31,859.44,128.58,0.17,37.09,0,normal
2026-01-04 23:00:00,user-service,36.09,46.68,73.03,610.11,549.66,104.69,0.21,34.52,0,normal
2026-01-04 23:00:00,payment-service,47.71,60.51,83.81,562.99,690.28,177.8,0.21,48.38,0,normal
2026-01-04 23:00:00,notification-service,27.16,47.72,36.94,388.97,409.51,103.72,0.23,29.9,0,normal
2026-01-04 23:00:00,database,61.86,64.76,60.33,1032.27,1058.95,113.72,0.23,62.93,0,normal
2026-01-04 23:05:00,api-gateway,41.28,49.25,40.44,721.93,869.03,131.85,0.25,31.38,0,normal
2026-01-04 23:05:00,user-service,31.99,51.12,49.15,492.25,515.96,126.76,0.2,32.52,0,normal
2026-01-04 23:05:00,payment-service,50.3,59.51,47.13,705.58,702.58,179.11,0.21,50.06,0,normal
2026-01-04 23:05:00,notification-service,24.72,44.13,57.5,344.75,428.28,125.58,0.19,26.25,0,normal
2026-01-04 23:05:00,database,55.58,55.97,47.97,965.28,1053.38,90.78,0.17,69.44,0,normal
2026-01-04 23:10:00,api-gateway,43.88,56.34,67.8,924.84,907.61,141.91,0.17,33.91,0,normal
2026-01-04 23:10:00,user-service,37.79,45.15,36.88,446.14,526.68,134.5,0.24,38.29,0,normal
2026-01-04 23:10:00,payment-service,55.83,60.71,57.88,717.86,728.91,169.49,0.25,50.55,0,normal
2026-01-04 23:10:00,notification-service,26.7,44.83,56.6,332.05,399.67,104.9,0.11,23.7,0,normal
2026-01-04 23:10:00,database,55.49,67.16,37.8,1083.02,1103.82,107.12,0.18,63.77,0,normal
2026-01-04 23:15:00,api-gateway,42.17,53.84,52.64,1076.0,977.72,125.41,0.24,28.35,0,normal
2026-01-04 23:15:00,user-service,28.4,52.1,54.11,565.37,527.81,110.66,0.21,33.63,0,normal
2026-01-04 23:15:00,payment-service,45.93,59.13,30.42,634.7,718.52,161.07,0.25,46.34,0,normal
2026-01-04 23:15:00,notification-service,26.54,41.57,40.36,393.16,412.08,108.49,0.21,25.59,0,normal
2026-01-04 23:15:00,database,55.94,65.23,38.0,888.13,991.64,119.08,0.22,69.1,0,normal
2026-01-04 23:20:00,api-gateway,39.32,57.06,40.36,862.41,901.95,131.08,0.23,29.56,0,normal
2026-01-04 23:20:00,user-service,26.84,52.87,44.06,564.74,486.79,134.57,0.21,38.17,0,normal
2026-01-04 23:20:00,payment-service,48.26,64.68,26.72,763.19,701.65,177.78,0.18,53.55,0,normal
2026-01-04 23:20:00,notification-service,29.46,45.74,47.07,376.68,420.4,111.95,0.21,22.43,0,normal
2026-01-04 23:20:00,database,52.61,60.22,66.03,1064.51,1101.83,101.02,0.22,71.96,0,normal
2026-01-04 23:25:00,api-gateway,40.73,53.83,60.64,1047.61,936.71,136.05,0.14,34.06,0,normal
2026-01-04 23:25:00,user-service,31.69,51.68,42.8,456.06,506.55,130.99,0.3,35.89,0,normal
2026-01-04 23:25:00,payment-service,50.49,60.18,62.2,595.15,703.43,187.46,0.23,51.01,0,normal
2026-01-04 23:25:00,notification-service,27.1,44.48,54.49,320.22,373.7,120.13,0.2,25.93,0,normal
2026-01-04 23:25:00,database,52.72,69.6,37.09,1125.2,1026.06,103.92,0.22,68.63,0,normal
2026-01-04 23:30:00,api-gateway,42.47,55.05,64.09,807.4,818.54,123.84,0.22,29.19,0,normal
2026-01-04 23:30:00,user-service,29.76,49.21,51.31,572.14,545.47,124.75,0.18,37.21,0,normal
2026-01-04 23:30:00,payment-service,58.17,62.72,48.4,782.58,664.11,172.97,0.28,48.99,0,normal
2026-01-04 23:30:00,notification-service,27.72,46.47,63.07,339.61,365.76,121.55,0.1,25.07,0,normal
2026-01-04 23:30:00,database,53.0,66.25,24.48,881.28,1043.24,105.04,0.17,73.1,0,normal
2026-01-04 23:35:00,api-gateway,45.46,53.59,51.29,847.32,917.86,122.63,0.24,28.29,0,normal
2026-01-04 23:35:00,user-service,33.04,48.56,63.48,571.59,506.32,135.69,0.17,37.86,0,normal
2026-01-04 23:35:00,payment-service,52.21,63.17,57.06,590.05,726.43,184.08,0.18,45.33,0,normal
2026-01-04 23:35:00,notification-service,29.63,43.29,50.97,429.41,404.87,115.59,0.21,22.74,0,normal
2026-01-04 23:35:00,database,53.33,67.73,65.1,1160.07,1019.26,120.8,0.22,74.88,0,normal
2026-01-04 23:40:00,api-gateway,42.73,57.71,60.11,805.51,866.48,138.4,0.19,29.61,0,normal
2026-01-04 23:40:00,user-service,34.69,49.89,47.15,456.91,512.06,89.43,0.16,35.92,0,normal
2026-01-04 23:40:00,payment-service,41.06,57.68,43.19,607.08,725.23,178.68,0.14,48.36,0,normal
2026-01-04 23:40:00,notification-service,27.86,44.48,59.39,354.33,408.92,113.43,0.2,26.43,0,normal
2026-01-04 23:40:00,database,59.68,68.69,48.6,795.68,935.03,95.82,0.16,72.55,0,normal
2026-01-04 23:45:00,api-gateway,50.07,54.83,39.26,708.52,873.68,163.48,0.09,34.6,0,normal
2026-01-04 23:45:00,user-service,37.43,51.61,37.4,456.86,533.23,133.79,0.25,35.17,0,normal
2026-01-04 23:45:00,payment-service,55.01,64.55,47.92,823.66,714.61,166.11,0.25,48.84,0,normal
2026-01-04 23:45:00,notification-service,33.99,45.76,56.37,395.48,434.87,119.89,0.15,28.13,0,normal
2026-01-04 23:45:00,database,52.18,57.79,37.52,872.4,1063.49,99.73,0.2,67.2,0,normal
2026-01-04 23:50:00,api-gateway,44.86,56.81,49.94,954.72,877.07,129.91,0.16,30.59,0,normal
2026-01-04 23:50:00,user-service,34.95,52.39,46.19,525.9,497.95,123.97,0.23,36.33,0,normal
2026-01-04 23:50:00,payment-service,44.77,66.73,40.55,591.71,695.8,163.85,0.24,46.46,0,normal
2026-01-04 23:50:00,notification-service,32.17,47.11,45.61,435.75,392.15,100.69,0.11,24.42,0,normal
2026-01-04 23:50:00,database,51.38,65.63,58.18,920.77,994.55,100.29,0.21,69.86,0,normal
2026-01-04 23:55:00,api-gateway,42.21,52.33,67.97,843.16,931.64,146.79,0.17,31.77,0,normal
2026-01-04 23:55:00,user-service,34.41,48.79,67.67,504.21,520.38,129.13,0.17,38.72,0,normal
2026-01-04 23:55:00,payment-service,47.15,58.23,48.48,597.15,637.55,160.14,0.19,47.49,0,normal
2026-01-04 23:55:00,notification-service,30.12,44.34,37.27,482.96,413.64,109.96,0.18,28.68,0,normal
2026-01-04 23:55:00,database,57.03,67.75,62.83,945.67,951.13,85.22,0.16,70.99,0,normal
2026-01-05 00:00:00,api-gateway,36.58,48.06,47.26,617.5,615.98,154.76,0.09,25.71,0,normal
2026-01-05 00:00:00,user-service,32.32,51.47,42.42,421.49,391.27,122.2,0.14,32.94,0,normal
2026-01-05 00:00:00,payment-service,40.48,58.1,49.51,544.42,543.79,166.53,0.23,50.59,0,normal
2026-01-05 00:00:00,notification-service,22.5,46.82,65.77,256.04,285.68,101.28,0.18,21.38,0,normal
2026-01-05 00:00:00,database,52.44,60.63,50.82,588.83,696.23,97.39,0.16,70.42,0,normal
2026-01-05 00:05:00,api-gateway,40.84,57.03,49.95,493.78,533.22,125.11,0.18,27.56,0,normal
2026-01-05 00:05:00,user-service,28.02,41.66,37.23,436.36,366.67,122.45,0.27,35.82,0,normal
2026-01-05 00:05:00,payment-service,47.65,61.28,40.58,487.91,422.91,155.09,0.12,42.85,0,normal
2026-01-05 00:05:00,notification-service,24.06,44.5,38.99,278.59,292.45,103.98,0.18,21.24,0,normal
2026-01-05 00:05:00,database,47.65,65.8,52.63,771.09,724.17,95.27,0.23,64.77,0,normal
2026-01-05 00:10:00,api-gateway,37.18,56.66,42.33,552.9,673.88,145.44,0.2,26.35,0,normal
2026-01-05 00:10:00,user-service,27.17,51.03,47.3,363.3,337.67,114.63,0.15,31.65,0,normal
2026-01-05 00:10:00,payment-service,47.4,58.17,57.52,511.02,468.78,171.64,0.22,44.5,0,normal
2026-01-05 00:10:00,notification-service,27.79,46.21,39.19,229.24,227.01,106.69,0.2,17.54,0,normal
2026-01-05 00:10:00,database,52.19,68.78,43.47,787.54,674.96,79.68,0.17,64.84,0,normal
2026-01-05 00:15:00,api-gateway,38.68,57.07,41.52,518.23,624.77,132.41,0.19,22.57,0,normal
2026-01-05 00:15:00,user-service,32.81,49.02,50.02,272.24,324.09,113.1,0.2,31.04,0,normal
2026-01-05 00:15:00,payment-service,42.51,59.61,47.35,572.4,518.18,154.31,0.1,47.66,0,normal
2026-01-05 00:15:00,notification-service,23.76,47.57,75.03,251.23,303.99,97.53,0.12,16.7,0,normal
2026-01-05 00:15:00,database,47.37,67.4,53.4,554.72,670.1,99.11,0.23,67.33,0,normal
2026-01-05 00:20:00,api-gateway,37.73,52.87,49.47,788.06,757.64,140.35,0.22,25.64,0,normal
2026-01-05 00:20:00,user-service,29.12,50.2,39.24,294.46,331.15,99.62,0.22,32.93,0,normal
2026-01-05 00:20:00,payment-service,45.38,63.5,57.07,415.6,467.43,156.51,0.25,45.25,0,normal
2026-01-05 00:20:00,notification-service,21.14,44.62,43.23,339.27,292.03,102.25,0.29,21.32,0,normal
2026-01-05 00:20:00,database,47.29,66.43,44.5,600.16,670.07,90.21,0.3,64.96,0,normal
2026-01-05 00:25:00,api-gateway,44.61,55.98,49.21,725.52,660.09,126.48,0.14,25.3,0,normal
2026-01-05 00:25:00,user-service,39.75,51.15,60.24,392.52,360.9,120.56,0.14,31.46,0,normal
2026-01-05 00:25:00,payment-service,49.23,59.66,53.07,503.25,468.8,176.36,0.18,45.54,0,normal
2026-01-05 00:25:00,notification-service,28.99,45.15,79.51,347.23,298.09,118.33,0.25,22.93,0,normal
2026-01-05 00:25:00,database,52.21,61.83,67.7,934.83,823.76,93.26,0.16,67.63,0,normal
2026-01-05 00:30:00,api-gateway,40.6,53.6,56.75,498.15,606.56,133.16,0.17,31.98,0,normal
2026-01-05 00:30:00,user-service,27.94,44.66,51.2,371.61,335.41,113.42,0.24,31.77,0,normal
2026-01-05 00:30:00,payment-service,41.9,58.85,51.82,510.88,506.17,149.63,0.21,52.62,0,normal
2026-01-05 00:30:00,notification-service,29.0,47.78,49.74,322.47,284.08,87.34,0.23,21.61,0,normal
2026-01-05 00:30:00,database,48.23,65.87,41.9,650.17,623.65,100.69,0.19,63.48,0,normal
2026-01-05 00:35:00,api-gateway,46.01,56.83,43.96,596.92,680.12,157.06,0.21,29.46,0,normal
2026-01-05 00:35:00,user-service,19.18,53.33,35.06,342.61,357.12,122.84,0.21,30.48,0,normal
2026-01-05 00:35:00,payment-service,39.52,61.61,59.47,527.63,463.04,173.46,0.25,46.63,0,normal
2026-01-05 00:35:00,notification-service,21.78,41.83,48.6,308.28,308.54,99.56,0.2,18.67,0,normal
2026-01-05 00:35:00,database,51.7,61.12,31.06,597.31,723.88,94.41,0.2,71.69,0,normal
2026-01-05 00:40:00,api-gateway,45.96,55.26,47.83,683.52,612.87,136.79,0.22,26.68,0,normal
2026-01-05 00:40:00,user-service,21.67,46.71,62.19,431.14,369.34,115.98,0.21,33.2,0,normal
2026-01-05 00:40:00,payment-service,44.54,58.5,64.18,557.2,481.56,173.55,0.23,51.29,0,normal
2026-01-05 00:40:00,notification-service,27.21,38.56,39.96,281.27,302.54,103.83,0.22,18.67,0,normal
2026-01-05 00:40:00,database,52.63,64.77,49.85,600.35,680.26,75.16,0.17,65.35,0,normal
2026-01-05 00:45:00,api-gateway,38.86,53.5,35.59,826.03,697.86,127.66,0.17,31.59,0,normal
2026-01-05 00:45:00,user-service,26.99,53.93,45.4,363.01,310.62,115.35,0.18,31.35,0,normal
2026-01-05 00:45:00,payment-service,46.28,67.95,49.95,513.99,509.04,172.13,0.19,48.99,0,normal
2026-01-05 00:45:00,notification-service,19.34,45.66,49.77,333.97,284.21,121.17,0.21,19.68,0,normal
2026-01-05 00:45:00,database,56.89,63.61,51.47,826.02,697.55,86.68,0.31,64.33,0,normal
2026-01-05 00:50:00,api-gateway,39.64,51.05,38.49,701.37,590.77,126.28,0.12,26.68,0,normal
2026-01-05 00:50:00,user-service,22.77,51.65,57.27,316.04,324.95,121.36,0.22,29.69,0,normal
2026-01-05 00:50:00,payment-service,43.32,58.84,43.04,586.43,496.45,174.27,0.11,48.73,0,normal
2026-01-05 00:50:00,notification-service,11.11,41.99,58.29,256.85,271.06,103.67,0.16,18.54,0,normal
2026-01-05 00:50:00,database,44.69,63.82,32.09,713.92,675.65,98.93,0.18,66.87,0,normal
2026-01-05 00:55:00,api-gateway,38.61,54.15,25.98,558.83,667.44,130.76,0.19,25.81,0,normal
2026-01-05 00:55:00,user-service,26.26,46.39,50.13,337.49,357.46,110.73,0.15,34.49,0,normal
2026-01-05 00:55:00,payment-service,46.19,61.76,63.4,435.55,466.88,153.95,0.27,51.29,0,normal
2026-01-05 00:55:00,notification-service,21.53,35.29,51.81,292.91,300.03,105.81,0.16,17.95,0,normal
2026-01-05 00:55:00,database,52.34,67.88,54.33,858.04,715.78,86.59,0.22,65.49,0,normal
2026-01-05 01:00:00,api-gateway,37.49,57.08,34.7,725.89,631.43,150.91,0.22,24.84,0,normal
2026-01-05 01:00:00,user-service,28.55,47.52,42.87,339.58,323.19,112.97,0.18,33.24,0,normal
2026-01-05 01:00:00,payment-service,46.29,61.78,46.32,517.39,551.13,165.73,0.25,53.11,0,normal
2026-01-05 01:00:00,notification-service,25.09,48.72,54.93,321.16,295.15,111.94,0.15,24.49,0,normal
2026-01-05 01:00:00,database,51.06,66.76,46.25,725.37,783.06,96.22,0.3,71.16,0,normal
2026-01-05 01:05:00,api-gateway,49.66,55.3,63.3,684.17,677.94,142.01,0.22,24.34,0,normal
2026-01-05 01:05:00,user-service,27.94,49.62,50.16,380.94,363.21,130.88,0.26,28.46,0,normal
2026-01-05 01:05:00,payment-service,46.31,53.12,46.78,448.61,460.89,164.29,0.2,46.07,0,normal
2026-01-05 01:05:00,notification-service,18.61,43.71,61.87,288.88,281.96,118.03,0.18,19.12,0,normal
2026-01-05 01:05:00,database,50.89,62.06,39.2,795.47,717.11,96.05,0.16,69.4,0,normal
2026-01-05 01:10:00,api-gateway,38.1,56.13,49.75,516.7,532.44,127.67,0.18,24.34,0,normal
2026-01-05 01:10:00,user-service,36.06,50.43,51.07,344.97,317.54,110.25,0.15,29.65,0,normal
2026-01-05 01:10:00,payment-service,45.45,56.47,61.52,442.95,546.08,148.7,0.24,45.96,0,normal
2026-01-05 01:10:00,notification-service,28.29,46.06,47.7,260.63,283.63,84.36,0.22,21.9,0,normal
2026-01-05 01:10:00,database,53.05,66.74,57.54,733.39,673.58,103.19,0.07,72.38,0,normal
2026-01-05 01:15:00,api-gateway,40.12,55.59,54.63,757.78,651.11,139.7,0.17,24.98,0,normal
2026-01-05 01:15:00,user-service,28.25,50.06,57.5,380.43,349.38,109.85,0.14,37.33,0,normal
2026-01-05 01:15:00,payment-service,43.26,57.33,57.18,479.92,516.03,169.95,0.15,50.57,0,normal
2026-01-05 01:15:00,notification-service,19.04,36.29,53.8,228.64,283.31,99.27,0.18,28.61,0,normal
2026-01-05 01:15:00,database,51.14,56.43,31.83,668.84,735.0,76.37,0.24,66.01,0,normal
2026-01-05 01:20:00,api-gateway,42.31,55.15,47.38,710.55,622.64,120.13,0.24,25.85,0,normal
2026-01-05 01:20:00,user-service,28.1,44.67,41.37,423.28,379.67,106.16,0.11,30.49,0,normal
2026-01-05 01:20:00,payment-service,49.21,60.48,70.86,478.08,463.99,171.05,0.16,41.52,0,normal
2026-01-05 01:20:00,notification-service,25.67,42.67,49.55,341.83,297.08,107.47,0.19,15.71,0,normal
2026-01-05 01:20:00,database,44.55,64.18,48.45,707.16,713.01,98.02,0.14,61.8,0,normal
2026-01-05 01:25:00,api-gateway,38.95,53.6,60.77,527.48,592.51,128.32,0.18,27.08,0,normal
2026-01-05 01:25:00,user-service,23.07,50.32,53.31,386.15,364.71,114.87,0.18,24.53,0,normal
2026-01-05 01:25:00,payment-service,44.6,58.84,45.25,508.33,482.59,158.09,0.14,49.31,0,normal
2026-01-05 01:25:00,notification-service,24.8,48.44,37.99,312.69,269.44,116.33,0.17,21.92,0,normal
2026-01-05 01:25:00,database,47.01,64.41,27.03,913.31,797.93,105.91,0.16,72.86,0,normal
2026-01-05 01:30:00,api-gateway,37.2,54.11,54.03,567.2,694.33,124.1,0.14,26.78,0,normal
2026-01-05 01:30:00,user-service,27.32,46.59,55.16,366.89,352.7,98.9,0.16,35.3,0,normal
2026-01-05 01:30:00,payment-service,33.96,57.99,49.98,482.45,497.1,165.26,0.09,52.37,0,normal
2026-01-05 01:30:00,notification-service,28.63,43.62,52.27,218.12,269.63,99.04,0.3,20.43,0,normal
2026-01-05 01:30:00,database,50.67,64.41,55.44,688.17,608.3,108.28,0.26,65.03,0,normal
2026-01-05 01:35:00,api-gateway,38.76,59.11,47.58,762.71,666.97,147.78,0.16,25.48,0,normal
2026-01-05 01:35:00,user-service,27.88,52.4,52.6,339.1,324.96,116.01,0.26,32.0,0,normal
2026-01-05 01:35:00,payment-service,44.69,59.63,45.13,539.08,470.93,161.22,0.2,44.54,0,normal
2026-01-05 01:35:00,notification-service,22.88,44.24,57.84,325.23,271.12,93.64,0.17,26.81,0,normal
2026-01-05 01:35:00,database,50.4,67.82,39.19,608.38,649.08,76.48,0.13,68.03,0,normal
2026-01-05 01:40:00,api-gateway,30.96,49.95,59.99,618.14,638.05,152.23,0.17,31.74,0,normal
2026-01-05 01:40:00,user-service,25.44,52.79,56.94,450.07,375.84,123.16,0.32,39.73,0,normal
2026-01-05 01:40:00,payment-service,46.04,66.14,57.91,378.76,423.18,172.11,0.13,49.08,0,normal
2026-01-05 01:40:00,notification-service,22.17,50.52,46.09,235.69,284.78,100.35,0.19,19.77,0,normal
2026-01-05 01:40:00,database,48.81,60.73,63.26,691.03,666.7,98.47,0.14,67.45,0,normal
2026-01-05 01:45:00,api-gateway,40.52,50.48,67.98,623.96,592.79,134.69,0.24,27.14,0,normal
2026-01-05 01:45:00,user-service,23.61,42.75,49.18,405.33,361.21,113.14,0.17,30.08,0,normal
2026-01-05 01:45:00,payment-service,46.72,58.84,19.65,558.93,513.2,165.41,0.18,51.15,0,normal
2026-01-05 01:45:00,notification-service,23.57,44.69,44.46,332.87,288.8,99.54,0.28,20.54,0,normal
2026-01-05 01:45:00,database,41.04,66.7,61.45,516.37,622.97,102.78,0.1,70.98,0,normal
2026-01-05 01:50:00,api-gateway,46.41,50.52,40.11,470.2,574.58,128.77,0.17,28.74,0,normal
2026-01-05 01:50:00,user-service,28.72,45.37,48.84,284.22,348.69,103.76,0.16,32.98,0,normal
2026-01-05 01:50:00,payment-service,47.53,58.18,54.57,513.84,503.48,169.74,0.11,45.4,0,normal
2026-01-05 01:50:00,notification-service,23.64,41.34,36.83,354.25,321.49,106.46,0.18,26.99,0,normal
2026-01-05 01:50:00,database,44.79,64.7,54.43,666.6,711.61,98.1,0.18,67.49,0,normal
2026-01-05 01:55:00,api-gateway,40.19,57.15,64.14,608.06,660.13,127.25,0.16,27.07,0,normal
2026-01-05 01:55:00,user-service,30.76,48.93,42.63,302.73,333.94,113.51,0.27,27.38,0,normal
2026-01-05 01:55:00,payment-service,45.2,57.59,47.74,406.92,498.23,166.81,0.15,44.53,0,normal
2026-01-05 01:55:00,notification-service,22.73,46.1,47.98,311.8,294.57,100.25,0.18,26.31,0,normal
2026-01-05 01:55:00,database,57.31,59.96,43.82,705.89,676.56,105.85,0.2,61.73,0,normal
2026-01-05 02:00:00,api-gateway,40.15,56.58,45.44,615.67,654.28,131.69,0.21,25.49,0,normal
2026-01-05 02:00:00,user-service,29.54,47.0,42.61,302.47,291.71,110.91,0.2,34.18,0,normal
2026-01-05 02:00:00,payment-service,51.24,59.78,69.57,441.02,510.7,163.97,0.26,44.13,0,normal
2026-01-05 02:00:00,notification-service,23.6,47.88,47.76,313.27,298.15,115.68,0.2,22.64,0,normal
2026-01-05 02:00:00,database,55.93,67.32,59.31,904.38,817.8,92.93,0.1,68.65,0,normal
2026-01-05 02:05:00,api-gateway,32.08,53.8,48.4,522.58,515.02,115.31,0.21,29.97,0,normal
2026-01-05 02:05:00,user-service,24.76,51.86,57.26,375.54,365.1,121.86,0.32,33.77,0,normal
2026-01-05 02:05:00,payment-service,39.98,61.43,41.56,489.34,523.87,154.75,0.27,46.36,0,normal
2026-01-05 02:05:00,notification-service,28.24,46.88,43.98,330.63,292.4,106.51,0.23,23.26,0,normal
2026-01-05 02:05:00,database,51.27,61.41,48.67,754.2,635.48,114.62,0.19,64.12,0,normal
2026-01-05 02:10:00,api-gateway,40.26,53.69,33.29,611.26,575.46,134.0,0.14,27.85,0,normal
2026-01-05 02:10:00,user-service,30.58,52.44,57.27,301.49,326.71,133.7,0.25,30.11,0,normal
2026-01-05 02:10:00,payment-service,41.11,59.69,59.57,538.15,501.92,153.96,0.14,45.03,0,normal
2026-01-05 02:10:00,notification-service,18.2,45.01,44.92,296.26,278.58,90.17,0.26,22.33,0,normal
2026-01-05 02:10:00,database,48.5,68.46,60.67,684.77,622.8,76.86,0.2,64.92,0,normal
2026-01-05 02:15:00,api-gateway,41.43,57.35,58.41,650.53,654.51,143.9,0.19,26.89,0,normal
2026-01-05 02:15:00,user-service,28.53,49.01,54.54,286.52,304.99,106.84,0.26,31.55,0,normal
2026-01-05 02:15:00,payment-service,45.11,56.1,51.07,468.72,512.7,172.3,0.14,49.62,0,normal
2026-01-05 02:15:00,notification-service,26.99,43.29,39.45,291.79,244.7,114.9,0.18,21.86,0,normal
2026-01-05 02:15:00,database,55.66,62.32,40.2,853.55,742.33,98.52,0.22,69.47,0,normal
2026-01-05 02:20:00,api-gateway,41.9,53.81,49.52,606.44,658.46,130.3,0.27,34.0,0,normal
2026-01-05 02:20:00,user-service,29.49,47.84,52.71,356.42,367.07,117.81,0.25,31.48,0,normal
2026-01-05 02:20:00,payment-service,53.84,65.0,52.93,584.74,512.85,179.57,0.16,49.83,0,normal
2026-01-05 02:20:00,notification-service,21.03,46.29,42.06,387.99,324.95,115.81,0.18,24.08,0,normal
2026-01-05 02:20:00,database,45.81,63.32,47.01,710.64,736.98,80.48,0.1,66.98,0,normal
2026-01-05 02:25:00,api-gateway,38.53,54.88,34.03,582.41,633.58,139.88,0.23,26.46,0,normal
2026-01-05 02:25:00,user-service,26.62,44.41,51.71,273.8,342.03,111.01,0.21,33.38,0,normal
2026-01-05 02:25:00,payment-service,41.47,59.92,35.16,432.57,478.13,184.08,0.22,46.67,0,normal
2026-01-05 02:25:00,notification-service,21.89,48.09,49.92,277.93,291.74,99.1,0.14,20.46,0,normal
2026-01-05 02:25:00,database,48.94,64.42,37.8,537.63,652.07,112.7,0.06,66.33,0,normal
2026-01-05 02:30:00,api-gateway,35.73,57.86,46.08,595.76,590.47,119.32,0.26,23.44,0,normal
2026-01-05 02:30:00,user-service,27.34,48.35,38.72,420.16,384.4,112.86,0.19,33.03,0,normal
2026-01-05 02:30:00,payment-service,41.29,64.47,58.37,577.7,507.82,167.54,0.26,53.55,0,normal
2026-01-05 02:30:00,notification-service,19.2,45.95,44.31,219.18,260.9,99.43,0.2,23.26,0,normal
2026-01-05 02:30:00,database,44.96,67.4,32.86,721.0,695.18,96.13,0.22,69.39,0,normal
2026-01-05 02:35:00,api-gateway,41.48,60.32,49.68,682.52,592.5,125.55,0.18,22.45,0,normal
2026-01-05 02:35:00,user-service,29.3,50.65,64.17,374.8,391.43,103.09,0.12,29.37,0,normal
2026-01-05 02:35:00,payment-service,43.28,66.13,56.26,366.92,432.48,166.04,0.19,41.57,0,normal
2026-01-05 02:35:00,notification-service,27.44,46.54,51.79,235.87,264.83,105.72,0.21,24.78,0,normal
2026-01-05 02:35:00,database,50.65,64.1,61.33,607.69,694.0,107.74,0.23,67.7,0,normal
2026-01-05 02:40:00,api-gateway,39.7,56.66,59.99,726.27,612.04,122.04,0.21,27.27,0,normal
2026-01-05 02:40:00,user-service,24.88,48.34,43.36,368.4,337.08,109.28,0.2,27.91,0,normal
2026-01-05 02:40:00,payment-service,44.13,59.08,48.39,550.78,507.06,164.25,0.2,49.55,0,normal
2026-01-05 02:40:00,notification-service,27.99,42.68,51.02,262.77,275.3,117.25,0.16,20.78,0,normal
2026-01-05 02:40:00,database,46.76,68.86,59.57,762.42,752.16,100.83,0.15,71.92,0,normal
2026-01-05 02:45:00,api-gateway,42.54,54.39,53.32,664.23,596.58,157.61,0.2,26.46,0,normal
2026-01-05 02:45:00,user-service,28.65,50.47,49.51,290.74,338.11,85.08,0.27,33.24,0,normal
2026-01-05 02:45:00,payment-service,44.73,58.93,59.77,556.17,475.27,169.55,0.23,46.98,0,normal
2026-01-05 02:45:00,notification-service,19.72,45.07,61.59,275.66,272.19,104.03,0.16,16.01,0,normal
2026-01-05 02:45:00,database,41.35,63.45,58.69,782.73,687.1,94.94,0.13,71.56,0,normal
2026-01-05 02:50:00,api-gateway,34.28,52.01,60.2,576.84,624.47,130.66,0.2,28.88,0,normal
2026-01-05 02:50:00,user-service,32.66,50.76,46.42,386.63,391.34,102.21,0.08,30.88,0,normal
2026-01-05 02:50:00,payment-service,41.26,58.92,38.58,562.3,480.29,175.54,0.16,42.87,0,normal
2026-01-05 02:50:00,notification-service,26.05,40.98,52.59,309.04,301.43,101.59,0.15,23.6,0,normal
2026-01-05 02:50:00,database,47.63,63.22,55.51,764.4,702.06,94.32,0.29,69.05,0,normal
2026-01-05 02:55:00,api-gateway,42.27,55.15,50.74,600.5,732.51,136.84,0.22,28.47,0,normal
2026-01-05 02:55:00,user-service,23.06,52.1,40.13,338.72,367.5,120.69,0.16,36.61,0,normal
2026-01-05 02:55:00,payment-service,46.8,59.04,51.31,463.45,528.75,155.21,0.18,42.74,0,normal
2026-01-05 02:55:00,notification-service,23.69,45.14,57.56,322.95,290.87,103.87,0.13,22.38,0,normal
2026-01-05 02:55:00,database,46.68,67.81,44.35,878.99,752.45,106.29,0.2,66.07,0,normal
2026-01-05 03:00:00,api-gateway,39.86,55.77,56.88,597.67,637.63,140.63,0.1,26.8,0,normal
2026-01-05 03:00:00,user-service,33.7,47.4,40.76,296.28,364.44,115.98,0.29,38.23,0,normal
2026-01-05 03:00:00,payment-service,40.95,61.96,41.28,550.46,494.59,157.25,0.25,49.31,0,normal
2026-01-05 03:00:00,notification-service,17.33,45.43,36.74,261.58,263.05,106.01,0.2,27.35,0,normal
2026-01-05 03:00:00,database,49.73,71.3,54.47,795.51,690.71,86.4,0.24,73.9,0,normal
2026-01-05 03:05:00,api-gateway,45.69,52.28,48.87,642.41,658.98,123.79,0.23,23.76,0,normal
2026-01-05 03:05:00,user-service,31.43,53.47,57.71,382.81,350.97,119.75,0.17,31.56,0,normal
2026-01-05 03:05:00,payment-service,46.77,59.24,45.72,481.47,499.64,174.14,0.2,48.61,0,normal
2026-01-05 03:05:00,notification-service,18.49,45.76,42.17,280.81,241.22,96.75,0.17,20.05,0,normal
2026-01-05 03:05:00,database,51.2,64.92,75.7,703.58,715.85,77.08,0.15,69.88,0,normal
2026-01-05 03:10:00,api-gateway,40.57,46.99,30.92,730.96,614.54,133.54,0.21,25.76,0,normal
2026-01-05 03:10:00,user-service,26.5,51.39,53.76,394.89,415.38,131.65,0.09,33.45,0,normal
2026-01-05 03:10:00,payment-service,43.87,62.13,39.29,532.74,485.87,178.63,0.13,49.28,0,normal
2026-01-05 03:10:00,notification-service,25.92,48.53,43.11,238.26,264.03,97.38,0.21,25.3,0,normal
2026-01-05 03:10:00,database,53.9,66.8,48.17,767.9,668.7,112.75,0.22,67.95,0,normal
2026-01-05 03:15:00,api-gateway,40.57,47.41,44.65,539.23,612.69,135.8,0.24,22.87,0,normal
2026-01-05 03:15:00,user-service,27.97,51.9,44.32,285.53,331.44,114.52,0.18,36.26,0,normal
2026-01-05 03:15:00,payment-service,41.64,62.91,47.2,547.59,533.29,176.6,0.21,43.66,0,normal
2026-01-05 03:15:00,notification-service,20.55,50.76,37.55,304.64,276.62,105.19,0.2,21.6,0,normal
2026-01-05 03:15:00,database,54.08,67.69,57.92,798.69,697.73,94.15,0.22,64.56,0,normal
2026-01-05 03:20:00,api-gateway,35.34,58.18,60.61,506.6,600.11,106.59,0.13,24.66,0,normal
2026-01-05 03:20:00,user-service,29.15,50.86,38.73,430.99,384.12,120.54,0.21,32.63,0,normal
2026-01-05 03:20:00,payment-service,41.43,59.17,40.62,484.19,542.5,170.13,0.14,45.67,0,normal
2026-01-05 03:20:00,notification-service,24.74,48.11,64.22,296.36,276.07,97.54,0.23,25.65,0,normal
2026-01-05 03:20:00,database,46.41,64.06,44.46,768.21,647.29,91.09,0.16,59.16,0,normal
2026-01-05 03:25:00,api-gateway,43.72,56.29,40.36,848.07,715.08,134.44,0.16,27.56,0,normal
2026-01-05 03:25:00,user-service,30.92,45.85,41.76,376.61,336.17,102.58,0.14,28.94,0,normal
2026-01-05 03:25:00,payment-service,44.76,57.56,47.06,558.2,521.39,166.86,0.17,54.28,0,normal
2026-01-05 03:25:00,notification-service,18.91,45.5,47.12,292.1,258.48,103.74,0.16,25.05,0,normal
2026-01-05 03:25:00,database,45.13,61.3,39.92,828.8,700.86,104.26,0.28,69.0,0,normal
2026-01-05 03:30:00,api-gateway,41.62,56.17,47.34,524.09,645.36,136.48,0.27,27.2,0,normal
2026-01-05 03:30:00,user-service,30.44,54.84,52.52,367.01,350.03,105.39,0.16,31.7,0,normal
2026-01-05 03:30:00,payment-service,44.96,57.19,77.2,514.72,553.94,161.9,0.15,50.19,0,normal
2026-01-05 03:30:00,notification-service,28.5,42.1,37.11,224.56,250.89,107.88,0.3,19.1,0,normal
2026-01-05 03:30:00,database,50.19,66.54,54.66,712.63,686.24,76.41,0.25,67.56,0,normal
2026-01-05 03:35:00,api-gateway,40.39,50.48,53.03,693.1,613.41,145.52,0.23,30.28,0,normal
2026-01-05 03:35:00,user-service,29.36,52.61,49.49,344.51,340.17,97.81,0.26,33.76,0,normal
2026-01-05 03:35:00,payment-service,41.41,57.66,42.06,526.8,518.49,185.99,0.1,46.8,0,normal
2026-01-05 03:35:00,notification-service,19.39,47.68,42.85,285.69,304.16,118.13,0.15,22.91,0,normal
2026-01-05 03:35:00,database,50.02,64.41,62.92,785.93,731.46,92.5,0.17,68.01,0,normal
2026-01-05 03:40:00,api-gateway,35.89,55.93,49.69,412.63,482.03,139.35,0.19,24.13,0,normal
2026-01-05 03:40:00,user-service,29.94,50.48,68.96,379.76,393.55,115.77,0.17,36.46,0,normal
2026-01-05 03:40:00,payment-service,36.89,61.49,33.63,480.43,509.54,156.76,0.21,50.81,0,normal
2026-01-05 03:40:00,notification-service,29.23,47.82,58.29,302.31,298.28,107.3,0.32,19.83,0,normal
2026-01-05 03:40:00,database,50.53,63.3,24.36,708.04,700.97,88.79,0.17,67.45,0,normal
2026-01-05 03:45:00,api-gateway,46.36,56.21,41.65,668.75,599.99,148.73,0.21,27.5,0,normal
2026-01-05 03:45:00,user-service,36.07,53.18,45.06,347.71,328.66,98.34,0.13,26.3,0,normal
2026-01-05 03:45:00,payment-service,45.22,62.8,61.54,515.13,521.56,159.49,0.23,47.43,0,normal
2026-01-05 03:45:00,notification-service,19.86,41.54,38.32,318.19,294.42,87.92,0.13,22.07,0,normal
2026-01-05 03:45:00,database,43.05,69.22,43.79,755.68,753.42,103.13,0.28,66.28,0,normal
2026-01-05 03:50:00,api-gateway,38.55,56.72,50.14,678.85,658.23,117.33,0.21,21.15,0,normal
2026-01-05 03:50:00,user-service,30.33,47.96,59.08,449.67,398.34,115.85,0.23,32.89,0,normal
2026-01-05 03:50:00,payment-service,41.96,56.44,46.66,455.81,530.8,158.88,0.17,44.39,0,normal
2026-01-05 03:50:00,notification-service,21.83,45.01,46.36,241.37,261.77,108.56,0.15,21.3,0,normal
2026-01-05 03:50:00,database,53.09,68.83,48.18,752.95,667.27,88.2,0.11,66.21,0,normal
2026-01-05 03:55:00,api-gateway,33.98,50.42,47.92,457.25,564.68,121.97,0.24,22.76,0,normal
2026-01-05 03:55:00,user-service,30.11,55.43,46.39,305.79,371.57,104.91,0.25,27.11,0,normal
2026-01-05 03:55:00,payment-service,44.78,64.72,59.74,401.92,473.67,156.59,0.17,49.6,0,normal
2026-01-05 03:55:00,notification-service,24.2,46.4,46.21,293.04,293.41,78.64,0.09,16.69,0,normal
2026-01-05 03:55:00,database,46.54,66.25,28.42,683.23,630.12,111.23,0.25,68.77,0,normal
2026-01-05 04:00:00,api-gateway,37.3,55.94,41.65,614.39,538.57,129.69,0.29,19.62,0,normal
2026-01-05 04:00:00,user-service,21.6,49.76,48.82,285.73,316.47,100.03,0.15,37.13,0,normal
2026-01-05 04:00:00,payment-service,41.26,62.92,63.29,434.93,507.99,171.06,0.22,45.07,0,normal
2026-01-05 04:00:00,notification-service,28.87,41.3,55.97,269.15,260.79,99.49,0.16,20.7,0,normal
2026-01-05 04:00:00,database,54.4,67.87,37.41,665.87,823.93,100.56,0.12,69.47,0,normal
2026-01-05 04:05:00,api-gateway,40.46,55.23,60.55,637.71,578.97,125.05,0.15,28.81,0,normal
2026-01-05 04:05:00,user-service,32.58,51.51,28.58,295.89,339.55,101.07,0.2,34.98,0,normal
2026-01-05 04:05:00,payment-service,37.68,56.84,59.9,539.35,460.51,160.65,0.23,49.83,0,normal
2026-01-05 04:05:00,notification-service,30.69,47.03,53.21,277.4,294.11,122.13,0.21,24.46,0,normal
2026-01-05 04:05:00,database,48.84,63.08,62.81,534.38,568.73,86.39,0.11,67.24,0,normal
2026-01-05 04:10:00,api-gateway,33.93,52.63,56.77,676.88,700.7,136.62,0.16,23.01,0,normal
2026-01-05 04:10:00,user-service,26.71,50.32,49.89,307.44,339.05,108.43,0.27,30.5,0,normal
2026-01-05 04:10:00,payment-service,39.72,66.24,49.29,399.59,480.57,164.22,0.24,48.71,0,normal
2026-01-05 04:10:00,notification-service,21.24,45.59,52.99,211.79,264.21,102.18,0.21,20.88,0,normal
2026-01-05 04:10:00,database,44.43,67.16,54.19,762.82,751.47,101.17,0.24,66.8,0,normal
2026-01-05 04:15:00,api-gateway,38.61,55.39,45.58,709.38,660.02,136.09,0.26,27.02,0,normal
2026-01-05 04:15:00,user-service,28.13,55.89,54.84,310.37,377.66,114.07,0.22,31.07,0,normal
2026-01-05 04:15:00,payment-service,46.51,59.29,35.86,424.46,464.05,171.63,0.25,47.08,0,normal
2026-01-05 04:15:00,notification-service,22.11,46.2,45.2,233.91,270.93,108.08,0.16,21.44,0,normal
2026-01-05 04:15:00,database,53.08,68.69,58.17,679.95,704.76,99.08,0.2,66.1,0,normal
2026-01-05 04:20:00,api-gateway,36.54,56.46,49.46,630.69,668.4,122.77,0.22,22.74,0,normal
2026-01-05 04:20:00,user-service,27.63,51.67,24.4,335.64,341.6,121.31,0.22,28.3,0,normal
2026-01-05 04:20:00,payment-service,43.64,56.13,52.23,458.87,502.59,147.76,0.21,49.43,0,normal
2026-01-05 04:20:00,notification-service,21.65,47.48,37.71,251.57,277.95,82.17,0.3,18.97,0,normal
2026-01-05 04:20:00,database,42.61,65.3,75.18,563.25,694.96,90.66,0.24,68.63,0,normal
2026-01-05 04:25:00,api-gateway,39.48,57.54,67.85,504.78,576.8,121.31,0.25,23.34,0,normal
2026-01-05 04:25:00,user-service,25.49,50.26,64.68,347.9,392.86,96.72,0.19,32.26,0,normal
2026-01-05 04:25:00,payment-service,47.11,63.5,59.91,476.02,465.27,168.14,0.21,46.67,0,normal
2026-01-05 04:25:00,notification-service,23.16,45.85,42.48,317.81,287.95,109.06,0.16,23.37,0,normal
2026-01-05 04:25:00,database,47.13,63.32,53.26,577.58,670.19,93.98,0.11,72.79,0,normal
2026-01-05 04:30:00,api-gateway,45.02,57.2,55.92,578.26,622.91,120.37,0.13,26.75,0,normal
2026-01-05 04:30:00,user-service,35.28,48.92,53.14,275.89,332.33,102.78,0.19,36.66,0,normal
2026-01-05 04:30:00,payment-service,39.6,64.11,66.54,392.52,461.31,136.78,0.21,48.1,0,normal
2026-01-05 04:30:00,notification-service,20.92,43.96,57.31,246.01,275.27,109.61,0.18,22.71,0,normal
2026-01-05 04:30:00,database,44.98,65.26,37.97,539.81,652.66,91.11,0.21,68.18,0,normal
2026-01-05 04:35:00,api-gateway,40.85,52.48,58.5,575.23,534.49,139.38,0.25,23.76,0,normal
2026-01-05 04:35:00,user-service,36.21,50.88,48.08,416.24,360.16,134.4,0.17,30.32,0,normal
2026-01-05 04:35:00,payment-service,49.12,59.08,63.67,539.35,488.69,149.06,0.31,45.05,0,normal
2026-01-05 04:35:00,notification-service,27.72,47.94,43.02,285.27,292.78,95.45,0.32,19.11,0,normal
2026-01-05 04:35:00,database,50.24,65.52,53.39,600.72,718.93,100.54,0.24,66.58,0,normal
2026-01-05 04:40:00,api-gateway,36.89,54.0,40.31,712.89,626.38,145.86,0.22,26.07,0,normal
2026-01-05 04:40:00,user-service,26.9,52.91,54.74,363.18,401.01,111.51,0.14,35.99,0,normal
2026-01-05 04:40:00,payment-service,41.89,59.84,49.2,364.23,424.18,151.22,0.2,42.36,0,normal
2026-01-05 04:40:00,notification-service,23.41,42.99,43.13,224.01,274.69,107.31,0.2,26.61,0,normal
2026-01-05 04:40:00,database,43.41,66.67,45.5,525.16,634.46,100.34,0.2,65.17,0,normal
2026-01-05 04:45:00,api-gateway,34.24,52.06,52.67,744.47,679.38,130.3,0.27,28.57,0,normal
2026-01-05 04:45:00,user-service,23.22,50.87,41.46,375.32,317.78,132.12,0.19,34.01,0,normal
2026-01-05 04:45:00,payment-service,46.1,60.86,50.14,452.09,447.44,162.41,0.15,46.06,0,normal
2026-01-05 04:45:00,notification-service,20.36,48.79,41.47,290.63,256.87,107.97,0.05,20.39,0,normal
2026-01-05 04:45:00,database,49.6,68.71,46.15,663.02,717.2,94.38,0.21,63.06,0,normal
2026-01-05 04:50:00,api-gateway,38.43,59.14,52.52,712.93,645.19,130.61,0.25,22.92,0,normal
2026-01-05 04:50:00,user-service,26.92,47.94,54.59,274.95,342.03,118.39,0.19,34.48,0,normal
2026-01-05 04:50:00,payment-service,44.02,58.36,51.31,458.29,460.97,175.57,0.28,44.64,0,normal
2026-01-05 04:50:00,notification-service,29.2,41.04,57.24,203.51,245.09,96.36,0.28,21.8,0,normal
2026-01-05 04:50:00,database,51.28,67.9,41.07,754.85,754.37,101.52,0.09,70.36,0,normal
2026-01-05 04:55:00,api-gateway,37.49,51.94,49.41,520.46,580.28,122.57,0.26,24.1,0,normal
2026-01-05 04:55:00,user-service,32.19,47.58,46.96,358.56,319.36,115.49,0.22,28.07,0,normal
2026-01-05 04:55:00,payment-service,45.07,55.88,41.82,439.96,506.32,161.91,0.21,48.79,0,normal
2026-01-05 04:55:00,notification-service,30.27,48.92,62.18,264.21,292.46,94.85,0.19,22.95,0,normal
2026-01-05 04:55:00,database,46.82,64.18,43.33,650.57,664.54,71.74,0.24,61.78,0,normal
2026-01-05 05:00:00,api-gateway,36.58,50.68,46.52,534.81,581.07,144.47,0.18,25.07,0,normal
2026-01-05 05:00:00,user-service,28.61,51.07,51.6,347.16,301.24,104.2,0.28,26.06,0,normal
2026-01-05 05:00:00,payment-service,42.73,63.49,53.26,474.42,426.48,151.48,0.34,44.44,0,normal
2026-01-05 05:00:00,notification-service,22.57,42.09,42.78,225.86,274.84,82.52,0.28,27.75,0,normal
2026-01-05 05:00:00,database,48.18,64.78,54.64,660.14,614.83,83.8,0.16,64.54,0,normal
2026-01-05 05:05:00,api-gateway,35.86,50.59,47.9,635.77,630.31,122.89,0.19,26.1,0,normal
2026-01-05 05:05:00,user-service,35.86,49.94,43.04,443.7,372.33,118.05,0.18,26.1,0,normal
2026-01-05 05:05:00,payment-service,39.45,57.84,39.63,412.09,459.97,159.67,0.24,42.83,0,normal
2026-01-05 05:05:00,notification-service,25.33,47.93,41.04,319.42,286.61,96.07,0.25,22.97,0,normal
2026-01-05 05:05:00,database,45.01,61.27,44.08,568.25,598.54,88.62,0.19,62.6,0,normal
2026-01-05 05:10:00,api-gateway,37.92,58.35,57.13,616.95,610.16,134.22,0.16,23.26,0,normal
2026-01-05 05:10:00,user-service,30.6,47.89,74.63,369.82,339.4,106.5,0.18,30.22,0,normal
2026-01-05 05:10:00,payment-service,45.52,52.21,49.15,384.66,396.77,171.73,0.19,45.84,0,normal
2026-01-05 05:10:00,notification-service,23.81,43.77,56.47,332.72,290.03,117.21,0.24,22.26,0,normal
2026-01-05 05:10:00,database,48.48,64.72,43.71,659.26,775.57,88.14,0.22,61.76,0,normal
2026-01-05 05:15:00,api-gateway,40.22,51.22,44.95,561.15,539.57,132.52,0.25,25.23,0,normal
2026-01-05 05:15:00,user-service,30.38,44.14,38.11,272.26,334.01,104.18,0.21,27.31,0,normal
2026-01-05 05:15:00,payment-service,49.48,58.81,44.41,472.7,471.72,164.82,0.27,48.21,0,normal
2026-01-05 05:15:00,notification-service,22.16,45.01,41.85,259.38,257.66,117.36,0.17,26.13,0,normal
2026-01-05 05:15:00,database,41.38,68.57,67.97,682.58,695.48,103.46,0.26,69.34,0,normal
2026-01-05 05:20:00,api-gateway,38.36,58.33,58.62,778.9,677.72,131.59,0.23,28.95,0,normal
2026-01-05 05:20:00,user-service,28.61,49.24,54.42,397.72,338.51,109.05,0.2,33.66,0,normal
2026-01-05 05:20:00,payment-service,41.05,62.54,56.96,368.09,426.16,159.14,0.14,49.73,0,normal
2026-01-05 05:20:00,notification-service,19.92,44.42,26.46,268.73,279.05,85.59,0.19,26.41,0,normal
2026-01-05 05:20:00,database,48.97,63.37,58.92,654.11,681.86,103.88,0.21,66.05,0,normal
2026-01-05 05:25:00,api-gateway,37.38,56.67,42.81,676.01,632.34,105.92,0.2,23.21,0,normal
2026-01-05 05:25:00,user-service,35.76,51.76,52.62,368.24,353.94,121.45,0.14,30.86,0,normal
2026-01-05 05:25:00,payment-service,40.32,62.87,37.38,663.55,553.78,182.15,0.26,43.39,0,normal
2026-01-05 05:25:00,notification-service,23.48,42.7,58.54,241.99,250.22,112.42,0.16,22.88,0,normal
2026-01-05 05:25:00,database,48.47,58.72,46.59,679.2,618.86,100.11,0.14,65.02,0,normal
2026-01-05 05:30:00,api-gateway,35.81,51.34,46.6,530.6,571.61,126.58,0.11,28.14,0,normal
2026-01-05 05:30:00,user-service,27.22,44.47,31.62,375.47,373.94,103.88,0.29,33.45,0,normal
2026-01-05 05:30:00,payment-service,47.39,58.18,50.83,597.19,554.53,164.16,0.24,51.27,0,normal
2026-01-05 05:30:00,notification-service,19.0,47.42,43.53,318.51,282.84,104.68,0.17,23.81,0,normal
2026-01-05 05:30:00,database,47.85,68.92,66.63,691.18,763.95,91.6,0.21,68.42,0,normal
2026-01-05 05:35:00,api-gateway,39.31,52.2,59.01,701.88,663.34,134.55,0.22,26.55,0,normal
2026-01-05 05:35:00,user-service,22.11,48.22,49.62,296.55,310.88,94.64,0.22,27.43,0,normal
2026-01-05 05:35:00,payment-service,45.78,61.32,40.91,358.16,429.77,156.33,0.16,40.19,0,normal
2026-01-05 05:35:00,notification-service,28.57,49.66,55.89,244.29,256.47,104.94,0.25,19.95,0,normal
2026-01-05 05:35:00,database,47.69,65.91,37.26,778.13,677.81,93.2,0.21,69.41,0,normal
2026-01-05 05:40:00,api-gateway,37.39,58.59,60.8,608.8,577.23,135.57,0.19,26.36,0,normal
2026-01-05 05:40:00,user-service,33.16,47.3,49.09,395.58,375.37,125.79,0.13,33.19,0,normal
2026-01-05 05:40:00,payment-service,47.24,58.05,57.26,592.99,525.72,167.92,0.18,53.83,0,normal
2026-01-05 05:40:00,notification-service,20.57,43.07,48.56,244.35,258.1,97.16,0.23,16.94,0,normal
2026-01-05 05:40:00,database,51.04,68.22,23.22,585.41,656.42,91.98,0.18,64.51,0,normal
2026-01-05 05:45:00,api-gateway,39.82,57.46,49.76,726.72,675.28,127.54,0.31,25.19,0,normal
2026-01-05 05:45:00,user-service,30.26,46.41,51.36,364.92,369.1,123.45,0.21,39.0,0,normal
2026-01-05 05:45:00,payment-service,48.56,55.48,25.03,389.59,451.44,165.52,0.25,46.68,0,normal
2026-01-05 05:45:00,notification-service,24.22,44.18,48.31,266.8,269.51,100.55,0.3,24.73,0,normal
2026-01-05 05:45:00,database,50.99,62.92,60.09,662.56,770.93,101.16,0.26,65.73,0,normal
2026-01-05 05:50:00,api-gateway,43.35,55.78,49.68,557.34,685.35,129.34,0.16,25.55,0,normal
2026-01-05 05:50:00,user-service,29.7,48.36,50.21,333.2,329.42,110.81,0.18,30.19,0,normal
2026-01-05 05:50:00,payment-service,38.88,59.38,69.49,667.98,565.82,170.0,0.3,45.17,0,normal
2026-01-05 05:50:00,notification-service,25.44,47.81,56.66,272.05,262.83,79.4,0.17,17.97,0,normal
2026-01-05 05:50:00,database,49.29,66.76,69.16,939.93,809.84,86.85,0.22,64.69,0,normal
2026-01-05 05:55:00,api-gateway,41.3,59.05,53.08,577.05,605.68,131.08,0.23,23.61,0,normal
2026-01-05 05:55:00,user-service,27.86,53.29,57.65,383.1,373.61,120.23,0.25,32.52,0,normal
2026-01-05 05:55:00,payment-service,44.27,64.66,74.77,539.05,453.35,171.34,0.16,49.05,0,normal
2026-01-05 05:55:00,notification-service,25.72,53.87,29.5,268.9,300.19,107.92,0.24,26.22,0,normal
2026-01-05 05:55:00,database,43.45,63.9,53.64,569.26,663.16,103.3,0.2,65.96,0,normal
2026-01-05 06:00:00,api-gateway,33.55,51.35,43.01,823.28,716.37,130.59,0.12,27.52,0,normal
2026-01-05 06:00:00,user-service,30.4,44.07,33.82,299.22,330.21,114.91,0.13,30.38,0,normal
2026-01-05 06:00:00,payment-service,42.41,62.02,38.46,585.04,520.39,182.04,0.14,49.93,0,normal
2026-01-05 06:00:00,notification-service,27.69,45.83,48.46,239.97,276.25,102.13,0.19,20.88,0,normal
2026-01-05 06:00:00,database,48.58,65.46,62.59,634.75,774.78,104.61,0.2,72.52,0,normal
2026-01-05 06:05:00,api-gateway,44.0,48.42,32.98,671.36,712.25,154.76,0.24,28.15,0,normal
2026-01-05 06:05:00,user-service,22.38,44.0,37.64,366.26,331.96,108.52,0.13,33.77,0,normal
2026-01-05 06:05:00,payment-service,46.32,61.01,56.91,502.12,472.7,146.28,0.18,48.04,0,normal
2026-01-05 06:05:00,notification-service,19.34,45.43,52.26,294.61,289.73,116.67,0.2,22.88,0,normal
2026-01-05 06:05:00,database,43.35,68.28,29.08,702.05,733.17,93.0,0.19,66.38,0,normal
2026-01-05 06:10:00,api-gateway,39.39,53.47,32.48,493.61,566.8,121.74,0.18,19.99,0,normal
2026-01-05 06:10:00,user-service,27.74,51.14,52.75,398.48,367.65,114.9,0.22,38.15,0,normal
2026-01-05 06:10:00,payment-service,41.95,60.12,47.99,503.3,471.91,150.02,0.21,52.1,0,normal
2026-01-05 06:10:00,notification-service,29.54,43.02,46.72,354.6,321.71,117.08,0.15,27.05,0,normal
2026-01-05 06:10:00,database,48.94,64.0,52.34,636.64,674.37,107.91,0.24,69.17,0,normal
2026-01-05 06:15:00,api-gateway,35.55,55.29,39.77,478.82,592.81,147.19,0.18,27.92,0,normal
2026-01-05 06:15:00,user-service,28.3,49.69,56.31,339.54,369.76,100.83,0.21,28.6,0,normal
2026-01-05 06:15:00,payment-service,40.21,61.06,46.73,393.71,480.88,151.62,0.18,49.67,0,normal
2026-01-05 06:15:00,notification-service,25.76,46.09,48.81,252.06,278.38,101.01,0.28,23.86,0,normal
2026-01-05 06:15:00,database,50.26,62.72,37.71,802.36,704.74,99.5,0.14,67.65,0,normal
2026-01-05 06:20:00,api-gateway,41.76,57.69,52.84,637.28,571.23,140.19,0.28,25.22,0,normal
2026-01-05 06:20:00,user-service,28.61,52.57,64.21,343.7,321.31,107.94,0.21,30.44,0,normal
2026-01-05 06:20:00,payment-service,34.92,60.71,67.22,391.11,455.94,172.92,0.19,52.1,0,normal
2026-01-05 06:20:00,notification-service,18.35,42.87,45.57,262.99,252.82,109.16,0.18,22.0,0,normal
2026-01-05 06:20:00,database,47.5,66.13,58.51,733.98,787.89,77.87,0.16,63.39,0,normal
2026-01-05 06:25:00,api-gateway,34.43,56.31,39.94,741.25,659.66,127.89,0.29,30.03,0,normal
2026-01-05 06:25:00,user-service,36.29,52.09,41.3,357.51,365.83,112.49,0.29,34.06,0,normal
2026-01-05 06:25:00,payment-service,46.8,62.43,36.25,540.38,474.92,162.8,0.19,47.87,0,normal
2026-01-05 06:25:00,notification-service,21.96,47.38,46.31,269.31,239.63,114.75,0.22,21.14,0,normal
2026-01-05 06:25:00,database,49.77,67.0,56.89,856.51,745.16,97.08,0.21,60.43,0,normal
2026-01-05 06:30:00,api-gateway,41.8,53.5,36.46,686.16,693.87,149.46,0.19,29.09,0,normal
2026-01-05 06:30:00,user-service,30.19,50.03,48.66,376.55,355.78,115.84,0.24,37.54,0,normal
2026-01-05 06:30:00,payment-service,35.43,57.5,23.71,456.07,471.58,179.07,0.18,45.38,0,normal
2026-01-05 06:30:00,notification-service,18.58,42.13,44.7,222.5,243.91,99.37,0.17,25.66,0,normal
2026-01-05 06:30:00,database,48.46,63.53,51.58,728.34,659.65,83.87,0.22,72.01,0,normal
2026-01-05 06:35:00,api-gateway,36.91,57.89,46.67,751.72,627.01,141.11,0.12,20.24,0,normal
2026-01-05 06:35:00,user-service,31.37,50.61,39.63,324.57,338.87,122.68,0.13,31.58,0,normal
2026-01-05 06:35:00,payment-service,40.94,54.99,45.09,553.18,477.72,167.51,0.19,43.37,0,normal
2026-01-05 06:35:00,notification-service,15.81,45.49,64.43,209.28,249.95,95.84,0.22,20.78,0,normal
2026-01-05 06:35:00,database,48.82,66.91,37.88,659.97,612.62,88.94,0.13,63.8,0,normal
2026-01-05 06:40:00,api-gateway,34.41,58.26,49.52,510.45,571.09,125.74,0.16,22.19,0,normal
2026-01-05 06:40:00,user-service,31.8,53.7,60.79,353.73,372.29,91.45,0.2,29.62,0,normal
2026-01-05 06:40:00,payment-service,40.55,57.1,37.22,373.8,443.57,160.36,0.16,46.55,0,normal
2026-01-05 06:40:00,notification-service,22.28,42.51,56.07,234.86,276.42,90.18,0.16,21.26,0,normal
2026-01-05 06:40:00,database,49.58,61.09,58.15,759.16,699.23,97.11,0.25,65.96,0,normal
2026-01-05 06:45:00,api-gateway,41.01,54.46,48.15,786.05,689.52,127.44,0.21,28.0,0,normal
2026-01-05 06:45:00,user-service,32.82,51.06,35.74,306.71,322.79,98.18,0.14,30.0,0,normal
2026-01-05 06:45:00,payment-service,41.58,53.58,58.99,607.26,519.87,175.75,0.21,49.45,0,normal
2026-01-05 06:45:00,notification-service,26.15,44.33,68.82,332.52,279.25,110.91,0.19,21.2,0,normal
2026-01-05 06:45:00,database,55.91,65.47,47.35,696.04,675.98,94.55,0.21,69.6,0,normal
2026-01-05 06:50:00,api-gateway,43.82,51.99,48.0,678.21,663.27,124.78,0.26,28.35,0,normal
2026-01-05 06:50:00,user-service,26.1,43.3,57.66,303.08,331.49,79.41,0.13,31.77,0,normal
2026-01-05 06:50:00,payment-service,39.64,58.88,34.63,604.62,506.69,161.62,0.26,51.91,0,normal
2026-01-05 06:50:00,notification-service,24.09,44.23,41.58,299.42,311.7,100.9,0.22,19.99,0,normal
2026-01-05 06:50:00,database,49.9,61.78,48.79,700.17,693.0,79.71,0.23,65.6,0,normal
2026-01-05 06:55:00,api-gateway,39.72,57.57,58.27,749.57,673.85,135.85,0.23,28.12,0,normal
2026-01-05 06:55:00,user-service,32.32,55.24,59.47,410.61,384.01,109.95,0.13,35.18,0,normal
2026-01-05 06:55:00,payment-service,37.39,62.56,45.01,456.39,491.98,166.87,0.15,49.24,0,normal
2026-01-05 06:55:00,notification-service,26.0,45.37,27.38,220.65,275.17,95.63,0.19,27.28,0,normal
2026-01-05 06:55:00,database,44.84,64.73,38.63,814.55,746.61,90.47,0.21,68.65,0,normal
2026-01-05 07:00:00,api-gateway,43.95,60.19,60.0,785.67,911.72,148.69,0.21,33.1,0,normal
2026-01-05 07:00:00,user-service,37.32,48.52,62.63,544.67,509.83,121.01,0.26,31.35,0,normal
2026-01-05 07:00:00,payment-service,56.63,53.48,51.12,789.03,719.7,152.2,0.17,55.46,0,normal
2026-01-05 07:00:00,notification-service,26.31,45.2,50.32,417.26,435.01,120.27,0.15,23.79,0,normal
2026-01-05 07:00:00,database,53.31,63.06,53.92,917.65,976.62,92.65,0.27,73.13,0,normal
2026-01-05 07:05:00,api-gateway,40.79,54.64,69.18,713.72,870.87,130.67,0.15,34.06,0,normal
2026-01-05 07:05:00,user-service,42.21,45.89,43.53,568.27,511.63,117.45,0.24,30.95,0,normal
2026-01-05 07:05:00,payment-service,46.89,59.66,34.43,686.48,696.38,186.27,0.23,57.42,0,normal
2026-01-05 07:05:00,notification-service,39.77,43.97,51.97,516.2,433.18,103.31,0.26,28.25,0,normal
2026-01-05 07:05:00,database,59.08,69.03,27.53,893.81,894.81,93.24,0.17,67.04,0,normal
2026-01-05 07:10:00,api-gateway,43.3,55.93,48.32,728.98,872.85,144.87,0.24,30.83,0,normal
2026-01-05 07:10:00,user-service,38.74,50.15,43.76,418.43,463.61,119.63,0.21,32.96,0,normal
2026-01-05 07:10:00,payment-service,48.84,58.31,48.42,623.04,654.77,180.08,0.16,51.14,0,normal
2026-01-05 07:10:00,notification-service,35.75,48.77,41.63,500.15,426.59,98.8,0.13,28.36,0,normal
2026-01-05 07:10:00,database,56.84,72.55,53.92,1079.48,1021.75,112.4,0.09,71.86,0,normal
2026-01-05 07:15:00,api-gateway,52.23,54.31,41.87,846.34,971.2,144.79,0.13,28.76,0,normal
2026-01-05 07:15:00,user-service,38.58,51.76,46.34,381.63,452.97,118.22,0.23,36.28,0,normal
2026-01-05 07:15:00,payment-service,49.92,58.83,39.74,730.9,672.53,172.07,0.14,44.54,0,normal
2026-01-05 07:15:00,notification-service,29.1,42.78,40.27,358.08,363.04,109.37,0.22,21.34,0,normal
2026-01-05 07:15:00,database,54.51,65.95,45.94,813.05,950.81,90.99,0.14,67.92,0,normal
2026-01-05 07:20:00,api-gateway,47.6,51.94,55.39,807.66,858.73,151.54,0.17,28.89,0,normal
2026-01-05 07:20:00,user-service,29.65,50.73,65.42,543.09,500.86,111.34,0.29,39.73,0,normal
2026-01-05 07:20:00,payment-service,44.27,54.98,55.78,809.69,705.32,164.54,0.2,51.98,0,normal
2026-01-05 07:20:00,notification-service,20.8,45.79,46.73,302.8,370.73,98.15,0.22,25.7,0,normal
2026-01-05 07:20:00,database,58.63,73.61,53.17,909.79,968.68,88.24,0.21,70.96,0,normal
2026-01-05 07:25:00,api-gateway,43.04,55.08,47.17,787.48,959.98,134.43,0.17,26.72,0,normal
2026-01-05 07:25:00,user-service,34.44,49.36,34.46,408.82,481.29,101.02,0.09,29.8,0,normal
2026-01-05 07:25:00,payment-service,44.79,54.21,52.14,637.1,734.69,183.76,0.19,48.53,0,normal
2026-01-05 07:25:00,notification-service,26.9,46.67,45.46,370.88,364.57,101.48,0.26,28.98,0,normal
2026-01-05 07:25:00,database,56.7,65.31,39.06,894.47,986.73,93.62,0.22,75.58,0,normal
2026-01-05 07:30:00,api-gateway,48.1,51.18,44.94,950.28,894.04,154.09,0.12,33.83,0,normal
2026-01-05 07:30:00,user-service,34.14,46.06,61.78,453.11,490.07,113.12,0.21,32.81,0,normal
2026-01-05 07:30:00,payment-service,47.25,65.04,59.66,593.59,672.29,173.17,0.14,47.18,0,normal
2026-01-05 07:30:00,notification-service,33.83,44.08,49.23,422.18,417.94,103.83,0.22,26.96,0,normal
2026-01-05 07:30:00,database,56.05,66.08,49.33,956.92,975.65,110.97,0.14,68.49,0,normal
2026-01-05 07:35:00,api-gateway,42.82,54.87,32.85,1127.32,975.94,132.49,0.19,29.87,0,normal
2026-01-05 07:35:00,user-service,25.09,48.41,49.0,586.09,520.49,112.67,0.21,28.56,0,normal
2026-01-05 07:35:00,payment-service,51.42,57.82,51.23,648.57,683.65,172.35,0.12,52.34,0,normal
2026-01-05 07:35:00,notification-service,37.47,43.09,56.4,433.53,423.48,124.95,0.23,23.99,0,normal
2026-01-05 07:35:00,database,63.28,69.71,54.46,970.0,968.45,95.91,0.12,67.1,0,normal
2026-01-05 07:40:00,api-gateway,45.34,53.88,49.59,1105.69,930.04,125.0,0.23,28.54,0,normal
2026-01-05 07:40:00,user-service,37.08,47.26,44.36,495.48,529.81,132.09,0.19,38.51,0,normal
2026-01-05 07:40:00,payment-service,45.25,56.12,73.06,765.38,741.36,172.23,0.19,49.78,0,normal
2026-01-05 07:40:00,notification-service,33.17,47.79,46.78,379.36,380.11,107.39,0.26,26.52,0,normal
2026-01-05 07:40:00,database,54.14,68.45,44.23,1087.08,982.39,98.16,0.33,72.15,0,normal
2026-01-05 07:45:00,api-gateway,47.9,55.36,33.27,900.43,892.03,120.15,0.2,25.83,0,normal
2026-01-05 07:45:00,user-service,35.98,50.61,47.15,474.3,463.84,122.82,0.15,31.65,0,normal
2026-01-05 07:45:00,payment-service,48.63,58.43,43.13,692.13,731.77,188.88,0.23,47.57,0,normal
2026-01-05 07:45:00,notification-service,24.53,46.43,37.1,368.36,399.26,101.95,0.26,23.85,0,normal
2026-01-05 07:45:00,database,51.39,63.62,40.83,932.41,977.52,105.47,0.14,68.95,0,normal
2026-01-05 07:50:00,api-gateway,41.97,60.48,38.38,880.23,928.87,136.55,0.08,29.91,0,normal
2026-01-05 07:50:00,user-service,32.67,54.63,54.61,403.77,443.02,105.86,0.18,34.56,0,normal
2026-01-05 07:50:00,payment-service,42.78,61.5,46.43,886.85,753.9,174.95,0.17,47.4,0,normal
2026-01-05 07:50:00,notification-service,29.41,41.39,57.37,419.5,404.33,115.9,0.27,26.49,0,normal
2026-01-05 07:50:00,database,55.07,66.92,51.62,1099.7,1052.16,105.28,0.16,71.01,0,normal
2026-01-05 07:55:00,api-gateway,48.14,58.33,52.29,889.17,807.06,155.96,0.12,30.8,0,normal
2026-01-05 07:55:00,user-service,36.56,47.58,47.2,574.16,512.19,116.41,0.21,33.96,0,normal
2026-01-05 07:55:00,payment-service,45.24,61.13,53.41,641.39,709.4,167.37,0.25,54.96,0,normal
2026-01-05 07:55:00,notification-service,31.61,43.08,55.45,399.96,457.91,96.5,0.2,21.33,0,normal
2026-01-05 07:55:00,database,62.15,66.39,48.17,1114.36,929.01,104.9,0.23,66.96,0,normal
2026-01-05 08:00:00,api-gateway,42.02,62.4,45.97,1061.59,1001.93,142.4,0.19,29.23,0,normal
2026-01-05 08:00:00,user-service,37.56,56.16,44.55,469.38,535.04,125.59,0.25,32.22,0,normal
2026-01-05 08:00:00,payment-service,42.98,62.66,57.5,599.64,682.43,179.12,0.09,50.17,0,normal
2026-01-05 08:00:00,notification-service,28.31,40.77,50.67,379.55,385.25,110.7,0.24,23.25,0,normal
2026-01-05 08:00:00,database,61.78,62.58,60.81,1035.46,941.41,97.51,0.16,70.95,0,normal
2026-01-05 08:05:00,api-gateway,48.74,56.74,48.21,903.38,870.22,146.14,0.2,33.62,0,normal
2026-01-05 08:05:00,user-service,36.34,53.81,61.63,576.51,502.75,143.4,0.15,34.56,0,normal
2026-01-05 08:05:00,payment-service,47.6,62.72,35.35,667.71,652.29,167.5,0.15,47.72,0,normal
2026-01-05 08:05:00,notification-service,28.75,39.02,45.31,334.83,398.28,126.84,0.23,21.87,0,normal
2026-01-05 08:05:00,database,54.05,64.54,55.45,916.12,957.76,115.01,0.29,67.37,0,normal
2026-01-05 08:10:00,api-gateway,37.42,55.83,59.23,1056.23,896.07,132.27,0.25,32.69,0,normal
2026-01-05 08:10:00,user-service,30.83,47.32,50.2,419.36,488.46,130.03,0.24,37.85,0,normal
2026-01-05 08:10:00,payment-service,49.9,67.84,66.73,721.34,681.26,167.05,0.2,45.12,0,normal
2026-01-05 08:10:00,notification-service,35.74,43.57,51.24,441.6,421.13,109.94,0.28,21.74,0,normal
2026-01-05 08:10:00,database,52.12,63.82,58.52,854.54,922.18,91.13,0.18,66.8,0,normal
2026-01-05 08:15:00,api-gateway,47.01,60.36,51.4,820.84,966.94,137.76,0.21,30.86,0,normal
2026-01-05 08:15:00,user-service,40.72,51.27,64.66,433.16,504.15,118.0,0.25,34.93,0,normal
2026-01-05 08:15:00,payment-service,50.94,55.28,54.0,813.39,720.32,178.55,0.26,48.92,0,normal
2026-01-05 08:15:00,notification-service,28.71,49.23,49.74,402.41,370.33,102.18,0.21,24.31,0,normal
2026-01-05 08:15:00,database,58.04,65.93,58.04,857.08,1034.44,96.56,0.21,65.37,0,normal
2026-01-05 08:20:00,api-gateway,42.18,55.66,48.24,734.87,872.74,137.51,0.12,30.22,0,normal
2026-01-05 08:20:00,user-service,34.86,48.47,54.24,432.75,443.49,120.81,0.26,31.19,0,normal
2026-01-05 08:20:00,payment-service,47.1,63.2,61.55,609.1,661.28,165.45,0.23,55.26,0,normal
2026-01-05 08:20:00,notification-service,26.62,48.24,27.63,364.26,367.49,116.0,0.17,32.14,0,normal
2026-01-05 08:20:00,database,53.98,63.19,45.57,1214.13,1026.18,102.65,0.21,73.3,0,normal
2026-01-05 08:25:00,api-gateway,41.62,57.5,61.55,1125.79,995.96,155.95,0.14,29.26,0,normal
2026-01-05 08:25:00,user-service,31.54,52.42,49.79,531.78,495.87,121.27,0.19,34.09,0,normal
2026-01-05 08:25:00,payment-service,48.07,60.65,30.87,719.27,649.69,175.87,0.27,52.86,0,normal
2026-01-05 08:25:00,notification-service,34.92,48.08,52.03,442.89,416.4,102.26,0.22,24.48,0,normal
2026-01-05 08:25:00,database,55.22,67.58,50.86,905.04,1037.65,121.03,0.17,67.67,0,normal
2026-01-05 08:30:00,api-gateway,37.63,54.46,43.4,903.68,878.51,144.09,0.27,28.44,0,normal
2026-01-05 08:30:00,user-service,42.6,49.82,41.94,459.1,497.48,123.58,0.23,31.21,0,normal
2026-01-05 08:30:00,payment-service,51.09,55.83,40.98,672.72,731.78,170.38,0.24,49.54,0,normal
2026-01-05 08:30:00,notification-service,25.98,46.25,53.65,434.59,423.1,108.14,0.22,28.53,0,normal
2026-01-05 08:30:00,database,47.57,63.52,52.01,894.14,1012.56,109.29,0.09,72.46,0,normal
2026-01-05 08:35:00,api-gateway,44.91,59.77,54.61,777.48,942.57,132.89,0.26,31.59,0,normal
2026-01-05 08:35:00,user-service,33.67,52.55,56.4,556.44,484.13,111.89,0.15,38.39,0,normal
2026-01-05 08:35:00,payment-service,43.74,62.09,48.38,779.54,719.32,170.68,0.25,46.69,0,normal
2026-01-05 08:35:00,notification-service,31.62,50.44,41.51,345.44,396.06,96.35,0.23,19.38,0,normal
2026-01-05 08:35:00,database,56.33,71.12,44.51,944.02,930.91,96.19,0.13,69.8,0,normal
2026-01-05 08:40:00,api-gateway,38.78,58.41,72.25,637.89,788.93,128.29,0.2,24.46,0,normal
2026-01-05 08:40:00,user-service,32.42,47.77,41.04,608.3,527.3,112.94,0.15,33.19,0,normal
2026-01-05 08:40:00,payment-service,44.65,66.9,38.48,737.82,661.04,176.27,0.26,46.88,0,normal
2026-01-05 08:40:00,notification-service,30.52,42.14,47.21,326.24,397.26,108.73,0.23,22.09,0,normal
2026-01-05 08:40:00,database,59.1,62.91,52.78,903.37,1066.76,86.08,0.23,64.12,0,normal
2026-01-05 08:45:00,api-gateway,45.15,57.23,55.63,1091.57,917.36,132.43,0.1,32.13,0,normal
2026-01-05 08:45:00,user-service,34.34,47.55,40.3,618.59,540.6,123.7,0.31,41.81,0,normal
2026-01-05 08:45:00,payment-service,48.31,60.34,65.2,768.01,741.14,176.55,0.15,51.41,0,normal
2026-01-05 08:45:00,notification-service,25.32,43.61,35.99,461.65,407.21,110.37,0.17,22.16,0,normal
2026-01-05 08:45:00,database,59.26,67.63,73.05,885.15,970.34,106.47,0.24,67.37,0,normal
2026-01-05 08:50:00,api-gateway,38.13,62.24,51.01,903.01,927.5,134.25,0.25,31.94,0,normal
2026-01-05 08:50:00,user-service,38.24,50.72,33.01,561.97,534.65,143.09,0.25,38.83,0,normal
2026-01-05 08:50:00,payment-service,56.16,61.07,49.36,789.97,715.35,157.24,0.19,48.65,0,normal
2026-01-05 08:50:00,notification-service,30.48,48.32,51.11,404.91,398.12,106.5,0.25,22.1,0,normal
2026-01-05 08:50:00,database,59.58,65.91,43.33,1134.26,1062.34,105.39,0.24,68.61,0,normal
2026-01-05 08:55:00,api-gateway,41.56,56.98,66.14,1091.3,930.64,141.61,0.22,28.05,0,normal
2026-01-05 08:55:00,user-service,36.42,48.21,49.86,414.99,482.66,123.68,0.18,24.86,0,normal
2026-01-05 08:55:00,payment-service,48.82,63.97,62.1,794.13,666.6,189.28,0.22,49.35,0,normal
2026-01-05 08:55:00,notification-service,29.37,42.91,41.52,422.24,450.61,100.8,0.28,28.98,0,normal
2026-01-05 08:55:00,database,55.39,63.36,66.67,1020.59,985.76,89.36,0.29,65.28,0,normal
2026-01-05 09:00:00,api-gateway,42.31,54.6,55.74,1020.79,1031.86,156.09,0.2,32.33,0,normal
2026-01-05 09:00:00,user-service,39.64,53.52,56.62,523.21,629.8,115.38,0.22,35.61,0,normal
2026-01-05 09:00:00,payment-service,51.08,63.67,45.9,1045.86,922.55,175.05,0.2,54.44,0,normal
2026-01-05 09:00:00,notification-service,36.2,42.69,33.92,579.54,538.23,124.61,0.28,27.99,0,normal
2026-01-05 09:00:00,database,59.85,72.58,41.03,1245.48,1302.71,110.89,0.19,73.66,0,normal
2026-01-05 09:05:00,api-gateway,47.04,57.65,52.25,887.78,1082.22,142.26,0.22,30.12,0,normal
2026-01-05 09:05:00,user-service,43.05,45.85,51.16,578.27,656.43,111.47,0.21,35.98,0,normal
2026-01-05 09:05:00,payment-service,52.4,62.23,33.31,872.54,905.83,178.07,0.32,55.44,0,normal
2026-01-05 09:05:00,notification-service,39.23,45.29,50.73,451.42,536.0,130.14,0.22,27.05,0,normal
2026-01-05 09:05:00,database,67.93,66.19,51.66,1498.12,1288.38,100.53,0.21,72.56,0,normal
2026-01-05 09:10:00,api-gateway,53.08,57.5,60.35,1519.3,1299.67,151.4,0.23,35.81,0,normal
2026-01-05 09:10:00,user-service,38.88,48.41,49.44,784.74,688.42,127.91,0.26,39.8,0,normal
2026-01-05 09:10:00,payment-service,54.36,61.85,22.99,1069.53,895.55,181.96,0.18,54.49,0,normal
2026-01-05 09:10:00,notification-service,31.49,45.18,45.65,440.35,484.09,104.89,0.28,23.41,0,normal
2026-01-05 09:10:00,database,63.65,69.16,62.33,1305.45,1251.87,97.13,0.25,71.18,0,normal
2026-01-05 09:15:00,api-gateway,56.24,52.82,52.5,1306.68,1140.98,141.53,0.23,34.25,0,normal
2026-01-05 09:15:00,user-service,39.86,51.81,52.51,559.98,659.78,134.38,0.23,41.13,0,normal
2026-01-05 09:15:00,payment-service,59.04,61.48,61.49,883.04,919.95,170.86,0.17,51.35,0,normal
2026-01-05 09:15:00,notification-service,33.84,43.66,51.27,555.29,494.77,111.91,0.11,23.75,0,normal
2026-01-05 09:15:00,database,64.15,69.09,54.31,1492.98,1306.35,118.44,0.2,74.73,0,normal
2026-01-05 09:20:00,api-gateway,49.16,52.14,42.8,1027.88,1127.16,134.31,0.23,36.14,0,normal
2026-01-05 09:20:00,user-service,40.27,45.49,55.33,576.44,625.39,124.92,0.25,40.92,0,normal
2026-01-05 09:20:00,payment-service,56.75,56.36,52.14,849.68,851.55,152.51,0.24,51.81,0,normal
2026-01-05 09:20:00,notification-service,37.51,44.78,46.08,612.28,521.87,132.08,0.23,25.54,0,normal
2026-01-05 09:20:00,database,59.8,66.58,56.55,1250.36,1274.53,93.6,0.13,75.22,0,normal
2026-01-05 09:25:00,api-gateway,42.27,54.9,44.41,1086.14,1159.4,145.65,0.24,30.5,0,normal
2026-01-05 09:25:00,user-service,37.4,52.81,56.01,541.45,656.53,132.27,0.19,40.82,0,normal
2026-01-05 09:25:00,payment-service,59.41,64.93,47.33,1140.99,977.22,187.38,0.13,56.92,0,normal
2026-01-05 09:25:00,notification-service,38.12,48.44,52.3,400.11,495.93,125.51,0.14,24.7,0,normal
2026-01-05 09:25:00,database,64.81,60.0,35.16,1100.26,1335.24,108.36,0.15,71.68,0,normal
2026-01-05 09:30:00,api-gateway,54.08,56.42,32.89,992.93,1208.89,157.16,0.27,34.66,0,normal
2026-01-05 09:30:00,user-service,45.06,46.55,70.54,681.6,648.51,124.65,0.19,38.65,0,normal
2026-01-05 09:30:00,payment-service,55.18,60.24,25.98,965.74,920.04,170.94,0.23,53.76,0,normal
2026-01-05 09:30:00,notification-service,43.49,44.46,72.81,559.42,513.43,127.02,0.24,33.78,0,normal
2026-01-05 09:30:00,database,64.7,62.44,40.95,1089.26,1268.85,109.28,0.19,74.73,0,normal
2026-01-05 09:35:00,api-gateway,45.57,53.43,52.33,1094.11,1149.55,162.23,0.18,31.1,0,normal
2026-01-05 09:35:00,user-service,35.57,50.25,50.0,689.39,662.63,120.17,0.23,43.52,0,normal
2026-01-05 09:35:00,payment-service,57.02,55.52,56.93,800.92,871.29,185.31,0.16,53.28,0,normal
2026-01-05 09:35:00,notification-service,41.97,47.33,65.17,444.27,522.18,103.78,0.24,27.29,0,normal
2026-01-05 09:35:00,database,54.77,62.73,57.24,1431.89,1389.56,102.52,0.27,76.95,0,normal
2026-01-05 09:40:00,api-gateway,53.28,52.73,53.58,1401.77,1234.43,155.2,0.17,37.69,0,normal
2026-01-05 09:40:00,user-service,39.75,51.83,42.71,660.89,644.87,107.51,0.16,39.47,0,normal
2026-01-05 09:40:00,payment-service,61.49,56.96,35.61,829.43,832.41,171.84,0.13,54.66,0,normal
2026-01-05 09:40:00,notification-service,42.5,44.75,59.5,544.3,507.35,114.7,0.31,35.27,0,normal
2026-01-05 09:40:00,database,52.16,63.87,44.37,1536.83,1313.35,102.88,0.19,74.21,0,normal
2026-01-05 09:45:00,api-gateway,50.16,57.56,33.09,1409.19,1261.35,156.81,0.16,34.43,0,normal
2026-01-05 09:45:00,user-service,41.38,51.99,40.1,622.4,644.62,110.43,0.26,31.85,0,normal
2026-01-05 09:45:00,payment-service,54.9,57.83,42.44,1008.41,984.29,169.97,0.2,54.21,0,normal
2026-01-05 09:45:00,notification-service,31.33,46.09,60.55,499.14,503.23,118.07,0.13,24.18,0,normal
2026-01-05 09:45:00,database,64.51,61.58,54.68,1341.38,1267.21,88.18,0.15,71.84,0,normal
2026-01-05 09:50:00,api-gateway,52.63,58.41,44.48,1163.61,1159.23,139.9,0.28,31.09,0,normal
2026-01-05 09:50:00,user-service,37.64,52.16,42.88,579.71,648.58,123.02,0.22,36.34,0,normal
2026-01-05 09:50:00,payment-service,56.94,65.19,43.84,988.66,910.53,161.52,0.23,53.08,0,normal
2026-01-05 09:50:00,notification-service,33.47,42.13,45.06,523.11,539.02,121.99,0.22,23.84,0,normal
2026-01-05 09:50:00,database,66.56,69.0,39.75,1666.63,1424.46,116.63,0.11,73.62,0,normal
2026-01-05 09:55:00,api-gateway,52.1,56.83,59.24,1110.17,1139.55,146.45,0.18,30.58,0,normal
2026-01-05 09:55:00,user-service,43.13,52.73,50.64,704.58,707.95,122.96,0.18,38.74,0,normal
2026-01-05 09:55:00,payment-service,54.34,57.08,51.3,804.58,974.6,176.73,0.17,54.88,0,normal
2026-01-05 09:55:00,notification-service,30.52,41.61,53.09,551.1,557.68,113.39,0.22,27.0,0,normal
2026-01-05 09:55:00,database,62.86,63.78,66.75,1366.98,1305.68,114.28,0.17,73.09,0,normal
2026-01-05 10:00:00,api-gateway,46.46,59.82,53.81,951.93,1152.54,162.36,0.23,37.39,0,normal
2026-01-05 10:00:00,user-service,38.05,47.52,36.14,685.92,638.55,114.22,0.19,42.85,0,normal
2026-01-05 10:00:00,payment-service,57.15,62.7,52.25,983.19,896.76,188.14,0.2,49.45,0,normal
2026-01-05 10:00:00,notification-service,43.25,45.2,36.34,589.61,526.5,123.65,0.16,29.76,0,normal
2026-01-05 10:00:00,database,67.26,66.19,33.04,1380.27,1306.58,105.25,0.18,77.45,0,normal
2026-01-05 10:05:00,api-gateway,47.08,55.18,60.73,1024.78,1134.94,139.03,0.15,35.85,0,normal
2026-01-05 10:05:00,user-service,38.41,48.14,24.78,767.47,649.35,124.44,0.12,37.77,0,normal
2026-01-05 10:05:00,payment-service,61.27,60.39,42.81,1037.25,924.0,181.82,0.08,56.04,0,normal
2026-01-05 10:05:00,notification-service,30.17,48.67,57.78,570.92,512.39,118.09,0.09,30.28,0,normal
2026-01-05 10:05:00,database,56.5,64.88,50.37,1304.04,1274.52,93.47,0.15,76.07,0,normal
2026-01-05 10:10:00,api-gateway,60.18,57.53,49.11,1223.36,1133.59,148.89,0.22,34.14,0,normal
2026-01-05 10:10:00,user-service,43.97,49.45,47.39,733.67,668.92,142.44,0.2,39.55,0,normal
2026-01-05 10:10:00,payment-service,60.88,65.09,47.36,825.94,881.63,155.72,0.21,52.29,0,normal
2026-01-05 10:10:00,notification-service,42.85,43.1,52.92,513.07,495.08,113.67,0.22,34.1,0,normal
2026-01-05 10:10:00,database,57.2,63.29,36.45,1035.99,1288.36,107.52,0.22,70.74,0,normal
2026-01-05 10:15:00,api-gateway,57.47,51.46,50.92,1313.45,1159.08,138.72,0.13,29.4,0,normal
2026-01-05 10:15:00,user-service,37.68,46.99,59.49,621.21,636.88,127.54,0.21,39.38,0,normal
2026-01-05 10:15:00,payment-service,50.27,56.62,49.35,994.87,930.35,179.02,0.15,59.63,0,normal
2026-01-05 10:15:00,notification-service,38.52,46.43,49.64,566.47,503.03,118.42,0.14,27.01,0,normal
2026-01-05 10:15:00,database,61.56,64.62,33.79,1140.4,1353.26,105.29,0.2,73.32,0,normal
2026-01-05 10:20:00,api-gateway,48.3,56.09,59.97,1005.36,1190.54,146.16,0.17,33.1,0,normal
2026-01-05 10:20:00,user-service,43.04,50.44,48.64,613.21,626.37,104.93,0.07,31.44,0,normal
2026-01-05 10:20:00,payment-service,55.98,58.95,59.56,855.8,912.38,169.8,0.13,53.7,0,normal
2026-01-05 10:20:00,notification-service,34.6,43.81,56.4,563.63,521.5,110.36,0.23,27.93,0,normal
2026-01-05 10:20:00,database,64.76,72.95,65.61,1226.43,1305.87,87.33,0.13,73.21,0,normal
2026-01-05 10:25:00,api-gateway,51.78,52.55,50.42,1284.19,1181.08,148.43,0.19,32.03,0,normal
2026-01-05 10:25:00,user-service,45.5,49.62,57.89,698.84,673.86,104.42,0.17,38.79,0,normal
2026-01-05 10:25:00,payment-service,59.35,61.72,64.13,997.35,848.04,194.89,0.19,50.44,0,normal
2026-01-05 10:25:00,notification-service,35.95,39.77,48.9,432.59,522.19,102.3,0.11,27.69,0,normal
2026-01-05 10:25:00,database,62.3,59.42,48.82,1078.04,1255.29,96.2,0.27,68.09,0,normal
2026-01-05 10:30:00,api-gateway,49.13,55.46,44.82,1338.8,1151.74,140.8,0.13,32.0,0,normal
2026-01-05 10:30:00,user-service,37.95,52.72,45.97,794.33,697.1,111.67,0.29,34.67,0,normal
2026-01-05 10:30:00,payment-service,60.04,61.55,40.12,974.19,906.85,168.2,0.19,52.98,0,normal
2026-01-05 10:30:00,notification-service,40.38,47.81,50.69,458.65,515.49,108.22,0.21,31.14,0,normal
2026-01-05 10:30:00,database,54.41,62.98,46.37,1390.58,1328.19,117.61,0.23,71.81,0,normal
2026-01-05 10:35:00,api-gateway,45.46,51.68,56.13,1170.55,1194.76,146.43,0.22,26.62,0,normal
2026-01-05 10:35:00,user-service,39.2,49.6,45.57,716.95,668.28,137.47,0.27,35.47,0,normal
2026-01-05 10:35:00,payment-service,58.21,61.27,38.6,789.91,879.5,175.02,0.25,51.43,0,normal
2026-01-05 10:35:00,notification-service,38.15,42.72,45.15,478.74,554.39,126.62,0.2,28.71,0,normal
2026-01-05 10:35:00,database,59.81,64.99,74.05,1549.29,1305.23,89.04,0.3,75.75,0,normal
2026-01-05 10:40:00,api-gateway,44.48,51.3,48.56,1160.93,1192.28,127.75,0.18,33.69,0,normal
2026-01-05 10:40:00,user-service,31.97,48.27,54.33,668.17,615.19,121.47,0.23,32.58,0,normal
2026-01-05 10:40:00,payment-service,57.96,60.22,63.76,1063.93,950.25,166.35,0.18,54.39,0,normal
2026-01-05 10:40:00,notification-service,34.79,35.2,57.41,623.38,521.83,116.33,0.14,26.62,0,normal
2026-01-05 10:40:00,database,67.02,63.34,64.44,1614.08,1356.26,116.21,0.3,72.56,0,normal
2026-01-05 10:45:00,api-gateway,49.54,52.78,53.9,1304.13,1203.45,142.27,0.16,37.52,0,normal
2026-01-05 10:45:00,user-service,47.98,51.35,46.64,626.89,671.51,130.01,0.21,38.09,0,normal
2026-01-05 10:45:00,payment-service,56.64,63.04,51.67,813.54,967.17,192.65,0.26,53.84,0,normal
2026-01-05 10:45:00,notification-service,37.89,43.13,38.08,461.73,508.47,110.07,0.16,30.09,0,normal
2026-01-05 10:45:00,database,60.25,62.38,52.31,1125.61,1334.26,96.51,0.21,72.3,0,normal
2026-01-05 10:50:00,api-gateway,47.4,54.5,39.14,1124.34,1210.91,147.37,0.23,32.84,0,normal
2026-01-05 10:50:00,user-service,41.01,48.0,52.15,776.53,662.81,127.45,0.26,39.83,0,normal
2026-01-05 10:50:00,payment-service,57.26,60.04,52.66,913.38,931.88,163.49,0.14,49.03,0,normal
2026-01-05 10:50:00,notification-service,28.93,45.72,65.56,599.06,516.15,116.84,0.31,29.2,0,normal
2026-01-05 10:50:00,database,61.7,66.32,51.97,1459.44,1318.24,106.17,0.23,79.53,0,normal
2026-01-05 10:55:00,api-gateway,51.47,46.3,49.33,922.56,1136.78,149.1,0.15,32.37,0,normal
2026-01-05 10:55:00,user-service,47.06,50.29,56.87,721.22,656.63,125.62,0.28,40.99,0,normal
2026-01-05 10:55:00,payment-service,56.61,57.82,62.78,804.66,945.4,181.05,0.25,58.18,0,normal
2026-01-05 10:55:00,notification-service,35.74,48.99,48.25,469.1,519.84,113.62,0.16,26.27,0,normal
2026-01-05 10:55:00,database,57.45,62.43,64.12,1042.65,1263.24,97.91,0.08,69.34,0,normal
2026-01-05 11:00:00,api-gateway,50.02,54.54,56.17,1206.34,1221.69,146.27,0.23,28.1,0,normal
2026-01-05 11:00:00,user-service,49.24,53.44,47.62,620.72,670.36,120.13,0.16,37.13,0,normal
2026-01-05 11:00:00,payment-service,65.05,55.09,42.25,859.48,970.37,162.96,0.17,51.58,0,normal
2026-01-05 11:00:00,notification-service,32.66,44.42,46.5,452.98,516.12,120.53,0.15,30.65,0,normal
2026-01-05 11:00:00,database,59.15,67.88,37.8,1357.66,1223.98,110.44,0.14,74.67,0,normal
2026-01-05 11:05:00,api-gateway,50.96,54.87,63.98,1168.44,1221.0,144.21,0.14,35.03,0,normal
2026-01-05 11:05:00,user-service,41.87,48.43,63.88,729.71,659.04,118.56,0.19,45.42,0,normal
2026-01-05 11:05:00,payment-service,54.02,59.69,57.5,915.88,904.88,175.26,0.21,48.72,0,normal
2026-01-05 11:05:00,notification-service,37.89,43.77,31.75,540.59,505.35,105.92,0.28,24.75,0,normal
2026-01-05 11:05:00,database,57.07,64.37,52.86,1488.86,1325.39,111.52,0.17,69.31,0,normal
2026-01-05 11:10:00,api-gateway,54.22,51.75,54.85,1129.99,1194.94,153.97,0.22,32.68,0,normal
2026-01-05 11:10:00,user-service,40.73,52.23,46.23,569.38,622.24,151.66,0.26,44.12,0,normal
2026-01-05 11:10:00,payment-service,54.67,59.47,46.56,1031.37,909.93,179.33,0.16,55.72,0,normal
2026-01-05 11:10:00,notification-service,34.23,41.73,38.63,443.47,549.39,100.9,0.17,26.19,0,normal
2026-01-05 11:10:00,database,65.6,59.22,65.05,1205.72,1352.0,101.63,0.19,75.61,0,normal
2026-01-05 11:15:00,api-gateway,58.22,54.3,59.08,1044.52,1200.31,154.11,0.22,36.11,0,normal
2026-01-05 11:15:00,user-service,49.01,46.12,32.59,639.3,653.23,118.9,0.19,33.3,0,normal
2026-01-05 11:15:00,payment-service,54.39,62.44,39.0,926.5,951.49,190.57,0.23,51.78,0,normal
2026-01-05 11:15:00,notification-service,36.0,43.61,59.34,450.56,549.81,111.8,0.17,33.54,0,normal
2026-01-05 11:15:00,database,57.68,62.86,42.31,1135.96,1301.09,103.62,0.13,78.0,0,normal
2026-01-05 11:20:00,api-gateway,55.66,59.76,44.38,1338.42,1231.14,128.28,0.2,34.28,0,normal
2026-01-05 11:20:00,user-service,41.02,47.71,50.54,568.62,658.11,141.5,0.19,38.6,0,normal
2026-01-05 11:20:00,payment-service,51.61,55.06,66.29,889.91,916.32,175.89,0.1,52.28,0,normal
2026-01-05 11:20:00,notification-service,27.01,48.58,52.65,472.74,522.14,119.39,0.19,32.68,0,normal
2026-01-05 11:20:00,database,55.11,63.56,50.08,1209.69,1281.94,98.67,0.22,68.33,0,normal
2026-01-05 11:25:00,api-gateway,51.87,57.23,46.61,1272.62,1181.07,146.18,0.28,29.87,0,normal
2026-01-05 11:25:00,user-service,32.03,42.1,35.89,644.55,636.76,131.85,0.3,36.67,0,normal
2026-01-05 11:25:00,payment-service,56.91,64.97,58.09,1014.21,921.98,148.39,0.24,48.86,0,normal
2026-01-05 11:25:00,notification-service,30.47,45.97,44.63,554.43,532.84,131.25,0.22,29.83,0,normal
2026-01-05 11:25:00,database,62.08,64.61,44.83,1410.3,1254.8,99.79,0.11,69.14,0,normal
2026-01-05 11:30:00,api-gateway,49.02,54.42,54.84,930.27,1131.4,149.72,0.25,29.95,0,normal
2026-01-05 11:30:00,user-service,45.48,47.99,45.3,653.49,637.13,145.12,0.22,38.12,0,normal
2026-01-05 11:30:00,payment-service,58.76,63.79,47.63,854.81,880.98,170.79,0.21,52.2,0,normal
2026-01-05 11:30:00,notification-service,32.31,43.17,42.8,422.4,523.55,115.53,0.19,24.53,0,normal
2026-01-05 11:30:00,database,59.92,62.68,72.3,1544.24,1322.39,105.49,0.21,74.42,0,normal
2026-01-05 11:35:00,api-gateway,58.19,52.35,50.1,1143.75,1140.46,150.61,0.25,32.47,0,normal
2026-01-05 11:35:00,user-service,47.29,50.7,40.32,633.13,623.43,131.52,0.22,35.25,0,normal
2026-01-05 11:35:00,payment-service,53.85,57.93,42.38,839.66,951.15,196.21,0.18,51.41,0,normal
2026-01-05 11:35:00,notification-service,39.66,46.98,39.64,564.48,527.47,115.91,0.21,28.84,0,normal
2026-01-05 11:35:00,database,58.69,61.64,48.72,1211.93,1313.97,94.0,0.21,73.24,0,normal
2026-01-05 11:40:00,api-gateway,53.39,53.04,48.21,1140.7,1162.65,153.87,0.22,33.51,0,normal
2026-01-05 11:40:00,user-service,34.1,50.91,51.77,739.12,690.74,116.76,0.15,41.95,0,normal
2026-01-05 11:40:00,payment-service,54.27,57.8,53.23,912.82,893.94,168.47,0.19,51.58,0,normal
2026-01-05 11:40:00,notification-service,34.93,43.76,30.33,542.46,557.21,115.91,0.31,33.43,0,normal
2026-01-05 11:40:00,database,64.02,67.94,49.27,1467.11,1330.71,100.86,0.22,80.22,0,normal
2026-01-05 11:45:00,api-gateway,46.61,60.75,51.01,1052.17,1219.95,144.74,0.17,34.08,0,normal
2026-01-05 11:45:00,user-service,44.35,52.87,51.51,580.39,609.29,104.55,0.2,35.03,0,normal
2026-01-05 11:45:00,payment-service,55.32,58.93,56.42,1131.5,981.58,171.47,0.22,52.15,0,normal
2026-01-05 11:45:00,notification-service,28.99,43.5,55.98,387.99,461.69,122.88,0.22,24.59,0,normal
2026-01-05 11:45:00,database,62.97,58.53,42.14,1352.96,1327.01,118.31,0.22,73.13,0,normal
2026-01-05 11:50:00,api-gateway,55.99,53.57,41.36,1279.73,1132.51,144.88,0.16,31.72,0,normal
2026-01-05 11:50:00,user-service,41.51,51.77,49.07,591.58,649.02,133.05,0.17,35.41,0,normal
2026-01-05 11:50:00,payment-service,54.02,58.78,57.77,1059.09,966.12,170.59,0.16,54.42,0,normal
2026-01-05 11:50:00,notification-service,33.71,46.42,48.9,452.32,519.07,116.93,0.27,22.75,0,normal
2026-01-05 11:50:00,database,63.24,66.78,26.87,1355.95,1267.49,120.69,0.18,71.23,0,normal
2026-01-05 11:55:00,api-gateway,51.93,51.28,64.42,975.4,1127.56,134.04,0.18,35.71,0,normal
2026-01-05 11:55:00,user-service,37.56,50.65,49.55,737.25,634.41,113.52,0.18,40.17,0,normal
2026-01-05 11:55:00,payment-service,62.1,55.37,51.04,1026.61,913.49,180.16,0.23,52.68,0,normal
2026-01-05 11:55:00,notification-service,36.95,48.29,42.67,470.58,517.63,116.84,0.22,31.93,0,normal
2026-01-05 11:55:00,database,58.72,61.94,43.16,1120.3,1282.26,106.36,0.17,70.95,0,normal
2026-01-05 12:00:00,api-gateway,51.46,53.83,68.05,986.28,1141.84,149.28,0.23,35.72,0,normal
2026-01-05 12:00:00,user-service,36.54,49.18,52.56,747.57,701.28,127.73,0.16,37.13,0,normal
2026-01-05 12:00:00,payment-service,51.14,55.61,60.63,1023.26,897.87,189.26,0.18,56.03,0,normal
2026-01-05 12:00:00,notification-service,36.8,48.83,62.34,463.41,493.86,109.8,0.3,29.02,0,normal
2026-01-05 12:00:00,database,55.38,64.2,33.87,1546.8,1289.5,118.69,0.21,71.45,0,normal
2026-01-05 12:05:00,api-gateway,48.01,54.41,46.0,1080.42,1087.85,146.02,0.24,30.88,0,normal
2026-01-05 12:05:00,user-service,37.97,54.7,50.65,723.66,678.95,121.71,0.25,41.58,0,normal
2026-01-05 12:05:00,payment-service,58.32,58.42,42.64,768.64,912.33,161.91,0.16,47.37,0,normal
2026-01-05 12:05:00,notification-service,30.61,48.08,42.62,619.6,525.94,125.17,0.19,30.17,0,normal
2026-01-05 12:05:00,database,62.87,65.12,40.98,1176.87,1283.74,119.82,0.21,71.08,0,normal
2026-01-05 12:10:00,api-gateway,53.12,52.04,56.58,1265.64,1194.3,139.44,0.22,30.66,0,normal
2026-01-05 12:10:00,user-service,42.71,50.43,37.45,576.37,632.59,117.62,0.15,43.24,0,normal
2026-01-05 12:10:00,payment-service,59.02,62.39,37.1,831.24,928.01,178.93,0.12,54.83,0,normal
2026-01-05 12:10:00,notification-service,35.21,46.99,27.77,533.73,515.82,107.8,0.26,24.35,0,normal
2026-01-05 12:10:00,database,53.31,62.58,53.62,1287.98,1201.22,89.13,0.16,79.16,0,normal
2026-01-05 12:15:00,api-gateway,49.51,49.45,59.82,1127.06,1147.24,146.01,0.28,36.87,0,normal
2026-01-05 12:15:00,user-service,47.51,49.88,44.11,674.94,660.1,96.26,0.25,33.53,0,normal
2026-01-05 12:15:00,payment-service,55.93,63.51,42.66,812.1,918.87,169.82,0.19,53.67,0,normal
2026-01-05 12:15:00,notification-service,30.23,42.25,52.37,535.89,518.14,108.74,0.21,22.37,0,normal
2026-01-05 12:15:00,database,62.57,60.87,49.6,1229.61,1272.78,96.21,0.18,72.95,0,normal
2026-01-05 12:20:00,api-gateway,54.54,51.39,65.74,1050.81,1166.84,147.7,0.15,29.21,0,normal
2026-01-05 12:20:00,user-service,32.76,50.89,50.14,751.39,661.43,114.02,0.17,38.02,0,normal
2026-01-05 12:20:00,payment-service,56.65,56.35,58.8,804.11,929.52,180.37,0.19,59.56,0,normal
2026-01-05 12:20:00,notification-service,36.7,45.35,46.59,470.65,477.94,124.12,0.19,25.01,0,normal
2026-01-05 12:20:00,database,55.2,62.48,51.33,1207.81,1376.36,108.81,0.22,74.18,0,normal
2026-01-05 12:25:00,api-gateway,51.39,62.02,65.45,1051.41,1221.68,129.68,0.26,29.82,0,normal
2026-01-05 12:25:00,user-service,45.49,54.92,44.56,749.66,662.07,128.84,0.16,35.46,0,normal
2026-01-05 12:25:00,payment-service,58.29,54.17,27.43,765.96,946.09,184.66,0.18,50.85,0,normal
2026-01-05 12:25:00,notification-service,35.59,45.17,44.29,624.39,536.16,124.41,0.12,28.17,0,normal
2026-01-05 12:25:00,database,64.12,63.49,67.12,1154.3,1203.83,129.92,0.21,75.34,0,normal
2026-01-05 12:30:00,api-gateway,54.52,55.94,55.21,1237.41,1135.27,151.79,0.32,34.12,0,normal
2026-01-05 12:30:00,user-service,42.71,53.23,55.69,593.71,618.0,111.34,0.26,39.06,0,normal
2026-01-05 12:30:00,payment-service,56.25,59.18,57.01,1068.17,979.97,166.2,0.21,50.5,0,normal
2026-01-05 12:30:00,notification-service,41.57,47.66,55.25,505.05,490.25,126.33,0.22,28.12,0,normal
2026-01-05 12:30:00,database,58.88,66.27,50.91,1148.49,1326.88,110.87,0.25,72.63,0,normal
2026-01-05 12:35:00,api-gateway,47.41,58.12,49.88,1172.55,1201.74,140.84,0.22,31.85,0,normal
2026-01-05 12:35:00,user-service,39.56,48.76,45.88,753.58,671.83,137.39,0.17,40.14,0,normal
2026-01-05 12:35:00,payment-service,59.4,58.29,63.15,770.87,912.99,177.71,0.26,53.13,0,normal
2026-01-05 12:35:00,notification-service,32.62,48.16,58.81,482.3,522.86,93.66,0.12,29.08,0,normal
2026-01-05 12:35:00,database,59.85,67.91,53.75,1445.82,1286.75,89.07,0.22,74.7,0,normal
2026-01-05 12:40:00,api-gateway,54.99,56.18,58.35,1204.11,1107.34,145.78,0.21,33.46,0,normal
2026-01-05 12:40:00,user-service,43.28,52.59,57.03,753.54,638.21,145.22,0.19,37.14,0,normal
2026-01-05 12:40:00,payment-service,55.91,62.46,46.16,965.83,952.04,166.52,0.22,48.21,0,normal
2026-01-05 12:40:00,notification-service,28.88,43.73,38.86,609.8,516.15,137.44,0.23,35.36,0,normal
2026-01-05 12:40:00,database,55.44,65.95,46.48,1070.63,1311.67,97.81,0.2,71.26,0,normal
2026-01-05 12:45:00,api-gateway,50.8,56.39,48.7,943.33,1156.75,141.97,0.2,35.69,0,normal
2026-01-05 12:45:00,user-service,41.65,52.17,44.46,689.38,622.21,128.03,0.23,37.55,0,normal
2026-01-05 12:45:00,payment-service,55.69,61.71,57.56,807.51,911.37,182.06,0.23,54.8,0,normal
2026-01-05 12:45:00,notification-service,37.72,43.13,52.72,512.9,507.86,118.2,0.21,28.08,0,normal
2026-01-05 12:45:00,database,62.64,62.24,54.02,1093.12,1273.47,100.61,0.27,74.04,0,normal
2026-01-05 12:50:00,api-gateway,57.92,51.0,46.02,988.01,1088.25,163.07,0.16,29.57,0,normal
2026-01-05 12:50:00,user-service,48.07,51.01,41.02,741.73,639.01,134.52,0.3,43.95,0,normal
2026-01-05 12:50:00,payment-service,56.67,62.69,47.92,882.85,889.9,201.52,0.12,59.29,0,normal
2026-01-05 12:50:00,notification-service,36.52,49.01,56.79,556.2,521.55,121.59,0.28,21.51,0,normal
2026-01-05 12:50:00,database,59.41,64.1,63.09,1225.19,1322.73,117.41,0.15,74.09,0,normal
2026-01-05 12:55:00,api-gateway,53.46,53.81,58.13,1014.93,1135.16,137.74,0.25,33.24,0,normal
2026-01-05 12:55:00,user-service,42.36,49.58,54.02,529.04,647.68,128.9,0.32,39.12,0,normal
2026-01-05 12:55:00,payment-service,62.77,61.71,65.01,833.82,896.44,185.0,0.12,51.47,0,normal
2026-01-05 12:55:00,notification-service,32.7,40.73,67.15,486.14,525.96,105.51,0.22,27.19,0,normal
2026-01-05 12:55:00,database,66.07,59.91,41.85,1029.27,1247.37,104.44,0.17,72.79,0,normal
2026-01-05 13:00:00,api-gateway,51.71,50.87,62.11,1038.97,1123.21,145.45,0.22,31.95,0,normal
2026-01-05 13:00:00,user-service,29.1,50.01,49.64,618.87,640.73,104.68,0.3,41.51,0,normal
2026-01-05 13:00:00,payment-service,59.94,59.42,76.47,1003.58,950.06,193.65,0.23,54.34,0,normal
2026-01-05 13:00:00,notification-service,44.27,41.71,71.56,558.29,541.81,125.32,0.18,31.13,0,normal
2026-01-05 13:00:00,database,62.84,63.84,35.91,1085.78,1335.1,100.23,0.15,78.31,0,normal
2026-01-05 13:05:00,api-gateway,49.91,58.46,40.42,1259.95,1144.67,149.09,0.19,26.64,0,normal
2026-01-05 13:05:00,user-service,44.01,43.34,55.7,614.18,671.63,121.35,0.22,37.3,0,normal
2026-01-05 13:05:00,payment-service,56.23,55.75,39.05,1064.76,921.58,180.49,0.16,52.21,0,normal
2026-01-05 13:05:00,notification-service,35.14,41.66,44.06,570.47,525.64,108.28,0.18,21.33,0,normal
2026-01-05 13:05:00,database,62.57,66.22,47.2,1391.42,1245.24,92.74,0.21,71.64,0,normal
2026-01-05 13:10:00,api-gateway,50.83,52.04,52.88,1385.92,1216.23,149.4,0.23,31.78,0,normal
2026-01-05 13:10:00,user-service,35.35,47.01,40.58,693.44,651.29,128.06,0.18,41.95,0,normal
2026-01-05 13:10:00,payment-service,52.72,56.95,57.89,932.49,926.46,185.78,0.19,55.19,0,normal
2026-01-05 13:10:00,notification-service,37.73,40.93,49.57,446.61,533.67,116.01,0.22,25.31,0,normal
2026-01-05 13:10:00,database,58.77,68.36,39.94,1106.75,1349.79,127.46,0.17,72.78,0,normal
2026-01-05 13:15:00,api-gateway,49.66,52.12,46.27,1072.82,1204.12,141.87,0.28,30.3,0,normal
2026-01-05 13:15:00,user-service,40.57,50.1,37.38,672.63,683.72,130.21,0.15,44.56,0,normal
2026-01-05 13:15:00,payment-service,56.09,60.22,34.65,950.55,908.19,177.38,0.12,52.77,0,normal
2026-01-05 13:15:00,notification-service,38.26,38.9,43.34,447.94,485.63,110.28,0.22,25.43,0,normal
2026-01-05 13:15:00,database,66.59,66.36,38.15,1482.16,1324.6,109.8,0.22,73.36,0,normal
2026-01-05 13:20:00,api-gateway,52.05,58.54,61.51,1170.98,1206.42,150.45,0.16,31.75,0,normal
2026-01-05 13:20:00,user-service,35.66,54.9,68.28,620.44,645.42,120.3,0.28,39.6,0,normal
2026-01-05 13:20:00,payment-service,59.94,58.03,56.46,859.23,894.65,185.43,0.14,51.49,0,normal
2026-01-05 13:20:00,notification-service,35.46,46.96,44.21,450.95,538.89,107.53,0.19,27.29,0,normal
2026-01-05 13:20:00,database,60.53,58.68,53.56,1406.35,1356.54,81.22,0.17,71.48,0,normal
2026-01-05 13:25:00,api-gateway,49.04,50.93,40.89,1206.47,1104.64,159.76,0.14,33.48,0,normal
2026-01-05 13:25:00,user-service,41.18,51.98,44.53,710.71,679.0,120.12,0.14,39.46,0,normal
2026-01-05 13:25:00,payment-service,42.59,64.88,53.81,976.97,899.61,158.31,0.16,56.64,0,normal
2026-01-05 13:25:00,notification-service,46.64,43.84,35.78,595.01,510.98,109.05,0.16,24.77,0,normal
2026-01-05 13:25:00,database,70.94,64.34,52.52,1285.14,1311.14,105.52,0.21,73.1,0,normal
2026-01-05 13:30:00,api-gateway,50.12,52.8,53.55,1030.25,1258.66,147.54,0.2,37.39,0,normal
2026-01-05 13:30:00,user-service,41.16,50.33,68.94,615.6,633.56,126.37,0.26,37.48,0,normal
2026-01-05 13:30:00,payment-service,48.77,62.96,49.02,953.75,918.83,172.52,0.18,53.22,0,normal
2026-01-05 13:30:00,notification-service,36.75,44.78,72.66,432.29,519.05,126.79,0.28,34.1,0,normal
2026-01-05 13:30:00,database,62.6,69.22,47.5,1276.27,1309.29,105.24,0.2,74.18,0,normal
2026-01-05 13:35:00,api-gateway,50.88,52.23,41.18,988.79,1160.51,143.65,0.2,27.72,0,normal
2026-01-05 13:35:00,user-service,38.49,50.87,45.87,698.59,642.58,129.46,0.23,37.7,0,normal
2026-01-05 13:35:00,payment-service,52.95,59.91,33.24,1003.66,924.0,179.44,0.25,54.62,0,normal
2026-01-05 13:35:00,notification-service,41.71,46.84,57.73,524.96,508.34,118.77,0.16,33.24,0,normal
2026-01-05 13:35:00,database,68.75,64.42,53.95,1162.31,1259.27,120.57,0.22,73.5,0,normal
2026-01-05 13:40:00,api-gateway,51.32,54.22,49.49,1123.14,1171.14,145.02,0.21,33.09,0,normal
2026-01-05 13:40:00,user-service,40.96,51.92,45.52,676.68,611.08,138.95,0.14,37.0,0,normal
2026-01-05 13:40:00,payment-service,60.42,58.15,43.95,738.21,903.33,164.95,0.26,55.55,0,normal
2026-01-05 13:40:00,notification-service,27.63,43.75,32.76,450.48,529.75,118.61,0.14,32.78,0,normal
2026-01-05 13:40:00,database,61.37,61.41,57.41,1225.44,1274.38,103.97,0.17,73.96,0,normal
2026-01-05 13:45:00,api-gateway,51.25,55.99,51.16,1004.02,1208.23,140.23,0.28,31.21,0,normal
2026-01-05 13:45:00,user-service,42.23,50.34,39.98,736.4,633.7,137.45,0.2,34.22,0,normal
2026-01-05 13:45:00,payment-service,57.99,58.9,39.72,923.07,913.86,165.97,0.25,50.91,0,normal
2026-01-05 13:45:00,notification-service,31.42,45.69,54.2,546.34,489.57,125.75,0.17,28.16,0,normal
2026-01-05 13:45:00,database,59.93,63.61,38.45,1403.87,1325.82,99.8,0.12,73.24,0,normal
2026-01-05 13:50:00,api-gateway,52.03,62.26,56.02,1293.25,1148.26,165.07,0.22,32.62,0,normal
2026-01-05 13:50:00,user-service,48.83,50.07,45.21,710.37,624.69,99.39,0.08,38.65,0,normal
2026-01-05 13:50:00,payment-service,53.61,65.18,57.44,896.49,919.03,188.58,0.14,53.3,0,normal
2026-01-05 13:50:00,notification-service,39.97,45.2,32.82,566.41,541.66,101.8,0.16,27.47,0,normal
2026-01-05 13:50:00,database,64.14,63.41,61.21,1066.95,1262.44,99.68,0.09,72.03,0,normal
2026-01-05 13:55:00,api-gateway,49.71,52.94,46.74,1336.54,1177.91,128.25,0.25,29.39,0,normal
2026-01-05 13:55:00,user-service,43.93,51.88,52.37,605.58,665.3,141.99,0.25,41.89,0,normal
2026-01-05 13:55:00,payment-service,55.47,57.57,46.01,809.74,935.23,166.51,0.13,56.31,0,normal
2026-01-05 13:55:00,notification-service,37.1,47.73,31.62,619.21,524.85,138.12,0.2,27.02,0,normal
2026-01-05 13:55:00,database,65.16,63.68,53.8,1283.1,1235.38,99.11,0.21,73.62,0,normal
2026-01-05 14:00:00,api-gateway,47.79,56.96,44.96,1031.01,1159.05,155.09,0.19,33.29,0,normal
2026-01-05 14:00:00,user-service,43.8,52.57,56.77,542.8,648.94,135.41,0.21,36.01,0,normal
2026-01-05 14:00:00,payment-service,56.0,58.07,53.31,1014.55,913.44,193.44,0.17,54.24,0,normal
2026-01-05 14:00:00,notification-service,27.94,45.55,23.52,503.36,556.64,120.65,0.27,23.91,0,normal
2026-01-05 14:00:00,database,64.88,66.13,48.87,1578.97,1386.88,120.57,0.23,71.86,0,normal
2026-01-05 14:05:00,api-gateway,44.06,61.54,39.27,1384.5,1164.0,141.03,0.16,33.95,0,normal
2026-01-05 14:05:00,user-service,46.92,46.73,42.88,569.92,698.69,144.56,0.23,36.84,0,normal
2026-01-05 14:05:00,payment-service,57.29,59.64,49.5,1138.12,985.7,180.09,0.14,51.34,0,normal
2026-01-05 14:05:00,notification-service,31.89,42.63,61.06,596.49,525.21,98.78,0.14,29.75,0,normal
2026-01-05 14:05:00,database,71.29,61.84,45.36,1083.77,1339.5,109.93,0.22,75.29,0,normal
2026-01-05 14:10:00,api-gateway,52.97,55.24,37.26,983.92,1188.35,149.68,0.27,34.11,0,normal
2026-01-05 14:10:00,user-service,36.43,50.41,48.0,608.14,624.96,144.74,0.14,40.7,0,normal
2026-01-05 14:10:00,payment-service,60.15,63.62,49.66,857.54,905.98,161.27,0.21,50.64,0,normal
2026-01-05 14:10:00,notification-service,33.72,39.32,65.51,560.78,488.0,104.87,0.2,23.27,0,normal
2026-01-05 14:10:00,database,54.34,68.51,44.12,1463.36,1290.83,106.98,0.22,68.11,0,normal
2026-01-05 14:15:00,api-gateway,58.71,57.52,55.87,1335.74,1172.76,148.75,0.31,28.89,0,normal
2026-01-05 14:15:00,user-service,47.21,49.14,29.86,555.03,656.88,134.23,0.19,44.72,0,normal
2026-01-05 14:15:00,payment-service,51.39,61.53,54.17,1047.48,879.87,172.58,0.16,51.7,0,normal
2026-01-05 14:15:00,notification-service,41.63,43.55,57.38,578.28,508.32,122.67,0.2,27.75,0,normal
2026-01-05 14:15:00,database,58.29,68.44,50.01,999.77,1206.88,101.19,0.32,75.0,0,normal
2026-01-05 14:20:00,api-gateway,58.38,53.97,56.05,1057.28,1236.18,156.21,0.12,33.29,0,normal
2026-01-05 14:20:00,user-service,38.88,49.44,43.87,714.15,695.78,133.24,0.2,39.93,0,normal
2026-01-05 14:20:00,payment-service,44.42,59.57,53.92,924.37,914.53,194.65,0.24,53.3,0,normal
2026-01-05 14:20:00,notification-service,36.38,50.11,63.95,606.82,510.27,113.91,0.27,26.06,0,normal
2026-01-05 14:20:00,database,64.07,65.77,44.44,1226.74,1222.99,113.25,0.2,75.64,0,normal
2026-01-05 14:25:00,api-gateway,51.47,54.16,38.87,913.68,1105.9,139.01,0.29,29.17,0,normal
2026-01-05 14:25:00,user-service,37.45,48.11,45.26,729.84,618.51,119.75,0.23,38.26,0,normal
2026-01-05 14:25:00,payment-service,61.75,64.71,47.38,939.09,873.64,169.88,0.19,58.75,0,normal
2026-01-05 14:25:00,notification-service,38.7,45.75,46.88,514.94,512.99,115.67,0.13,25.86,0,normal
2026-01-05 14:25:00,database,59.49,64.11,46.96,1219.54,1295.44,115.68,0.18,75.28,0,normal
2026-01-05 14:30:00,api-gateway,47.62,52.66,32.88,1421.9,1185.51,151.32,0.2,32.45,0,normal
2026-01-05 14:30:00,user-service,40.38,52.37,62.3,527.29,636.92,136.25,0.16,45.08,0,normal
2026-01-05 14:30:00,payment-service,46.89,64.25,47.73,886.71,953.07,179.89,0.11,56.65,0,normal
2026-01-05 14:30:00,notification-service,32.43,49.18,52.7,397.1,473.43,132.12,0.2,21.72,0,normal
2026-01-05 14:30:00,database,53.96,63.91,52.44,1384.87,1261.0,121.67,0.22,75.53,0,normal
2026-01-05 14:35:00,api-gateway,48.35,49.67,46.21,951.95,1153.65,137.04,0.24,29.28,0,normal
2026-01-05 14:35:00,user-service,35.94,52.3,60.31,615.38,661.76,136.79,0.17,38.05,0,normal
2026-01-05 14:35:00,payment-service,52.23,61.75,51.14,883.48,929.33,187.55,0.14,54.76,0,normal
2026-01-05 14:35:00,notification-service,32.84,43.63,45.39,498.04,506.69,112.64,0.21,26.99,0,normal
2026-01-05 14:35:00,database,68.21,64.06,56.82,1211.43,1352.44,115.19,0.37,77.54,0,normal
2026-01-05 14:40:00,api-gateway,60.86,51.9,46.41,1312.05,1105.34,143.81,0.18,36.8,0,normal
2026-01-05 14:40:00,user-service,41.78,47.91,67.71,586.67,585.33,118.63,0.24,32.56,0,normal
2026-01-05 14:40:00,payment-service,59.9,57.7,64.79,758.81,929.84,192.09,0.16,51.21,0,normal
2026-01-05 14:40:00,notification-service,38.31,47.11,43.76,428.05,507.26,90.02,0.18,27.64,0,normal
2026-01-05 14:40:00,database,66.36,69.93,50.05,1214.47,1301.96,107.6,0.23,70.84,0,normal
2026-01-05 14:45:00,api-gateway,47.18,54.18,47.46,1160.81,1171.71,162.52,0.25,32.89,0,normal
2026-01-05 14:45:00,user-service,43.34,48.35,53.1,633.62,657.4,137.83,0.19,39.08,0,normal
2026-01-05 14:45:00,payment-service,63.23,57.23,55.73,763.19,884.97,170.72,0.26,52.55,0,normal
2026-01-05 14:45:00,notification-service,25.85,45.01,50.41,516.48,537.88,97.01,0.25,31.39,0,normal
2026-01-05 14:45:00,database,57.85,62.6,59.68,1515.97,1310.42,110.87,0.13,70.95,0,normal
2026-01-05 14:50:00,api-gateway,51.36,55.89,57.14,1305.31,1136.42,143.04,0.23,30.65,0,normal
2026-01-05 14:50:00,user-service,42.1,44.07,55.65,664.34,617.2,127.27,0.18,38.46,0,normal
2026-01-05 14:50:00,payment-service,52.44,63.26,57.52,988.16,919.37,165.68,0.16,54.36,0,normal
2026-01-05 14:50:00,notification-service,41.98,45.36,65.07,632.21,528.79,126.14,0.16,24.68,0,normal
2026-01-05 14:50:00,database,60.06,63.18,64.68,1047.06,1266.13,102.35,0.18,70.14,0,normal
2026-01-05 14:55:00,api-gateway,48.73,55.24,60.06,1037.82,1155.63,161.41,0.11,32.71,0,normal
2026-01-05 14:55:00,user-service,47.1,50.9,58.9,685.48,639.68,111.42,0.21,41.07,0,normal
2026-01-05 14:55:00,payment-service,57.82,59.67,50.22,949.86,965.42,166.24,0.19,52.96,0,normal
2026-01-05 14:55:00,notification-service,33.41,48.41,57.67,489.05,501.24,113.29,0.22,24.59,0,normal
2026-01-05 14:55:00,database,63.79,64.86,45.91,1068.19,1299.9,110.1,0.24,71.09,0,normal
2026-01-05 15:00:00,api-gateway,47.82,54.29,49.03,1025.84,1213.33,153.94,0.25,33.07,0,normal
2026-01-05 15:00:00,user-service,35.04,53.52,56.16,669.47,662.04,115.39,0.16,44.07,0,normal
2026-01-05 15:00:00,payment-service,63.29,54.12,55.88,799.99,925.41,169.17,0.35,55.73,0,normal
2026-01-05 15:00:00,notification-service,42.4,44.23,59.24,482.07,505.41,109.19,0.23,32.94,0,normal
2026-01-05 15:00:00,database,57.05,63.87,35.31,1556.58,1369.04,115.28,0.2,72.93,0,normal
2026-01-05 15:05:00,api-gateway,42.6,51.1,54.59,934.94,1119.5,139.87,0.2,30.29,0,normal
2026-01-05 15:05:00,user-service,39.79,48.72,24.79,588.58,674.81,137.73,0.24,40.7,0,normal
2026-01-05 15:05:00,payment-service,52.34,56.24,49.58,1008.38,894.31,177.8,0.3,56.77,0,normal
2026-01-05 15:05:00,notification-service,37.94,48.27,33.44,507.67,530.55,114.97,0.19,24.54,0,normal
2026-01-05 15:05:00,database,66.05,68.83,51.78,1341.0,1246.9,97.79,0.16,69.27,0,normal
2026-01-05 15:10:00,api-gateway,49.79,50.9,53.9,1162.74,1184.88,141.52,0.3,35.04,0,normal
2026-01-05 15:10:00,user-service,42.56,48.63,47.94,706.33,640.23,142.42,0.13,36.52,0,normal
2026-01-05 15:10:00,payment-service,51.38,57.44,43.71,1033.44,945.04,168.99,0.19,57.49,0,normal
2026-01-05 15:10:00,notification-service,43.43,48.6,47.86,595.38,523.28,123.88,0.17,22.05,0,normal
2026-01-05 15:10:00,database,65.86,66.71,40.61,1578.87,1358.16,96.51,0.15,75.82,0,normal
2026-01-05 15:15:00,api-gateway,52.02,53.85,40.02,1006.01,1149.47,148.58,0.2,30.81,0,normal
2026-01-05 15:15:00,user-service,45.06,53.34,61.24,665.53,643.19,124.03,0.13,31.99,0,normal
2026-01-05 15:15:00,payment-service,60.86,62.8,43.88,1034.5,904.98,173.74,0.17,54.66,0,normal
2026-01-05 15:15:00,notification-service,40.12,44.46,57.54,479.11,529.37,112.15,0.24,25.55,0,normal
2026-01-05 15:15:00,database,60.74,65.35,54.68,1487.23,1409.35,109.18,0.23,76.96,0,normal
2026-01-05 15:20:00,api-gateway,52.08,51.2,55.01,1361.1,1193.42,148.98,0.14,32.75,0,normal
2026-01-05 15:20:00,user-service,41.62,55.4,49.53,770.41,662.95,125.29,0.15,43.58,0,normal
2026-01-05 15:20:00,payment-service,48.66,58.37,43.35,980.61,952.17,165.05,0.22,52.69,0,normal
2026-01-05 15:20:00,notification-service,30.77,45.25,39.53,521.09,503.69,121.03,0.23,28.42,0,normal
2026-01-05 15:20:00,database,54.83,66.59,57.43,1352.82,1353.17,102.47,0.18,73.69,0,normal
2026-01-05 15:25:00,api-gateway,54.17,53.96,17.23,1334.74,1154.12,140.17,0.17,33.77,0,normal
2026-01-05 15:25:00,user-service,39.95,51.71,38.07,744.02,670.57,135.08,0.16,39.16,0,normal
2026-01-05 15:25:00,payment-service,59.88,55.47,52.47,762.47,920.27,169.39,0.1,52.46,0,normal
2026-01-05 15:25:00,notification-service,31.1,42.12,52.69,589.15,529.66,113.24,0.24,28.15,0,normal
2026-01-05 15:25:00,database,62.17,66.72,43.45,1327.1,1280.53,106.35,0.27,70.83,0,normal
2026-01-05 15:30:00,api-gateway,53.29,49.29,60.47,1191.49,1133.51,127.53,0.17,31.88,0,normal
2026-01-05 15:30:00,user-service,38.12,52.21,67.2,603.77,679.46,141.22,0.25,42.67,0,normal
2026-01-05 15:30:00,payment-service,63.4,57.07,71.48,1052.64,890.87,176.38,0.2,53.28,0,normal
2026-01-05 15:30:00,notification-service,36.69,47.91,49.87,577.35,553.82,111.98,0.15,27.81,0,normal
2026-01-05 15:30:00,database,59.39,64.64,55.35,1059.99,1248.13,106.9,0.29,70.77,0,normal
2026-01-05 15:35:00,api-gateway,44.4,53.96,38.07,1022.84,1209.33,150.6,0.14,38.78,0,normal
2026-01-05 15:35:00,user-service,37.28,45.19,56.26,760.24,667.35,138.89,0.26,38.17,0,normal
2026-01-05 15:35:00,payment-service,57.79,62.62,41.31,785.26,932.95,184.71,0.17,55.5,0,normal
2026-01-05 15:35:00,notification-service,33.46,45.44,45.61,615.15,531.37,120.37,0.24,27.27,0,normal
2026-01-05 15:35:00,database,59.54,68.52,49.17,1105.95,1347.13,117.94,0.18,74.13,0,normal
2026-01-05 15:40:00,api-gateway,52.34,53.48,44.65,1240.31,1136.0,160.69,0.21,36.71,0,normal
2026-01-05 15:40:00,user-service,40.08,51.38,52.96,719.73,612.08,129.48,0.24,37.65,0,normal
2026-01-05 15:40:00,payment-service,56.47,57.82,62.39,988.14,878.43,166.84,0.19,50.96,0,normal
2026-01-05 15:40:00,notification-service,36.97,46.2,66.06,576.63,513.56,123.8,0.21,24.76,0,normal
2026-01-05 15:40:00,database,58.18,69.2,56.37,1089.75,1307.78,105.23,0.18,72.17,0,normal
2026-01-05 15:45:00,api-gateway,47.8,56.98,53.09,1237.0,1173.76,143.76,0.26,30.43,0,normal
2026-01-05 15:45:00,user-service,40.71,52.95,50.33,489.0,604.04,116.63,0.15,37.89,0,normal
2026-01-05 15:45:00,payment-service,56.35,62.87,36.58,873.63,954.72,172.15,0.19,58.41,0,normal
2026-01-05 15:45:00,notification-service,30.55,44.38,58.5,645.51,539.29,108.8,0.22,33.86,0,normal
2026-01-05 15:45:00,database,69.21,66.26,50.93,1188.91,1314.63,88.51,0.24,69.11,0,normal
2026-01-05 15:50:00,api-gateway,46.59,56.28,40.36,1381.96,1245.25,143.67,0.27,30.25,0,normal
2026-01-05 15:50:00,user-service,40.5,47.8,54.79,715.15,674.27,134.67,0.23,36.75,0,normal
2026-01-05 15:50:00,payment-service,61.57,61.07,39.99,1007.76,899.9,183.06,0.22,53.95,0,normal
2026-01-05 15:50:00,notification-service,29.31,44.69,67.82,402.23,501.17,108.2,0.2,28.02,0,normal
2026-01-05 15:50:00,database,57.75,65.61,42.45,1627.34,1356.29,110.03,0.17,72.9,0,normal
2026-01-05 15:55:00,api-gateway,49.23,52.46,39.74,957.71,1151.07,149.94,0.24,32.71,0,normal
2026-01-05 15:55:00,user-service,45.18,48.22,52.78,669.32,608.32,141.96,0.11,38.43,0,normal
2026-01-05 15:55:00,payment-service,47.46,62.17,43.83,947.42,898.87,177.95,0.24,54.95,0,normal
2026-01-05 15:55:00,notification-service,37.18,44.26,53.82,581.17,517.14,116.73,0.22,23.39,0,normal
2026-01-05 15:55:00,database,57.45,60.88,55.48,1237.74,1274.81,116.24,0.26,75.16,0,normal
2026-01-05 16:00:00,api-gateway,51.28,49.82,42.24,970.77,1137.33,126.6,0.27,27.98,0,normal
2026-01-05 16:00:00,user-service,44.61,54.45,43.67,737.14,630.67,134.93,0.26,45.05,0,normal
2026-01-05 16:00:00,payment-service,50.56,61.43,33.52,858.98,837.88,164.5,0.2,52.75,0,normal
2026-01-05 16:00:00,notification-service,34.56,42.44,54.36,464.1,533.15,124.43,0.26,27.01,0,normal
2026-01-05 16:00:00,database,62.66,62.92,38.96,1313.01,1310.25,104.71,0.27,72.99,0,normal
2026-01-05 16:05:00,api-gateway,56.24,55.63,58.1,1185.46,1106.83,151.91,0.25,34.53,0,normal
2026-01-05 16:05:00,user-service,45.29,55.68,48.35,683.24,654.18,128.13,0.17,39.53,0,normal
2026-01-05 16:05:00,payment-service,63.57,61.95,38.83,956.71,922.35,179.47,0.24,52.1,0,normal
2026-01-05 16:05:00,notification-service,36.58,47.41,55.7,563.67,511.49,122.16,0.17,20.32,0,normal
2026-01-05 16:05:00,database,62.81,65.63,36.06,1075.19,1289.51,118.29,0.1,68.54,0,normal
2026-01-05 16:10:00,api-gateway,47.26,58.21,45.49,1002.96,1171.24,139.58,0.25,32.71,0,normal
2026-01-05 16:10:00,user-service,39.05,53.75,47.32,598.84,641.58,129.44,0.15,43.5,0,normal
2026-01-05 16:10:00,payment-service,57.68,57.71,45.41,1082.68,923.44,188.25,0.3,55.78,0,normal
2026-01-05 16:10:00,notification-service,38.13,46.28,29.34,432.67,523.13,109.56,0.18,30.31,0,normal
2026-01-05 16:10:00,database,69.16,68.94,48.45,1391.3,1375.83,102.88,0.1,74.98,0,normal
2026-01-05 16:15:00,api-gateway,48.66,55.89,42.22,1005.15,1152.52,146.51,0.25,33.01,0,normal
2026-01-05 16:15:00,user-service,41.45,49.06,43.91,648.58,685.79,126.68,0.21,42.32,0,normal
2026-01-05 16:15:00,payment-service,59.9,66.41,41.11,1074.2,938.3,172.71,0.28,48.0,0,normal
2026-01-05 16:15:00,notification-service,32.42,43.71,41.2,544.15,516.84,121.61,0.14,27.52,0,normal
2026-01-05 16:15:00,database,61.37,65.81,39.08,1262.65,1278.27,118.97,0.21,70.0,0,normal
2026-01-05 16:20:00,api-gateway,47.9,55.27,58.45,1363.7,1229.63,137.03,0.22,32.59,0,normal
2026-01-05 16:20:00,user-service,37.47,45.9,54.6,597.08,619.04,115.91,0.15,40.35,0,normal
2026-01-05 16:20:00,payment-service,63.64,59.84,41.91,726.24,895.8,172.77,0.19,51.1,0,normal
2026-01-05 16:20:00,notification-service,44.55,43.52,42.78,516.84,522.74,114.36,0.19,26.35,0,normal
2026-01-05 16:20:00,database,53.67,59.7,63.37,1149.58,1343.0,115.81,0.1,70.1,0,normal
2026-01-05 16:25:00,api-gateway,49.34,57.64,59.88,1030.17,1141.29,151.3,0.19,33.72,0,normal
2026-01-05 16:25:00,user-service,42.62,52.03,40.72,666.32,619.8,134.09,0.27,36.46,0,normal
2026-01-05 16:25:00,payment-service,64.52,50.9,55.19,895.1,914.69,180.51,0.09,54.74,0,normal
2026-01-05 16:25:00,notification-service,34.34,49.08,42.91,503.7,500.65,125.39,0.22,27.38,0,normal
2026-01-05 16:25:00,database,67.08,64.23,49.97,1322.12,1404.43,106.54,0.21,74.97,0,normal
2026-01-05 16:30:00,api-gateway,55.67,56.12,38.93,1152.31,1239.0,143.34,0.07,33.8,0,normal
2026-01-05 16:30:00,user-service,32.83,51.86,61.3,578.33,694.18,118.3,0.19,38.41,0,normal
2026-01-05 16:30:00,payment-service,59.14,59.09,62.1,949.7,966.06,175.07,0.25,51.4,0,normal
2026-01-05 16:30:00,notification-service,35.6,44.85,40.32,453.65,493.23,117.85,0.19,28.03,0,normal
2026-01-05 16:30:00,database,57.88,67.57,46.43,1440.35,1295.88,124.6,0.24,71.34,0,normal
2026-01-05 16:35:00,api-gateway,47.79,52.46,42.73,1166.02,1128.14,145.81,0.23,33.19,0,normal
2026-01-05 16:35:00,user-service,42.65,51.75,41.8,706.16,664.91,124.04,0.25,38.63,0,normal
2026-01-05 16:35:00,payment-service,48.29,61.6,45.63,823.35,969.56,189.06,0.26,49.87,0,normal
2026-01-05 16:35:00,notification-service,34.36,46.15,51.15,477.7,493.83,122.57,0.16,26.49,0,normal
2026-01-05 16:35:00,database,61.42,60.25,50.4,1175.72,1289.66,118.25,0.31,67.46,0,normal
2026-01-05 16:40:00,api-gateway,45.42,53.86,43.15,1067.21,1166.49,130.79,0.18,33.21,0,normal
2026-01-05 16:40:00,user-service,42.0,51.47,51.71,717.01,623.5,124.22,0.21,39.14,0,normal
2026-01-05 16:40:00,payment-service,54.69,64.55,49.53,983.45,913.78,198.47,0.2,57.4,0,normal
2026-01-05 16:40:00,notification-service,28.76,41.72,30.42,611.43,541.86,126.14,0.15,30.01,0,normal
2026-01-05 16:40:00,database,60.58,61.53,67.71,1098.49,1276.22,88.85,0.15,71.46,0,normal
2026-01-05 16:45:00,api-gateway,50.37,59.92,45.09,1182.66,1149.47,154.2,0.23,36.78,0,normal
2026-01-05 16:45:00,user-service,41.43,45.48,47.71,581.95,646.15,134.2,0.19,38.11,0,normal
2026-01-05 16:45:00,payment-service,52.25,63.09,26.86,762.65,900.12,190.04,0.25,58.6,0,normal
2026-01-05 16:45:00,notification-service,37.38,45.15,49.49,466.75,514.64,126.16,0.23,23.58,0,normal
2026-01-05 16:45:00,database,54.72,58.94,53.88,1385.79,1223.39,95.15,0.2,69.16,0,normal
2026-01-05 16:50:00,api-gateway,51.3,59.65,42.78,1188.25,1228.47,161.77,0.2,30.8,0,normal
2026-01-05 16:50:00,user-service,37.04,53.56,48.48,650.73,646.38,127.37,0.04,32.0,0,normal
2026-01-05 16:50:00,payment-service,53.48,62.96,43.08,1039.11,908.75,164.17,0.17,49.87,0,normal
2026-01-05 16:50:00,notification-service,41.47,43.09,52.99,614.17,533.03,124.7,0.22,24.53,0,normal
2026-01-05 16:50:00,database,64.57,57.68,32.99,1086.5,1275.01,97.67,0.19,76.26,0,normal
2026-01-05 16:55:00,api-gateway,48.63,55.75,56.27,1346.33,1138.19,147.03,0.15,31.39,0,normal
2026-01-05 16:55:00,user-service,45.12,48.45,33.74,620.21,666.69,141.54,0.19,41.56,0,normal
2026-01-05 16:55:00,payment-service,62.44,62.94,48.14,842.15,827.16,175.95,0.27,48.24,0,normal
2026-01-05 16:55:00,notification-service,25.85,47.23,60.55,629.54,540.85,116.88,0.2,28.33,0,normal
2026-01-05 16:55:00,database,61.24,61.91,53.4,1566.86,1382.27,106.15,0.22,70.3,0,normal
2026-01-05 17:00:00,api-gateway,53.99,61.21,70.52,1399.45,1265.16,165.55,0.22,33.38,0,normal
2026-01-05 17:00:00,user-service,39.19,50.93,34.52,677.8,621.46,126.21,0.25,37.15,0,normal
2026-01-05 17:00:00,payment-service,62.02,63.58,60.74,819.74,865.98,172.29,0.15,50.41,0,normal
2026-01-05 17:00:00,notification-service,35.58,48.91,40.61,430.23,482.41,86.36,0.26,27.31,0,normal
2026-01-05 17:00:00,database,68.74,66.54,44.8,1497.23,1315.16,99.8,0.18,76.82,0,normal
2026-01-05 17:05:00,api-gateway,53.69,52.27,64.57,1201.95,1170.1,148.23,0.26,30.5,0,normal
2026-01-05 17:05:00,user-service,36.09,51.61,39.32,559.55,674.9,143.23,0.2,33.94,0,normal
2026-01-05 17:05:00,payment-service,58.77,63.28,33.47,882.95,914.5,182.04,0.13,53.68,0,normal
2026-01-05 17:05:00,notification-service,23.89,42.94,55.26,446.12,542.39,123.89,0.06,29.22,0,normal
2026-01-05 17:05:00,database,55.69,66.15,48.26,1429.16,1256.94,117.94,0.24,71.71,0,normal
2026-01-05 17:10:00,api-gateway,49.49,52.89,74.59,1225.05,1150.98,132.72,0.21,29.8,0,normal
2026-01-05 17:10:00,user-service,46.12,50.59,67.71,596.07,674.39,133.29,0.17,39.12,0,normal
2026-01-05 17:10:00,payment-service,53.54,57.98,72.65,1024.9,890.33,189.75,0.19,51.61,0,normal
2026-01-05 17:10:00,notification-service,35.0,45.0,44.86,451.51,535.51,115.54,0.22,27.69,0,normal
2026-01-05 17:10:00,database,57.2,66.22,38.63,1126.12,1323.34,112.51,0.19,71.83,0,normal
2026-01-05 17:15:00,api-gateway,52.4,52.63,51.1,1233.1,1102.1,151.86,0.25,28.92,0,normal
2026-01-05 17:15:00,user-service,36.73,52.71,57.58,766.92,658.43,130.16,0.22,35.33,0,normal
2026-01-05 17:15:00,payment-service,54.84,62.42,44.94,924.94,863.4,175.11,0.09,56.19,0,normal
2026-01-05 17:15:00,notification-service,41.31,43.15,60.73,480.44,486.58,127.78,0.27,21.79,0,normal
2026-01-05 17:15:00,database,56.3,61.24,41.42,1244.34,1327.03,98.64,0.22,80.43,0,normal
2026-01-05 17:20:00,api-gateway,51.97,56.3,48.03,1284.77,1219.62,141.7,0.17,35.32,0,normal
2026-01-05 17:20:00,user-service,46.14,53.08,31.18,649.74,637.69,138.87,0.29,34.15,0,normal
2026-01-05 17:20:00,payment-service,54.88,59.09,46.0,1015.52,920.25,180.04,0.08,50.1,0,normal
2026-01-05 17:20:00,notification-service,29.06,45.98,51.03,583.66,520.82,115.5,0.31,23.63,0,normal
2026-01-05 17:20:00,database,64.58,67.16,28.79,1446.64,1299.93,91.41,0.18,70.08,0,normal
2026-01-05 17:25:00,api-gateway,48.78,55.6,55.32,1369.69,1169.61,125.93,0.2,34.65,0,normal
2026-01-05 17:25:00,user-service,39.95,53.87,57.27,772.11,672.24,128.66,0.18,36.65,0,normal
2026-01-05 17:25:00,payment-service,50.52,59.4,51.61,973.24,865.52,163.11,0.15,53.95,0,normal
2026-01-05 17:25:00,notification-service,41.52,45.22,60.92,502.1,523.73,104.87,0.21,27.52,0,normal
2026-01-05 17:25:00,database,57.64,67.16,50.72,1432.97,1354.16,117.15,0.22,74.4,0,normal
2026-01-05 17:30:00,api-gateway,49.22,56.87,64.01,1298.95,1207.99,146.54,0.25,30.7,0,normal
2026-01-05 17:30:00,user-service,39.94,50.75,52.73,666.18,678.96,124.63,0.2,36.09,0,normal
2026-01-05 17:30:00,payment-service,56.06,56.17,40.28,836.13,855.14,178.57,0.04,57.46,0,normal
2026-01-05 17:30:00,notification-service,33.25,42.16,59.07,610.74,563.72,126.46,0.24,34.7,0,normal
2026-01-05 17:30:00,database,62.78,66.55,50.01,1566.69,1315.61,102.74,0.19,75.1,0,normal
2026-01-05 17:35:00,api-gateway,48.03,54.79,52.93,1247.86,1240.38,141.74,0.14,28.61,0,normal
2026-01-05 17:35:00,user-service,40.75,48.59,54.87,671.83,681.36,108.9,0.13,43.36,0,normal
2026-01-05 17:35:00,payment-service,50.35,63.29,31.77,1032.2,942.61,172.64,0.1,50.92,0,normal
2026-01-05 17:35:00,notification-service,38.51,49.16,53.34,559.48,516.81,104.23,0.14,28.99,0,normal
2026-01-05 17:35:00,database,60.07,63.07,39.48,1151.35,1314.61,86.39,0.17,71.49,0,normal
2026-01-05 17:40:00,api-gateway,51.35,56.69,40.83,1282.05,1166.57,147.49,0.23,33.32,0,normal
2026-01-05 17:40:00,user-service,39.57,50.82,36.71,608.33,629.17,130.97,0.25,32.31,0,normal
2026-01-05 17:40:00,payment-service,49.99,62.0,40.69,860.29,915.79,176.5,0.18,53.96,0,normal
2026-01-05 17:40:00,notification-service,32.24,39.21,34.58,492.08,490.77,119.02,0.25,30.93,0,normal
2026-01-05 17:40:00,database,69.93,67.24,32.52,1314.46,1279.75,86.0,0.22,69.23,0,normal
2026-01-05 17:45:00,api-gateway,42.31,51.89,65.38,1254.77,1129.67,148.86,0.14,35.74,0,normal
2026-01-05 17:45:00,user-service,36.61,49.66,56.72,515.71,642.28,117.57,0.26,34.62,0,normal
2026-01-05 17:45:00,payment-service,59.9,55.48,45.98,892.32,879.12,178.79,0.29,54.17,0,normal
2026-01-05 17:45:00,notification-service,38.61,41.77,46.42,553.03,531.32,110.99,0.26,32.66,0,normal
2026-01-05 17:45:00,database,58.07,65.88,54.9,1111.58,1232.35,99.12,0.16,66.68,0,normal
2026-01-05 17:50:00,api-gateway,45.4,55.71,36.73,1140.58,1186.0,132.29,0.13,28.98,0,normal
2026-01-05 17:50:00,user-service,41.37,50.46,55.56,764.46,668.06,113.34,0.25,36.62,0,normal
2026-01-05 17:50:00,payment-service,67.0,57.54,51.81,1099.73,935.15,182.26,0.29,57.85,0,normal
2026-01-05 17:50:00,notification-service,36.51,42.91,55.84,565.93,493.85,126.72,0.27,23.7,0,normal
2026-01-05 17:50:00,database,65.16,63.27,67.64,1232.61,1270.32,115.08,0.23,71.53,0,normal
2026-01-05 17:55:00,api-gateway,56.33,59.95,59.89,1287.2,1199.73,158.07,0.17,31.43,0,normal
2026-01-05 17:55:00,user-service,45.97,49.79,56.71,601.35,615.62,126.77,0.27,32.91,0,normal
2026-01-05 17:55:00,payment-service,58.48,60.37,52.54,835.94,889.85,160.16,0.24,49.31,0,normal
2026-01-05 17:55:00,notification-service,41.56,47.1,64.34,625.05,549.46,118.37,0.22,28.2,0,normal
2026-01-05 17:55:00,database,53.74,62.04,47.32,1311.45,1289.3,101.39,0.15,76.33,0,normal
2026-01-05 18:00:00,api-gateway,44.13,59.84,41.35,1241.12,1210.33,143.53,0.17,31.05,0,normal
2026-01-05 18:00:00,user-service,40.9,52.12,48.72,604.0,687.87,125.1,0.28,35.33,0,normal
2026-01-05 18:00:00,payment-service,55.42,63.12,41.58,933.38,895.09,184.19,0.09,58.67,0,normal
2026-01-05 18:00:00,notification-service,36.37,45.8,50.35,576.17,538.16,114.74,0.16,27.14,0,normal
2026-01-05 18:00:00,database,62.38,70.87,40.62,1188.91,1342.05,106.84,0.08,70.15,0,normal
2026-01-05 18:05:00,api-gateway,52.38,59.05,33.9,1215.85,1186.98,134.87,0.22,34.62,0,normal
2026-01-05 18:05:00,user-service,45.57,56.61,32.48,762.28,636.76,138.64,0.21,35.45,0,normal
2026-01-05 18:05:00,payment-service,46.2,56.11,65.25,1020.83,876.23,183.4,0.12,52.42,0,normal
2026-01-05 18:05:00,notification-service,36.99,46.23,45.36,544.45,517.3,114.93,0.27,20.96,0,normal
2026-01-05 18:05:00,database,62.4,64.05,40.47,1206.9,1238.81,110.14,0.21,69.25,0,normal
2026-01-05 18:10:00,api-gateway,49.9,56.0,52.66,975.81,1218.25,135.39,0.24,35.22,0,normal
2026-01-05 18:10:00,user-service,47.23,49.4,46.27,690.98,672.56,132.42,0.22,35.51,0,normal
2026-01-05 18:10:00,payment-service,48.97,58.01,27.97,1088.66,930.42,169.69,0.25,51.1,0,normal
2026-01-05 18:10:00,notification-service,37.58,49.48,50.95,513.92,548.49,119.96,0.24,31.55,0,normal
2026-01-05 18:10:00,database,63.13,64.18,49.53,1462.32,1256.44,109.41,0.22,69.97,0,normal
2026-01-05 18:15:00,api-gateway,54.82,57.3,47.96,1408.98,1240.42,143.36,0.22,35.39,0,normal
2026-01-05 18:15:00,user-service,38.39,50.88,61.44,766.67,648.1,118.02,0.15,37.59,0,normal
2026-01-05 18:15:00,payment-service,65.59,68.49,33.38,809.38,910.87,167.68,0.15,54.86,0,normal
2026-01-05 18:15:00,notification-service,34.66,43.28,58.78,623.06,543.85,120.01,0.17,28.63,0,normal
2026-01-05 18:15:00,database,62.15,62.0,28.93,1311.63,1361.4,104.83,0.23,72.51,0,normal
2026-01-05 18:20:00,api-gateway,49.32,49.2,56.36,1286.43,1178.76,134.36,0.27,27.8,0,normal
2026-01-05 18:20:00,user-service,40.51,51.82,51.75,695.12,617.35,133.09,0.25,38.9,0,normal
2026-01-05 18:20:00,payment-service,60.4,57.49,47.23,1059.17,891.65,179.38,0.16,51.72,0,normal
2026-01-05 18:20:00,notification-service,35.93,45.4,56.39,478.07,506.78,113.0,0.2,25.62,0,normal
2026-01-05 18:20:00,database,62.96,62.17,39.85,1287.71,1386.13,97.49,0.18,79.94,0,normal
2026-01-05 18:25:00,api-gateway,62.93,52.25,40.89,1129.56,1223.57,159.36,0.13,38.23,0,normal
2026-01-05 18:25:00,user-service,48.76,56.14,59.14,733.24,627.71,119.63,0.09,42.67,0,normal
2026-01-05 18:25:00,payment-service,56.45,60.31,55.32,1054.08,957.75,177.41,0.17,53.26,0,normal
2026-01-05 18:25:00,notification-service,35.34,44.33,52.48,515.47,520.5,127.37,0.28,28.66,0,normal
2026-01-05 18:25:00,database,57.19,65.63,43.59,1579.82,1409.57,113.3,0.19,74.3,0,normal
2026-01-05 18:30:00,api-gateway,41.87,54.2,60.18,1236.13,1186.0,142.64,0.23,35.94,0,normal
2026-01-05 18:30:00,user-service,40.83,47.46,49.92,645.02,661.07,124.91,0.32,34.13,0,normal
2026-01-05 18:30:00,payment-service,55.58,53.46,38.91,1007.35,900.39,162.25,0.18,54.32,0,normal
2026-01-05 18:30:00,notification-service,25.3,50.34,46.88,591.34,545.95,115.12,0.26,27.34,0,normal
2026-01-05 18:30:00,database,63.48,63.89,51.51,1444.03,1287.47,86.65,0.2,75.56,0,normal
2026-01-05 18:35:00,api-gateway,56.32,55.53,62.4,1289.29,1165.22,131.44,0.28,37.66,0,normal
2026-01-05 18:35:00,user-service,44.96,49.21,55.32,549.25,662.21,132.51,0.13,35.07,0,normal
2026-01-05 18:35:00,payment-service,51.01,59.98,42.34,1019.76,907.57,153.59,0.19,50.11,0,normal
2026-01-05 18:35:00,notification-service,34.94,43.09,41.56,589.65,517.47,128.17,0.2,23.85,0,normal
2026-01-05 18:35:00,database,69.93,70.49,45.4,1186.6,1328.36,112.85,0.21,74.56,0,normal
2026-01-05 18:40:00,api-gateway,52.96,53.78,42.91,1253.74,1183.38,137.75,0.03,30.05,0,normal
2026-01-05 18:40:00,user-service,40.01,52.78,45.22,627.54,710.98,125.45,0.18,40.42,0,normal
2026-01-05 18:40:00,payment-service,56.26,63.98,38.94,1074.61,909.45,186.23,0.19,48.54,0,normal
2026-01-05 18:40:00,notification-service,37.8,45.2,44.99,453.17,467.83,102.34,0.26,27.41,0,normal
2026-01-05 18:40:00,database,54.92,65.39,35.11,1520.85,1318.73,119.11,0.26,75.47,0,normal
2026-01-05 18:45:00,api-gateway,47.23,52.44,49.84,1185.98,1175.66,141.96,0.1,32.31,0,normal
2026-01-05 18:45:00,user-service,29.86,52.71,58.86,563.31,679.39,121.37,0.21,34.24,0,normal
2026-01-05 18:45:00,payment-service,54.83,61.92,50.26,992.67,950.55,168.35,0.22,56.44,0,normal
2026-01-05 18:45:00,notification-service,28.66,43.22,48.41,458.83,512.5,134.7,0.18,28.99,0,normal
2026-01-05 18:45:00,database,60.57,66.36,37.4,1437.01,1319.23,91.78,0.2,71.08,0,normal
2026-01-05 18:50:00,api-gateway,51.23,48.93,62.34,1069.78,1146.74,136.44,0.15,30.5,0,normal
2026-01-05 18:50:00,user-service,38.56,44.0,49.21,542.1,666.5,121.02,0.27,43.56,0,normal
2026-01-05 18:50:00,payment-service,50.26,54.35,42.44,972.26,937.1,175.66,0.15,51.48,0,normal
2026-01-05 18:50:00,notification-service,41.96,43.7,46.51,523.34,531.59,110.08,0.14,25.76,0,normal
2026-01-05 18:50:00,database,60.9,62.92,42.71,1133.13,1307.35,107.66,0.19,76.19,0,normal
2026-01-05 18:55:00,api-gateway,49.1,53.07,62.8,1300.33,1188.0,144.83,0.18,36.04,0,normal
2026-01-05 18:55:00,user-service,40.12,50.81,60.17,574.88,671.26,106.59,0.22,44.93,0,normal
2026-01-05 18:55:00,payment-service,57.96,62.58,55.83,1001.53,861.78,161.83,0.16,48.78,0,normal
2026-01-05 18:55:00,notification-service,36.36,45.4,43.86,518.29,523.23,126.43,0.17,26.81,0,normal
2026-01-05 18:55:00,database,63.12,60.7,35.97,1162.64,1267.21,101.23,0.12,74.9,0,normal
2026-01-05 19:00:00,api-gateway,50.2,55.28,57.71,957.4,945.89,150.29,0.17,28.84,0,normal
2026-01-05 19:00:00,user-service,34.67,50.45,43.02,450.68,504.16,118.77,0.2,38.15,0,normal
2026-01-05 19:00:00,payment-service,37.82,66.63,38.28,552.96,667.77,161.36,0.28,46.72,0,normal
2026-01-05 19:00:00,notification-service,25.88,43.16,57.62,437.0,370.97,118.8,0.23,21.28,0,normal
2026-01-05 19:00:00,database,61.55,60.17,53.76,1109.2,990.57,108.22,0.17,74.51,0,normal
2026-01-05 19:05:00,api-gateway,45.33,53.77,59.1,805.86,894.51,136.52,0.32,29.65,0,normal
2026-01-05 19:05:00,user-service,37.42,51.67,48.23,501.99,503.8,112.02,0.19,24.82,0,normal
2026-01-05 19:05:00,payment-service,52.62,63.44,58.82,663.56,705.73,171.38,0.18,50.88,0,normal
2026-01-05 19:05:00,notification-service,26.48,46.11,47.02,354.35,423.07,100.91,0.21,27.82,0,normal
2026-01-05 19:05:00,database,56.88,65.46,60.67,1108.11,1033.33,69.89,0.19,72.08,0,normal
2026-01-05 19:10:00,api-gateway,39.36,54.97,72.26,819.35,829.94,138.56,0.17,29.6,0,normal
2026-01-05 19:10:00,user-service,25.48,52.27,44.89,486.13,537.77,139.13,0.26,32.66,0,normal
2026-01-05 19:10:00,payment-service,49.28,62.48,50.98,721.77,720.61,158.31,0.09,48.88,0,normal
2026-01-05 19:10:00,notification-service,35.13,47.45,49.69,389.19,384.15,104.79,0.22,25.73,0,normal
2026-01-05 19:10:00,database,55.77,63.42,50.59,1181.02,1117.9,95.28,0.21,70.93,0,normal
2026-01-05 19:15:00,api-gateway,49.05,54.16,52.64,776.05,828.81,142.75,0.19,30.76,0,normal
2026-01-05 19:15:00,user-service,35.9,46.72,59.64,497.53,513.03,126.77,0.24,38.13,0,normal
2026-01-05 19:15:00,payment-service,50.49,62.62,46.99,688.68,673.73,156.16,0.21,51.61,0,normal
2026-01-05 19:15:00,notification-service,32.2,51.71,40.32,372.26,389.87,117.63,0.19,25.2,0,normal
2026-01-05 19:15:00,database,50.53,64.6,44.24,836.93,985.52,108.22,0.15,67.04,0,normal
2026-01-05 19:20:00,api-gateway,44.45,53.78,52.55,1150.46,969.92,141.73,0.19,24.88,0,normal
2026-01-05 19:20:00,user-service,41.77,53.76,61.41,597.31,549.53,102.42,0.13,36.62,0,normal
2026-01-05 19:20:00,payment-service,44.8,65.47,56.91,549.81,677.12,181.21,0.25,53.37,0,normal
2026-01-05 19:20:00,notification-service,25.2,47.73,64.74,402.65,393.61,108.77,0.27,20.58,0,normal
2026-01-05 19:20:00,database,51.85,62.79,55.37,1127.71,1039.04,101.97,0.27,77.16,0,normal
2026-01-05 19:25:00,api-gateway,52.27,58.32,54.5,949.43,890.81,136.29,0.1,27.34,0,normal
2026-01-05 19:25:00,user-service,40.23,55.03,50.49,516.69,468.75,108.31,0.23,31.84,0,normal
2026-01-05 19:25:00,payment-service,48.1,58.91,32.4,567.21,701.98,172.75,0.17,48.17,0,normal
2026-01-05 19:25:00,notification-service,25.81,44.74,34.59,437.18,423.8,95.61,0.26,24.02,0,normal
2026-01-05 19:25:00,database,51.64,66.95,43.29,992.23,1011.78,108.43,0.12,64.4,0,normal
2026-01-05 19:30:00,api-gateway,40.69,53.51,61.97,979.4,854.05,162.86,0.22,32.26,0,normal
2026-01-05 19:30:00,user-service,36.02,51.16,34.69,467.1,545.85,108.9,0.24,37.15,0,normal
2026-01-05 19:30:00,payment-service,55.3,58.52,63.83,530.44,607.95,175.63,0.26,44.51,0,normal
2026-01-05 19:30:00,notification-service,32.86,45.88,27.26,367.3,402.06,125.84,0.11,25.38,0,normal
2026-01-05 19:30:00,database,56.26,64.36,78.07,742.8,903.94,96.32,0.19,71.26,0,normal
2026-01-05 19:35:00,api-gateway,53.28,55.74,41.96,1104.12,936.38,151.71,0.26,28.99,0,normal
2026-01-05 19:35:00,user-service,34.68,50.34,55.41,587.48,497.94,118.4,0.3,35.79,0,normal
2026-01-05 19:35:00,payment-service,48.92,55.85,49.81,781.92,714.82,169.69,0.23,52.62,0,normal
2026-01-05 19:35:00,notification-service,32.99,46.11,26.38,382.72,358.98,106.47,0.2,31.06,0,normal
2026-01-05 19:35:00,database,52.4,68.83,53.12,1072.9,1037.52,92.98,0.28,70.88,0,normal
2026-01-05 19:40:00,api-gateway,47.61,52.37,39.2,1059.19,883.43,139.46,0.29,28.27,0,normal
2026-01-05 19:40:00,user-service,32.97,54.17,32.76,542.52,502.21,139.65,0.23,38.5,0,normal
2026-01-05 19:40:00,payment-service,44.21,60.54,44.15,577.31,689.61,168.17,0.18,49.57,0,normal
2026-01-05 19:40:00,notification-service,31.14,42.96,42.86,452.93,400.58,115.59,0.25,19.68,0,normal
2026-01-05 19:40:00,database,54.23,69.81,46.9,1036.52,941.56,95.41,0.2,72.56,0,normal
2026-01-05 19:45:00,api-gateway,48.5,52.76,40.58,732.34,908.4,147.47,0.23,32.98,0,normal
2026-01-05 19:45:00,user-service,36.7,48.29,44.77,590.03,526.97,122.94,0.19,33.34,0,normal
2026-01-05 19:45:00,payment-service,52.99,65.13,63.12,542.29,673.36,154.52,0.24,44.94,0,normal
2026-01-05 19:45:00,notification-service,33.64,45.12,52.61,433.68,425.7,113.52,0.23,28.75,0,normal
2026-01-05 19:45:00,database,56.17,62.93,46.92,880.08,977.49,101.78,0.17,65.09,0,normal
2026-01-05 19:50:00,api-gateway,33.47,53.67,36.11,1062.78,887.56,131.05,0.36,27.3,0,normal
2026-01-05 19:50:00,user-service,31.63,52.37,36.3,567.2,509.9,128.92,0.14,31.27,0,normal
2026-01-05 19:50:00,payment-service,45.86,58.8,50.25,760.26,731.92,177.7,0.16,47.45,0,normal
2026-01-05 19:50:00,notification-service,25.44,44.55,49.63,470.51,400.75,111.17,0.2,25.6,0,normal
2026-01-05 19:50:00,database,51.78,66.39,44.42,1084.66,1029.79,92.19,0.24,70.51,0,normal
2026-01-05 19:55:00,api-gateway,49.16,60.74,63.69,761.87,918.52,141.97,0.25,24.01,0,normal
2026-01-05 19:55:00,user-service,40.12,52.74,40.44,596.35,528.65,125.6,0.21,37.6,0,normal
2026-01-05 19:55:00,payment-service,50.46,62.42,38.28,750.18,686.75,172.71,0.26,55.32,0,normal
2026-01-05 19:55:00,notification-service,32.49,47.11,45.63,419.35,382.09,126.16,0.25,25.65,0,normal
2026-01-05 19:55:00,database,51.63,67.19,75.09,1104.35,957.4,102.82,0.2,72.04,0,normal
2026-01-05 20:00:00,api-gateway,42.1,53.21,50.74,926.42,855.21,137.8,0.19,27.96,0,normal
2026-01-05 20:00:00,user-service,31.93,50.2,54.8,409.73,483.92,110.39,0.25,33.95,0,normal
2026-01-05 20:00:00,payment-service,47.29,56.79,62.79,559.97,694.84,161.07,0.15,47.94,0,normal
2026-01-05 20:00:00,notification-service,28.66,43.12,46.12,465.5,408.63,118.8,0.17,26.16,0,normal
2026-01-05 20:00:00,database,51.99,61.14,55.42,868.7,1082.64,103.56,0.29,68.81,0,normal
2026-01-05 20:05:00,api-gateway,38.48,52.67,44.94,794.87,887.14,139.91,0.24,25.96,0,normal
2026-01-05 20:05:00,user-service,37.73,51.63,54.44,522.64,477.56,120.7,0.11,38.31,0,normal
2026-01-05 20:05:00,payment-service,58.93,58.5,69.33,721.43,698.43,179.92,0.12,46.39,0,normal
2026-01-05 20:05:00,notification-service,31.0,47.89,63.71,418.24,396.91,124.11,0.17,21.84,0,normal
2026-01-05 20:05:00,database,54.18,61.25,63.49,1013.55,916.35,103.68,0.31,69.4,0,normal
2026-01-05 20:10:00,api-gateway,39.86,59.12,53.07,824.89,817.13,142.56,0.22,25.7,0,normal
2026-01-05 20:10:00,user-service,36.18,43.69,47.76,482.6,437.64,113.78,0.27,39.78,0,normal
2026-01-05 20:10:00,payment-service,48.06,62.38,58.99,609.88,693.2,180.85,0.15,51.98,0,normal
2026-01-05 20:10:00,notification-service,18.73,47.68,36.52,333.74,392.94,119.98,0.13,23.44,0,normal
2026-01-05 20:10:00,database,55.16,69.6,54.58,840.62,1040.48,99.31,0.3,76.05,0,normal
2026-01-05 20:15:00,api-gateway,47.91,56.37,72.73,812.83,918.82,155.7,0.25,30.83,0,normal
2026-01-05 20:15:00,user-service,30.43,51.29,52.11,421.99,525.39,127.1,0.18,40.69,0,normal
2026-01-05 20:15:00,payment-service,47.17,59.89,45.62,604.15,680.55,162.15,0.15,49.63,0,normal
2026-01-05 20:15:00,notification-service,25.25,45.21,54.09,385.26,390.0,99.71,0.18,28.17,0,normal
2026-01-05 20:15:00,database,52.33,60.04,59.51,1191.31,1020.53,103.5,0.27,76.04,0,normal
2026-01-05 20:20:00,api-gateway,49.41,54.94,50.66,926.73,947.07,136.74,0.24,26.25,0,normal
2026-01-05 20:20:00,user-service,35.1,48.19,44.99,412.23,478.91,117.37,0.2,31.79,0,normal
2026-01-05 20:20:00,payment-service,47.76,66.78,55.12,792.26,665.78,177.67,0.26,51.31,0,normal
2026-01-05 20:20:00,notification-service,29.37,48.53,55.33,313.61,371.91,97.53,0.12,24.09,0,normal
2026-01-05 20:20:00,database,54.86,64.15,71.76,777.43,969.58,95.57,0.21,65.05,0,normal
2026-01-05 20:25:00,api-gateway,44.93,55.88,24.57,861.32,912.43,133.35,0.13,36.8,0,normal
2026-01-05 20:25:00,user-service,33.01,52.79,49.15,466.71,541.58,127.7,0.22,35.61,0,normal
2026-01-05 20:25:00,payment-service,51.88,64.49,50.98,549.64,625.58,172.12,0.18,47.93,0,normal
2026-01-05 20:25:00,notification-service,33.44,45.06,53.77,424.8,394.78,113.19,0.13,26.15,0,normal
2026-01-05 20:25:00,database,54.87,63.09,35.82,878.93,1005.2,108.55,0.3,70.24,0,normal
2026-01-05 20:30:00,api-gateway,38.64,53.25,48.35,947.76,913.6,158.14,0.18,25.38,0,normal
2026-01-05 20:30:00,user-service,42.91,49.29,51.23,507.66,500.11,115.78,0.26,36.69,0,normal
2026-01-05 20:30:00,payment-service,44.73,64.48,64.32,651.34,643.62,153.41,0.17,48.89,0,normal
2026-01-05 20:30:00,notification-service,29.59,47.31,51.17,447.13,406.06,117.17,0.23,23.44,0,normal
2026-01-05 20:30:00,database,53.93,58.92,52.91,1213.49,1074.19,97.64,0.16,75.97,0,normal
2026-01-05 20:35:00,api-gateway,53.2,54.36,38.61,816.64,886.18,167.01,0.13,33.21,0,normal
2026-01-05 20:35:00,user-service,38.68,46.03,46.85,559.53,518.93,129.35,0.16,34.85,0,normal
2026-01-05 20:35:00,payment-service,53.18,60.64,62.4,781.0,731.09,158.54,0.19,48.67,0,normal
2026-01-05 20:35:00,notification-service,29.36,44.72,50.97,440.79,444.52,109.28,0.27,22.34,0,normal
2026-01-05 20:35:00,database,55.89,65.41,47.29,881.57,1031.35,94.73,0.26,66.29,0,normal
2026-01-05 20:40:00,api-gateway,49.97,54.02,58.66,937.06,832.33,146.34,0.12,28.47,0,normal
2026-01-05 20:40:00,user-service,36.53,49.89,49.49,516.14,477.78,119.5,0.26,32.89,0,normal
2026-01-05 20:40:00,payment-service,49.44,60.23,54.68,666.86,732.7,181.78,0.22,49.36,0,normal
2026-01-05 20:40:00,notification-service,37.36,46.72,64.63,322.2,385.31,124.78,0.13,27.22,0,normal
2026-01-05 20:40:00,database,55.52,63.69,66.56,1179.59,1006.27,90.99,0.16,75.24,0,normal
2026-01-05 20:45:00,api-gateway,42.82,61.07,53.69,865.74,922.28,160.19,0.13,31.05,0,normal
2026-01-05 20:45:00,user-service,31.37,52.06,45.85,502.38,465.39,123.66,0.18,36.96,0,normal
2026-01-05 20:45:00,payment-service,51.36,64.51,37.68,892.29,757.88,162.42,0.24,50.43,0,normal
2026-01-05 20:45:00,notification-service,30.58,46.91,44.54,455.1,396.56,118.32,0.15,28.57,0,normal
2026-01-05 20:45:00,database,55.21,62.54,39.77,887.25,1042.65,108.58,0.18,67.71,0,normal
2026-01-05 20:50:00,api-gateway,45.99,57.87,75.8,1042.05,886.93,150.03,0.14,30.47,0,normal
2026-01-05 20:50:00,user-service,40.19,53.01,38.86,455.16,497.87,121.75,0.26,44.1,0,normal
2026-01-05 20:50:00,payment-service,49.49,60.18,47.86,737.71,739.94,162.33,0.19,43.5,0,normal
2026-01-05 20:50:00,notification-service,40.61,37.94,52.58,369.74,400.86,103.69,0.16,23.15,0,normal
2026-01-05 20:50:00,database,53.46,63.72,47.34,929.49,1101.6,93.87,0.23,65.31,0,normal
2026-01-05 20:55:00,api-gateway,34.96,58.22,53.83,806.73,882.52,138.84,0.23,38.23,0,normal
2026-01-05 20:55:00,user-service,38.73,50.92,59.65,475.18,491.34,126.78,0.19,37.95,0,normal
2026-01-05 20:55:00,payment-service,47.88,63.57,45.81,610.42,718.13,166.03,0.27,55.16,0,normal
2026-01-05 20:55:00,notification-service,33.15,41.4,62.65,445.25,400.32,127.26,0.25,29.04,0,normal
2026-01-05 20:55:00,database,56.58,65.8,56.09,1047.03,922.36,103.72,0.24,71.63,0,normal
2026-01-05 21:00:00,api-gateway,42.51,56.1,41.29,843.86,953.66,135.66,0.07,30.14,0,normal
2026-01-05 21:00:00,user-service,33.96,46.91,59.42,520.93,489.09,116.12,0.22,31.25,0,normal
2026-01-05 21:00:00,payment-service,52.28,56.06,66.13,764.72,679.45,158.87,0.23,50.04,0,normal
2026-01-05 21:00:00,notification-service,31.24,43.49,52.97,425.23,396.74,111.21,0.25,27.01,0,normal
2026-01-05 21:00:00,database,59.3,67.59,51.52,862.88,1017.48,97.33,0.21,70.47,0,normal
2026-01-05 21:05:00,api-gateway,42.85,59.46,68.59,946.85,877.15,154.11,0.17,30.91,0,normal
2026-01-05 21:05:00,user-service,38.0,50.77,35.84,575.53,517.78,129.64,0.23,35.62,0,normal
2026-01-05 21:05:00,payment-service,48.45,65.69,48.85,811.9,700.07,167.18,0.21,47.38,0,normal
2026-01-05 21:05:00,notification-service,34.14,47.71,75.37,414.36,406.32,112.54,0.19,23.21,0,normal
2026-01-05 21:05:00,database,56.77,63.4,52.53,746.92,930.07,89.76,0.27,71.58,0,normal
2026-01-05 21:10:00,api-gateway,37.94,56.18,41.81,904.58,890.12,144.34,0.14,29.51,0,normal
2026-01-05 21:10:00,user-service,30.38,49.99,57.75,405.94,459.42,107.77,0.1,33.16,0,normal
2026-01-05 21:10:00,payment-service,51.33,59.52,39.82,756.2,730.98,178.37,0.24,55.57,0,normal
2026-01-05 21:10:00,notification-service,34.5,42.83,44.87,399.01,362.33,115.86,0.18,22.11,0,normal
2026-01-05 21:10:00,database,52.36,62.89,38.97,864.34,1041.14,109.03,0.22,72.31,0,normal
2026-01-05 21:15:00,api-gateway,47.09,58.87,60.76,856.03,882.72,115.65,0.25,34.61,0,normal
2026-01-05 21:15:00,user-service,33.13,50.38,65.4,592.4,515.02,108.11,0.27,38.33,0,normal
2026-01-05 21:15:00,payment-service,55.48,55.66,57.16,717.05,739.4,178.75,0.21,55.55,0,normal
2026-01-05 21:15:00,notification-service,34.86,52.43,42.73,355.57,399.27,119.05,0.15,28.51,0,normal
2026-01-05 21:15:00,database,59.93,63.64,46.38,1026.61,1063.25,100.92,0.23,69.13,0,normal
2026-01-05 21:20:00,api-gateway,50.51,51.36,55.8,775.22,855.49,127.15,0.2,29.92,0,normal
2026-01-05 21:20:00,user-service,42.38,56.56,62.7,439.28,470.61,118.0,0.19,25.31,0,normal
2026-01-05 21:20:00,payment-service,48.16,64.68,58.75,771.36,715.71,176.74,0.12,47.45,0,normal
2026-01-05 21:20:00,notification-service,36.86,49.72,54.29,490.8,416.82,100.05,0.2,27.04,0,normal
2026-01-05 21:20:00,database,55.38,63.54,41.54,886.42,1048.41,102.18,0.2,69.53,0,normal
2026-01-05 21:25:00,api-gateway,40.73,56.18,57.54,789.47,944.96,138.33,0.23,34.81,0,normal
2026-01-05 21:25:00,user-service,45.4,51.79,45.18,604.03,505.85,115.38,0.12,40.81,0,normal
2026-01-05 21:25:00,payment-service,55.42,59.92,54.77,709.85,680.55,169.13,0.19,50.77,0,normal
2026-01-05 21:25:00,notification-service,32.96,44.01,45.13,358.93,348.95,124.62,0.23,26.85,0,normal
2026-01-05 21:25:00,database,50.32,64.02,30.11,975.91,1033.79,94.78,0.26,72.08,0,normal
2026-01-05 21:30:00,api-gateway,40.13,56.33,56.49,734.85,883.97,132.43,0.14,29.61,0,normal
2026-01-05 21:30:00,user-service,40.21,58.05,62.83,437.19,502.2,113.86,0.16,41.66,0,normal
2026-01-05 21:30:00,payment-service,49.53,65.58,34.13,824.52,698.47,161.4,0.24,48.16,0,normal
2026-01-05 21:30:00,notification-service,35.41,48.36,38.91,466.53,399.19,92.04,0.23,25.75,0,normal
2026-01-05 21:30:00,database,49.38,71.54,38.97,1079.83,1017.56,104.87,0.23,65.43,0,normal
2026-01-05 21:35:00,api-gateway,43.0,54.28,48.8,979.3,941.81,137.4,0.19,28.1,0,normal
2026-01-05 21:35:00,user-service,28.88,49.01,56.85,398.81,486.14,128.28,0.24,40.36,0,normal
2026-01-05 21:35:00,payment-service,40.65,58.86,51.02,740.4,640.9,155.83,0.21,47.12,0,normal
2026-01-05 21:35:00,notification-service,27.45,45.87,58.84,320.4,370.5,101.78,0.15,20.63,0,normal
2026-01-05 21:35:00,database,54.62,64.33,50.95,942.12,896.11,107.97,0.22,66.01,0,normal
2026-01-05 21:40:00,api-gateway,46.73,53.94,50.31,794.06,894.97,108.38,0.23,29.36,0,normal
2026-01-05 21:40:00,user-service,35.12,49.78,48.48,518.41,508.59,137.51,0.19,35.54,0,normal
2026-01-05 21:40:00,payment-service,53.63,61.1,57.28,720.75,742.9,170.79,0.19,52.25,0,normal
2026-01-05 21:40:00,notification-service,27.66,44.53,48.83,399.26,383.24,100.5,0.14,26.23,0,normal
2026-01-05 21:40:00,database,49.34,62.48,54.25,1036.62,1024.83,90.76,0.18,71.97,0,normal
2026-01-05 21:45:00,api-gateway,45.68,53.8,64.13,1067.48,951.32,139.72,0.22,24.27,0,normal
2026-01-05 21:45:00,user-service,32.48,48.48,63.46,506.08,458.52,114.7,0.15,31.37,0,normal
2026-01-05 21:45:00,payment-service,52.48,57.83,60.72,619.14,639.22,176.23,0.18,47.61,0,normal
2026-01-05 21:45:00,notification-service,22.85,44.8,52.74,318.13,391.98,98.23,0.27,21.43,0,normal
2026-01-05 21:45:00,database,56.45,58.72,39.85,1098.37,923.19,86.23,0.25,65.33,0,normal
2026-01-05 21:50:00,api-gateway,44.0,54.37,57.01,1041.62,917.35,132.29,0.19,36.32,0,normal
2026-01-05 21:50:00,user-service,34.92,47.95,35.05,447.18,506.64,138.22,0.24,32.99,0,normal
2026-01-05 21:50:00,payment-service,51.12,60.01,51.78,737.44,734.88,167.04,0.13,50.13,0,normal
2026-01-05 21:50:00,notification-service,25.0,42.69,45.81,483.0,421.03,94.54,0.3,20.43,0,normal
2026-01-05 21:50:00,database,52.21,64.51,63.09,821.12,999.27,99.7,0.18,68.43,0,normal
2026-01-05 21:55:00,api-gateway,43.36,57.56,37.66,855.55,843.71,138.13,0.19,29.41,0,normal
2026-01-05 21:55:00,user-service,32.37,49.5,49.69,496.49,511.63,119.11,0.1,37.05,0,normal
2026-01-05 21:55:00,payment-service,52.29,57.77,66.5,693.38,706.48,171.7,0.26,50.79,0,normal
2026-01-05 21:55:00,notification-service,28.0,51.9,44.42,467.68,407.86,106.24,0.17,21.56,0,normal
2026-01-05 21:55:00,database,48.54,65.36,56.15,855.09,1054.25,98.44,0.16,69.09,0,normal
2026-01-05 22:00:00,api-gateway,44.58,54.21,53.24,1133.92,976.49,145.67,0.17,29.44,0,normal
2026-01-05 22:00:00,user-service,37.91,48.89,52.18,542.79,490.2,121.14,0.11,33.65,0,normal
2026-01-05 22:00:00,payment-service,44.51,57.08,30.53,686.55,686.01,182.22,0.13,48.97,0,normal
2026-01-05 22:00:00,notification-service,34.34,49.01,45.35,346.21,370.57,112.06,0.26,23.87,0,normal
2026-01-05 22:00:00,database,50.06,62.09,48.04,953.98,933.64,110.43,0.15,68.63,0,normal
2026-01-05 22:05:00,api-gateway,51.09,51.49,49.69,1023.56,907.74,136.06,0.26,24.97,0,normal
2026-01-05 22:05:00,user-service,36.65,50.42,48.43,620.15,523.32,116.06,0.23,34.01,0,normal
2026-01-05 22:05:00,payment-service,47.26,65.24,44.8,649.73,649.7,169.01,0.15,48.16,0,normal
2026-01-05 22:05:00,notification-service,29.59,47.84,43.47,387.53,394.05,118.87,0.22,28.09,0,normal
2026-01-05 22:05:00,database,46.83,64.67,32.39,947.73,954.64,78.83,0.18,68.78,0,normal
2026-01-05 22:10:00,api-gateway,36.27,53.28,62.07,999.22,970.63,148.15,0.13,32.55,0,normal
2026-01-05 22:10:00,user-service,39.35,53.19,54.47,573.98,526.53,119.66,0.09,28.69,0,normal
2026-01-05 22:10:00,payment-service,39.6,58.46,45.88,595.68,718.46,175.25,0.1,50.98,0,normal
2026-01-05 22:10:00,notification-service,28.89,50.29,54.63,509.32,429.53,113.2,0.13,25.79,0,normal
2026-01-05 22:10:00,database,55.12,62.81,27.96,1130.31,980.28,100.85,0.21,73.71,0,normal
2026-01-05 22:15:00,api-gateway,44.16,56.76,41.12,903.82,930.46,144.41,0.17,30.34,0,normal
2026-01-05 22:15:00,user-service,32.98,45.42,51.68,506.09,492.8,122.22,0.27,31.61,0,normal
2026-01-05 22:15:00,payment-service,48.14,63.24,35.14,692.56,690.87,165.72,0.2,53.86,0,normal
2026-01-05 22:15:00,notification-service,25.97,45.58,61.22,521.99,437.37,94.7,0.13,30.41,0,normal
2026-01-05 22:15:00,database,46.91,58.69,59.87,834.42,987.94,95.5,0.31,72.93,0,normal
2026-01-05 22:20:00,api-gateway,46.45,53.01,38.76,774.3,829.0,130.65,0.21,30.75,0,normal
2026-01-05 22:20:00,user-service,39.39,50.37,49.98,535.72,528.08,119.61,0.24,31.29,0,normal
2026-01-05 22:20:00,payment-service,50.22,63.06,33.76,708.05,697.15,154.08,0.22,52.17,0,normal
2026-01-05 22:20:00,notification-service,33.77,47.1,45.73,459.16,413.95,99.76,0.16,27.11,0,normal
2026-01-05 22:20:00,database,57.81,70.01,51.92,1138.52,971.02,98.54,0.2,64.99,0,normal
2026-01-05 22:25:00,api-gateway,43.31,57.74,49.0,857.15,937.41,143.45,0.19,31.64,0,normal
2026-01-05 22:25:00,user-service,39.96,53.72,76.98,549.11,497.3,124.66,0.19,35.75,0,normal
2026-01-05 22:25:00,payment-service,51.34,58.35,45.25,638.57,676.03,160.81,0.16,45.05,0,normal
2026-01-05 22:25:00,notification-service,24.74,42.11,55.22,337.5,420.82,104.27,0.27,28.05,0,normal
2026-01-05 22:25:00,database,57.23,62.62,55.46,984.37,934.32,85.44,0.04,68.14,0,normal
2026-01-05 22:30:00,api-gateway,42.26,52.13,37.2,733.01,896.78,152.89,0.22,30.55,0,normal
2026-01-05 22:30:00,user-service,32.78,51.64,55.17,430.78,492.52,122.86,0.23,36.11,0,normal
2026-01-05 22:30:00,payment-service,46.85,56.82,66.26,793.75,683.82,170.4,0.27,47.54,0,normal
2026-01-05 22:30:00,notification-service,30.62,48.96,51.28,351.96,409.5,110.63,0.14,25.99,0,normal
2026-01-05 22:30:00,database,50.28,59.6,64.55,970.98,1016.35,86.95,0.15,69.26,0,normal
2026-01-05 22:35:00,api-gateway,38.57,53.28,45.7,888.91,833.88,134.53,0.16,27.05,0,normal
2026-01-05 22:35:00,user-service,29.07,47.76,62.07,514.62,519.53,141.2,0.13,41.93,0,normal
2026-01-05 22:35:00,payment-service,50.1,63.2,65.44,749.73,756.47,182.47,0.16,47.81,0,normal
2026-01-05 22:35:00,notification-service,26.41,44.25,52.56,460.02,417.8,113.42,0.15,23.76,0,normal
2026-01-05 22:35:00,database,52.54,66.85,35.85,942.83,910.83,93.62,0.17,65.83,0,normal
2026-01-05 22:40:00,api-gateway,47.93,61.16,46.11,783.39,859.14,130.45,0.14,32.58,0,normal
2026-01-05 22:40:00,user-service,36.33,47.08,42.49,445.25,500.25,111.65,0.17,32.11,0,normal
2026-01-05 22:40:00,payment-service,50.25,67.56,52.25,819.6,705.06,167.69,0.27,49.77,0,normal
2026-01-05 22:40:00,notification-service,32.86,42.05,59.55,400.89,398.03,123.19,0.23,28.87,0,normal
2026-01-05 22:40:00,database,57.79,68.52,66.71,1059.45,976.28,109.97,0.34,67.48,0,normal
2026-01-05 22:45:00,api-gateway,44.57,49.56,52.79,1107.47,947.7,137.07,0.25,30.19,0,normal
2026-01-05 22:45:00,user-service,35.42,47.12,63.38,570.8,539.58,129.11,0.11,36.99,0,normal
2026-01-05 22:45:00,payment-service,51.84,61.9,53.26,637.3,703.55,181.02,0.21,45.2,0,normal
2026-01-05 22:45:00,notification-service,27.93,45.95,44.16,437.51,429.0,97.36,0.26,31.14,0,normal
2026-01-05 22:45:00,database,53.34,66.42,58.3,808.51,982.36,90.45,0.23,74.46,0,normal
2026-01-05 22:50:00,api-gateway,54.07,51.84,24.99,986.33,873.67,144.41,0.24,30.62,0,normal
2026-01-05 22:50:00,user-service,31.86,48.75,52.41,529.65,457.83,138.65,0.25,34.43,0,normal
2026-01-05 22:50:00,payment-service,50.44,57.04,56.89,734.36,691.94,157.24,0.21,49.86,0,normal
2026-01-05 22:50:00,notification-service,32.29,47.29,72.57,484.14,411.51,94.27,0.26,25.99,0,normal
2026-01-05 22:50:00,database,57.17,66.13,35.38,1180.14,1004.51,104.2,0.28,68.88,0,normal
2026-01-05 22:55:00,api-gateway,43.5,56.17,45.85,970.37,869.15,144.35,0.13,25.06,0,normal
2026-01-05 22:55:00,user-service,34.36,49.13,40.28,563.49,517.43,111.1,0.17,35.4,0,normal
2026-01-05 22:55:00,payment-service,44.41,57.58,52.35,832.65,733.45,176.32,0.19,50.09,0,normal
2026-01-05 22:55:00,notification-service,31.02,41.08,46.05,404.28,368.38,88.53,0.27,26.24,0,normal
2026-01-05 22:55:00,database,58.48,64.16,42.09,1005.71,1060.58,94.52,0.16,75.65,0,normal
2026-01-05 23:00:00,api-gateway,43.89,53.58,32.06,739.82,886.31,146.19,0.21,25.74,0,normal
2026-01-05 23:00:00,user-service,34.87,51.08,49.22,459.4,498.34,107.31,0.31,33.62,0,normal
2026-01-05 23:00:00,payment-service,49.52,64.43,42.9,757.66,644.15,169.83,0.16,49.29,0,normal
2026-01-05 23:00:00,notification-service,31.74,40.16,52.79,441.95,396.64,95.78,0.3,22.57,0,normal
2026-01-05 23:00:00,database,63.95,65.29,44.47,1017.86,1021.95,115.74,0.22,70.3,0,normal
2026-01-05 23:05:00,api-gateway,41.88,53.52,36.78,899.19,815.16,147.27,0.16,28.58,0,normal
2026-01-05 23:05:00,user-service,41.96,52.25,56.37,576.83,509.82,112.7,0.21,35.5,0,normal
2026-01-05 23:05:00,payment-service,48.8,60.3,34.0,824.63,701.37,160.02,0.14,46.69,0,normal
2026-01-05 23:05:00,notification-service,34.35,39.45,45.27,359.91,417.26,102.49,0.15,25.06,0,normal
2026-01-05 23:05:00,database,53.59,64.64,51.08,1024.49,936.07,109.79,0.29,74.71,0,normal
2026-01-05 23:10:00,api-gateway,43.77,58.82,55.4,860.09,896.31,137.39,0.19,30.06,0,normal
2026-01-05 23:10:00,user-service,32.35,54.53,44.69,423.96,522.29,112.17,0.22,35.99,0,normal
2026-01-05 23:10:00,payment-service,47.43,58.4,48.62,664.17,700.4,161.51,0.08,51.62,0,normal
2026-01-05 23:10:00,notification-service,33.03,40.46,49.28,401.8,363.57,94.65,0.07,25.03,0,normal
2026-01-05 23:10:00,database,46.3,65.89,48.05,1035.78,1061.65,117.29,0.19,70.91,0,normal
2026-01-05 23:15:00,api-gateway,48.0,51.13,54.75,860.25,966.08,144.78,0.23,33.17,0,normal
2026-01-05 23:15:00,user-service,26.93,48.17,50.59,527.38,467.01,119.48,0.21,31.91,0,normal
2026-01-05 23:15:00,payment-service,46.48,58.57,51.01,750.48,634.9,176.95,0.23,52.26,0,normal
2026-01-05 23:15:00,notification-service,32.97,46.75,60.89,338.77,391.51,104.8,0.28,21.39,0,normal
2026-01-05 23:15:00,database,55.63,66.58,55.24,960.51,986.1,94.28,0.28,73.54,0,normal
2026-01-05 23:20:00,api-gateway,43.44,53.78,28.38,978.31,1019.34,149.48,0.23,32.36,0,normal
2026-01-05 23:20:00,user-service,25.38,52.84,65.37,591.24,494.03,106.29,0.24,33.79,0,normal
2026-01-05 23:20:00,payment-service,50.22,56.28,30.57,732.27,657.97,173.32,0.18,56.64,0,normal
2026-01-05 23:20:00,notification-service,28.21,47.15,49.27,410.6,390.94,105.36,0.12,28.41,0,normal
2026-01-05 23:20:00,database,51.52,64.74,50.03,1070.47,1010.0,109.78,0.16,68.79,0,normal
2026-01-05 23:25:00,api-gateway,51.54,49.14,28.08,1039.26,871.09,133.48,0.28,28.92,0,normal
2026-01-05 23:25:00,user-service,30.46,48.45,62.15,486.12,533.01,131.44,0.23,35.05,0,normal
2026-01-05 23:25:00,payment-service,50.32,57.64,33.03,627.26,719.68,174.65,0.18,49.65,0,normal
2026-01-05 23:25:00,notification-service,29.62,43.82,27.97,352.33,398.43,106.83,0.27,24.62,0,normal
2026-01-05 23:25:00,database,56.46,64.02,77.35,1103.59,1034.95,94.58,0.22,66.76,0,normal
2026-01-05 23:30:00,api-gateway,39.42,53.29,45.39,1034.47,904.94,153.7,0.22,30.26,0,normal
2026-01-05 23:30:00,user-service,37.72,49.78,55.45,447.7,549.27,129.69,0.26,34.77,0,normal
2026-01-05 23:30:00,payment-service,48.1,63.48,53.93,636.25,725.86,160.84,0.19,46.82,0,normal
2026-01-05 23:30:00,notification-service,31.69,44.95,43.5,354.69,379.55,117.15,0.13,23.39,0,normal
2026-01-05 23:30:00,database,51.85,72.27,54.57,848.21,1018.93,102.3,0.13,73.26,0,normal
2026-01-05 23:35:00,api-gateway,51.53,50.55,50.72,856.74,854.73,142.1,0.25,30.56,0,normal
2026-01-05 23:35:00,user-service,35.56,50.78,43.63,650.94,545.01,131.35,0.21,40.21,0,normal
2026-01-05 23:35:00,payment-service,51.42,61.14,53.31,852.98,730.33,178.47,0.2,51.82,0,normal
2026-01-05 23:35:00,notification-service,32.81,40.65,51.85,332.48,405.29,123.56,0.16,26.48,0,normal
2026-01-05 23:35:00,database,58.15,70.76,43.74,992.83,1065.93,124.86,0.24,65.21,0,normal
2026-01-05 23:40:00,api-gateway,51.43,54.62,46.31,817.33,845.27,136.58,0.17,28.45,0,normal
2026-01-05 23:40:00,user-service,32.34,52.03,42.63,605.44,517.96,135.6,0.15,32.23,0,normal
2026-01-05 23:40:00,payment-service,53.22,57.06,50.77,796.26,671.21,167.92,0.16,49.38,0,normal
2026-01-05 23:40:00,notification-service,36.73,40.44,37.23,328.69,357.68,108.91,0.19,28.13,0,normal
2026-01-05 23:40:00,database,55.83,61.37,28.46,918.63,999.81,97.15,0.15,72.38,0,normal
2026-01-05 23:45:00,api-gateway,44.41,57.16,50.48,1023.73,923.83,136.68,0.13,32.01,0,normal
2026-01-05 23:45:00,user-service,34.15,51.27,72.55,569.93,580.78,129.61,0.22,36.35,0,normal
2026-01-05 23:45:00,payment-service,42.75,57.26,54.64,606.74,673.62,170.52,0.14,53.42,0,normal
2026-01-05 23:45:00,notification-service,21.74,45.83,40.89,408.11,391.07,116.49,0.12,21.87,0,normal
2026-01-05 23:45:00,database,54.26,67.51,42.63,1157.0,1049.86,108.17,0.26,70.94,0,normal
2026-01-05 23:50:00,api-gateway,50.28,57.28,59.96,895.72,932.58,129.18,0.12,29.0,0,normal
2026-01-05 23:50:00,user-service,34.73,45.96,39.88,529.29,529.86,112.0,0.26,33.0,0,normal
2026-01-05 23:50:00,payment-service,48.99,59.85,55.01,588.38,727.83,189.58,0.18,54.17,0,normal
2026-01-05 23:50:00,notification-service,22.05,45.45,56.96,375.56,380.03,110.82,0.22,27.91,0,normal
2026-01-05 23:50:00,database,50.57,62.98,41.47,964.31,981.98,106.9,0.24,66.86,0,normal
2026-01-05 23:55:00,api-gateway,49.56,61.08,42.28,997.99,896.62,122.6,0.25,26.23,0,normal
2026-01-05 23:55:00,user-service,33.63,52.56,43.38,426.32,440.65,137.91,0.25,30.1,0,normal
2026-01-05 23:55:00,payment-service,45.0,62.04,49.73,688.5,736.46,175.61,0.21,52.87,0,normal
2026-01-05 23:55:00,notification-service,28.1,46.61,34.94,397.32,405.54,116.51,0.22,21.08,0,normal
2026-01-05 23:55:00,database,53.64,62.99,33.55,950.9,967.76,99.21,0.24,67.33,0,normal
2026-01-06 00:00:00,api-gateway,37.97,57.09,59.66,496.75,612.02,146.83,0.23,23.27,0,normal
2026-01-06 00:00:00,user-service,23.52,53.79,34.67,397.11,354.62,126.07,0.23,29.58,0,normal
2026-01-06 00:00:00,payment-service,46.45,58.07,33.39,416.04,427.37,156.93,0.26,47.19,0,normal
2026-01-06 00:00:00,notification-service,21.36,45.56,66.32,258.59,281.15,91.26,0.26,19.98,0,normal
2026-01-06 00:00:00,database,44.26,64.79,42.85,618.88,711.93,81.42,0.21,69.89,0,normal
2026-01-06 00:05:00,api-gateway,44.53,51.12,39.24,517.22,603.89,122.59,0.19,28.64,0,normal
2026-01-06 00:05:00,user-service,33.72,47.31,49.56,399.92,362.23,97.64,0.23,29.22,0,normal
2026-01-06 00:05:00,payment-service,31.88,61.28,54.75,599.12,524.73,142.98,0.24,46.03,0,normal
2026-01-06 00:05:00,notification-service,22.11,42.14,47.5,258.03,286.54,94.01,0.24,23.97,0,normal
2026-01-06 00:05:00,database,53.0,71.89,40.74,782.31,670.16,99.48,0.29,67.5,0,normal
2026-01-06 00:10:00,api-gateway,40.64,59.37,52.94,602.49,544.94,126.56,0.24,28.93,0,normal
2026-01-06 00:10:00,user-service,29.92,53.32,54.46,380.54,354.25,116.96,0.22,32.34,0,normal
2026-01-06 00:10:00,payment-service,35.68,59.65,55.91,532.45,514.77,158.51,0.17,48.34,0,normal
2026-01-06 00:10:00,notification-service,29.74,51.04,48.25,285.39,271.58,96.56,0.19,19.48,0,normal
2026-01-06 00:10:00,database,45.6,63.35,41.29,553.44,651.32,87.8,0.21,68.9,0,normal
2026-01-06 00:15:00,api-gateway,39.2,57.24,62.29,720.68,615.62,143.5,0.03,26.59,0,normal
2026-01-06 00:15:00,user-service,26.77,51.06,68.42,253.21,290.45,112.22,0.2,33.93,0,normal
2026-01-06 00:15:00,payment-service,39.0,62.7,43.96,439.38,452.91,158.42,0.27,50.76,0,normal
2026-01-06 00:15:00,notification-service,25.79,44.8,43.58,244.79,294.83,93.48,0.17,19.57,0,normal
2026-01-06 00:15:00,database,49.02,67.73,47.91,584.37,667.16,95.71,0.17,65.6,0,normal
2026-01-06 00:20:00,api-gateway,41.4,56.46,57.94,631.91,680.47,119.6,0.19,34.43,0,normal
2026-01-06 00:20:00,user-service,26.41,47.75,49.8,371.16,370.82,94.87,0.27,35.74,0,normal
2026-01-06 00:20:00,payment-service,38.15,58.34,48.28,536.35,489.92,170.15,0.22,47.5,0,normal
2026-01-06 00:20:00,notification-service,23.27,46.58,54.35,217.08,264.68,98.78,0.15,23.07,0,normal
2026-01-06 00:20:00,database,45.99,63.85,47.83,940.58,813.7,86.7,0.27,72.05,0,normal
2026-01-06 00:25:00,api-gateway,41.52,60.55,55.3,743.25,683.35,137.09,0.27,24.66,0,normal
2026-01-06 00:25:00,user-service,32.14,48.01,51.18,471.33,410.83,128.56,0.22,32.99,0,normal
2026-01-06 00:25:00,payment-service,42.12,61.97,48.8,541.79,465.19,168.9,0.14,46.54,0,normal
2026-01-06 00:25:00,notification-service,23.73,44.72,68.14,222.69,236.82,92.69,0.25,23.2,0,normal
2026-01-06 00:25:00,database,47.47,65.65,43.39,583.74,698.59,96.9,0.15,66.29,0,normal
2026-01-06 00:30:00,api-gateway,38.35,57.52,47.27,574.59,600.48,133.28,0.17,23.91,0,normal
2026-01-06 00:30:00,user-service,35.74,49.7,31.37,409.53,364.69,107.85,0.17,29.35,0,normal
2026-01-06 00:30:00,payment-service,41.22,61.97,29.35,572.64,516.38,155.53,0.22,48.64,0,normal
2026-01-06 00:30:00,notification-service,20.54,43.68,51.35,241.33,282.48,101.02,0.24,25.58,0,normal
2026-01-06 00:30:00,database,56.5,63.83,48.88,776.0,796.36,104.81,0.08,69.42,0,normal
2026-01-06 00:35:00,api-gateway,40.92,53.69,59.39,643.66,573.07,114.98,0.2,24.47,0,normal
2026-01-06 00:35:00,user-service,32.43,51.59,44.18,335.87,337.17,114.49,0.14,34.52,0,normal
2026-01-06 00:35:00,payment-service,49.32,51.75,45.68,524.68,559.94,169.78,0.17,46.65,0,normal
2026-01-06 00:35:00,notification-service,24.19,51.38,45.77,267.48,250.97,96.67,0.21,21.06,0,normal
2026-01-06 00:35:00,database,45.53,68.09,46.26,867.46,771.16,92.95,0.18,68.25,0,normal
2026-01-06 00:40:00,api-gateway,39.43,50.98,41.52,602.51,655.61,146.98,0.24,25.75,0,normal
2026-01-06 00:40:00,user-service,33.4,44.35,54.03,301.52,327.97,119.03,0.29,27.88,0,normal
2026-01-06 00:40:00,payment-service,33.03,60.57,49.15,498.95,458.3,154.34,0.22,51.05,0,normal
2026-01-06 00:40:00,notification-service,29.73,44.01,42.15,246.42,284.03,104.23,0.21,18.31,0,normal
2026-01-06 00:40:00,database,51.2,66.4,50.39,591.93,703.24,94.36,0.2,73.15,0,normal
2026-01-06 00:45:00,api-gateway,40.61,55.9,43.47,603.87,626.16,141.38,0.33,25.86,0,normal
2026-01-06 00:45:00,user-service,28.79,49.77,51.55,328.08,372.38,121.3,0.2,29.37,0,normal
2026-01-06 00:45:00,payment-service,51.07,62.19,60.94,413.32,418.46,154.33,0.16,51.95,0,normal
2026-01-06 00:45:00,notification-service,17.97,40.65,50.47,311.53,293.6,101.64,0.15,19.02,0,normal
2026-01-06 00:45:00,database,49.26,67.16,43.78,789.74,744.07,92.66,0.16,68.15,0,normal
2026-01-06 00:50:00,api-gateway,37.29,52.49,47.21,690.17,645.7,125.8,0.16,30.07,0,normal
2026-01-06 00:50:00,user-service,22.85,53.65,55.68,403.2,338.28,99.99,0.08,34.25,0,normal
2026-01-06 00:50:00,payment-service,43.95,62.51,60.89,537.92,505.43,156.81,0.22,49.49,0,normal
2026-01-06 00:50:00,notification-service,26.07,42.16,38.54,258.6,303.13,102.64,0.17,22.28,0,normal
2026-01-06 00:50:00,database,51.95,66.11,32.33,600.8,710.88,101.87,0.21,67.15,0,normal
2026-01-06 00:55:00,api-gateway,38.38,50.21,42.85,677.81,676.17,142.49,0.19,27.61,0,normal
2026-01-06 00:55:00,user-service,26.2,41.2,40.25,361.89,358.49,125.23,0.25,28.3,0,normal
2026-01-06 00:55:00,payment-service,38.48,57.8,49.09,533.95,473.75,157.44,0.12,44.55,0,normal
2026-01-06 00:55:00,notification-service,22.08,43.83,60.61,369.86,325.9,92.73,0.24,18.31,0,normal
2026-01-06 00:55:00,database,52.81,65.24,51.55,618.22,671.73,111.44,0.26,68.34,0,normal
2026-01-06 01:00:00,api-gateway,36.64,57.69,68.36,525.13,638.16,141.97,0.29,28.83,0,normal
2026-01-06 01:00:00,user-service,27.21,51.5,55.84,323.21,351.35,96.47,0.17,23.15,0,normal
2026-01-06 01:00:00,payment-service,51.03,62.69,39.84,478.4,457.08,148.18,0.21,42.19,0,normal
2026-01-06 01:00:00,notification-service,20.2,50.1,58.3,233.99,274.96,113.05,0.29,20.59,0,normal
2026-01-06 01:00:00,database,56.01,66.87,24.75,755.35,677.25,91.61,0.15,62.29,0,normal
2026-01-06 01:05:00,api-gateway,41.96,57.18,53.75,732.66,642.25,121.93,0.17,21.91,0,normal
2026-01-06 01:05:00,user-service,29.56,48.42,46.04,303.8,379.54,127.49,0.13,28.97,0,normal
2026-01-06 01:05:00,payment-service,51.73,54.78,42.04,551.11,482.0,154.53,0.13,44.24,0,normal
2026-01-06 01:05:00,notification-service,25.84,44.41,55.12,311.24,301.15,116.04,0.2,23.79,0,normal
2026-01-06 01:05:00,database,52.83,64.72,45.47,742.54,727.21,95.32,0.17,71.48,0,normal
2026-01-06 01:10:00,api-gateway,35.4,54.11,56.75,651.47,583.22,135.09,0.22,25.81,0,normal
2026-01-06 01:10:00,user-service,27.56,52.52,55.85,410.62,363.57,113.51,0.17,34.42,0,normal
2026-01-06 01:10:00,payment-service,43.15,58.18,70.74,552.21,482.42,172.72,0.3,41.37,0,normal
2026-01-06 01:10:00,notification-service,28.71,47.55,62.83,255.23,281.0,99.82,0.29,18.52,0,normal
2026-01-06 01:10:00,database,47.45,64.02,63.09,559.03,686.5,82.46,0.13,65.63,0,normal
2026-01-06 01:15:00,api-gateway,36.09,63.03,67.24,581.57,636.0,130.57,0.2,27.18,0,normal
2026-01-06 01:15:00,user-service,27.65,52.62,53.63,330.6,304.33,127.45,0.15,26.39,0,normal
2026-01-06 01:15:00,payment-service,41.27,60.57,57.68,594.03,516.39,163.69,0.2,45.38,0,normal
2026-01-06 01:15:00,notification-service,22.02,45.47,41.12,256.41,285.49,87.98,0.15,25.24,0,normal
2026-01-06 01:15:00,database,45.67,63.3,32.71,531.1,583.67,80.29,0.21,66.35,0,normal
2026-01-06 01:20:00,api-gateway,39.16,57.49,46.74,547.87,620.13,133.86,0.25,25.89,0,normal
2026-01-06 01:20:00,user-service,30.24,54.84,61.08,351.17,337.39,113.14,0.16,35.33,0,normal
2026-01-06 01:20:00,payment-service,46.76,58.06,41.49,511.56,534.87,173.93,0.18,43.84,0,normal
2026-01-06 01:20:00,notification-service,21.7,48.26,32.0,324.51,298.4,114.48,0.15,18.5,0,normal
2026-01-06 01:20:00,database,53.59,64.15,57.35,751.46,658.36,98.29,0.23,63.96,0,normal
2026-01-06 01:25:00,api-gateway,41.64,54.03,54.47,618.42,579.77,150.43,0.31,24.3,0,normal
2026-01-06 01:25:00,user-service,33.64,55.11,45.61,424.34,386.36,120.9,0.23,34.79,0,normal
2026-01-06 01:25:00,payment-service,43.4,61.53,37.23,583.33,519.62,157.59,0.19,50.32,0,normal
2026-01-06 01:25:00,notification-service,19.85,42.29,48.11,262.29,257.92,95.77,0.23,17.25,0,normal
2026-01-06 01:25:00,database,50.9,64.72,55.18,590.87,726.72,110.88,0.17,61.42,0,normal
2026-01-06 01:30:00,api-gateway,31.48,54.05,39.08,586.55,725.02,118.08,0.2,29.0,0,normal
2026-01-06 01:30:00,user-service,24.86,45.84,54.39,370.37,404.34,131.21,0.23,32.72,0,normal
2026-01-06 01:30:00,payment-service,42.33,61.18,49.59,423.47,456.74,172.29,0.18,45.85,0,normal
2026-01-06 01:30:00,notification-service,24.3,44.99,45.75,261.93,239.07,91.87,0.15,18.02,0,normal
2026-01-06 01:30:00,database,41.61,64.27,30.33,742.85,761.9,96.08,0.31,69.09,0,normal
2026-01-06 01:35:00,api-gateway,34.94,56.2,33.36,623.39,595.91,143.57,0.17,28.2,0,normal
2026-01-06 01:35:00,user-service,27.98,52.75,41.11,317.89,342.54,124.99,0.04,32.17,0,normal
2026-01-06 01:35:00,payment-service,45.67,65.09,54.91,429.33,448.07,168.98,0.1,51.09,0,normal
2026-01-06 01:35:00,notification-service,27.82,43.01,44.18,261.09,283.74,104.55,0.26,25.74,0,normal
2026-01-06 01:35:00,database,53.43,63.69,50.2,573.36,713.57,93.73,0.19,68.05,0,normal
2026-01-06 01:40:00,api-gateway,37.52,56.65,64.51,679.95,638.59,127.34,0.19,30.52,0,normal
2026-01-06 01:40:00,user-service,27.21,46.45,38.25,416.37,355.47,105.24,0.16,29.19,0,normal
2026-01-06 01:40:00,payment-service,40.15,61.22,54.56,421.15,421.23,159.34,0.21,45.71,0,normal
2026-01-06 01:40:00,notification-service,32.34,37.92,22.6,243.05,282.32,90.94,0.18,22.94,0,normal
2026-01-06 01:40:00,database,41.29,62.61,64.2,561.07,668.98,80.37,0.13,68.94,0,normal
2026-01-06 01:45:00,api-gateway,41.49,52.46,47.84,674.84,727.19,126.46,0.19,29.99,0,normal
2026-01-06 01:45:00,user-service,29.62,47.82,47.51,410.36,372.79,115.56,0.33,31.32,0,normal
2026-01-06 01:45:00,payment-service,43.54,58.98,58.06,537.83,515.91,165.79,0.2,48.06,0,normal
2026-01-06 01:45:00,notification-service,32.76,43.47,38.81,249.71,227.86,102.26,0.17,19.07,0,normal
2026-01-06 01:45:00,database,50.01,61.38,68.33,531.58,599.88,93.21,0.26,60.7,0,normal
2026-01-06 01:50:00,api-gateway,44.22,55.56,53.18,624.25,673.09,141.0,0.23,30.03,0,normal
2026-01-06 01:50:00,user-service,28.68,53.95,50.96,367.24,334.03,97.71,0.19,33.26,0,normal
2026-01-06 01:50:00,payment-service,41.64,55.9,61.93,423.59,473.31,157.78,0.19,47.84,0,normal
2026-01-06 01:50:00,notification-service,26.32,48.02,58.97,271.92,261.37,99.39,0.19,26.21,0,normal
2026-01-06 01:50:00,database,49.55,67.5,49.88,594.14,722.31,93.69,0.15,64.27,0,normal
2026-01-06 01:55:00,api-gateway,41.57,57.34,56.51,707.72,618.29,143.35,0.19,29.57,0,normal
2026-01-06 01:55:00,user-service,23.71,52.64,45.09,299.26,344.9,112.9,0.14,35.31,0,normal
2026-01-06 01:55:00,payment-service,37.58,62.04,41.11,622.2,523.11,156.03,0.22,48.59,0,normal
2026-01-06 01:55:00,notification-service,20.08,48.63,50.88,333.94,296.56,105.96,0.2,23.45,0,normal
2026-01-06 01:55:00,database,48.63,67.8,60.15,794.53,704.15,92.51,0.25,68.84,0,normal
2026-01-06 02:00:00,api-gateway,39.48,55.99,82.7,637.45,685.5,138.41,0.22,23.97,0,normal
2026-01-06 02:00:00,user-service,33.11,49.37,49.14,326.64,390.23,134.39,0.32,33.3,0,normal
2026-01-06 02:00:00,payment-service,46.93,62.4,53.45,486.87,486.2,175.78,0.26,46.57,0,normal
2026-01-06 02:00:00,notification-service,26.25,48.76,52.39,360.4,307.19,103.09,0.24,21.13,0,normal
2026-01-06 02:00:00,database,51.73,57.24,46.78,706.93,675.26,83.16,0.2,64.91,0,normal
2026-01-06 02:05:00,api-gateway,32.09,52.4,55.08,506.94,616.37,114.67,0.17,25.03,0,normal
2026-01-06 02:05:00,user-service,31.71,48.44,40.07,319.08,319.7,114.47,0.18,29.49,0,normal
2026-01-06 02:05:00,payment-service,53.13,61.06,47.76,431.46,447.51,166.65,0.21,40.29,0,normal
2026-01-06 02:05:00,notification-service,28.58,44.84,50.15,279.89,275.03,101.7,0.31,18.81,0,normal
2026-01-06 02:05:00,database,53.32,67.89,35.54,587.2,699.94,81.92,0.25,62.73,0,normal
2026-01-06 02:10:00,api-gateway,31.55,61.95,54.47,712.64,629.29,141.58,0.22,25.52,0,normal
2026-01-06 02:10:00,user-service,26.98,51.67,55.09,397.0,341.75,114.04,0.18,29.74,0,normal
2026-01-06 02:10:00,payment-service,40.92,57.59,46.21,459.81,474.83,158.92,0.25,46.08,0,normal
2026-01-06 02:10:00,notification-service,24.0,45.02,52.88,278.65,273.35,112.96,0.1,24.52,0,normal
2026-01-06 02:10:00,database,46.83,64.33,51.69,560.9,648.97,93.82,0.23,70.66,0,normal
2026-01-06 02:15:00,api-gateway,34.08,48.67,55.47,574.45,614.88,116.52,0.23,23.86,0,normal
2026-01-06 02:15:00,user-service,26.66,46.71,65.08,339.44,283.95,114.29,0.23,32.35,0,normal
2026-01-06 02:15:00,payment-service,44.75,62.13,22.49,556.67,509.39,195.3,0.12,50.32,0,normal
2026-01-06 02:15:00,notification-service,21.37,44.13,49.99,283.71,265.86,115.26,0.3,14.25,0,normal
2026-01-06 02:15:00,database,51.14,63.87,44.08,645.25,758.84,90.63,0.18,68.47,0,normal
2026-01-06 02:20:00,api-gateway,42.06,59.03,51.19,552.25,574.42,135.59,0.27,18.34,0,normal
2026-01-06 02:20:00,user-service,25.81,49.03,45.16,257.29,283.64,124.66,0.21,30.67,0,normal
2026-01-06 02:20:00,payment-service,47.8,55.09,52.6,589.23,531.56,174.62,0.3,46.16,0,normal
2026-01-06 02:20:00,notification-service,25.26,46.02,46.36,248.59,304.33,88.28,0.17,18.82,0,normal
2026-01-06 02:20:00,database,49.95,65.86,57.82,633.21,740.88,91.21,0.13,71.78,0,normal
2026-01-06 02:25:00,api-gateway,44.12,54.26,56.2,602.05,674.19,148.41,0.25,33.3,0,normal
2026-01-06 02:25:00,user-service,30.29,47.35,50.88,364.12,362.51,120.49,0.32,33.66,0,normal
2026-01-06 02:25:00,payment-service,43.0,60.61,50.33,515.13,549.34,161.39,0.2,44.99,0,normal
2026-01-06 02:25:00,notification-service,15.98,50.4,47.28,265.79,276.85,100.8,0.21,24.28,0,normal
2026-01-06 02:25:00,database,53.91,62.44,66.74,535.48,636.14,88.11,0.25,64.3,0,normal
2026-01-06 02:30:00,api-gateway,37.54,57.77,33.39,593.18,622.64,135.68,0.16,22.05,0,normal
2026-01-06 02:30:00,user-service,33.58,43.21,43.88,304.31,345.52,116.61,0.2,31.83,0,normal
2026-01-06 02:30:00,payment-service,44.48,61.86,52.09,435.82,492.08,163.55,0.21,45.67,0,normal
2026-01-06 02:30:00,notification-service,21.73,46.58,43.3,229.9,281.01,95.65,0.26,21.74,0,normal
2026-01-06 02:30:00,database,43.15,63.57,50.04,683.94,752.77,89.81,0.14,69.54,0,normal
2026-01-06 02:35:00,api-gateway,36.32,56.45,36.8,565.41,633.54,134.92,0.18,25.91,0,normal
2026-01-06 02:35:00,user-service,31.46,45.37,46.42,382.7,344.03,110.8,0.16,31.96,0,normal
2026-01-06 02:35:00,payment-service,42.94,56.98,52.22,491.89,521.12,162.24,0.24,49.92,0,normal
2026-01-06 02:35:00,notification-service,23.06,48.79,50.77,286.37,265.61,95.53,0.24,23.09,0,normal
2026-01-06 02:35:00,database,47.63,64.28,43.42,601.55,702.0,97.07,0.17,63.74,0,normal
2026-01-06 02:40:00,api-gateway,41.0,59.69,61.6,650.93,620.94,134.91,0.13,24.74,0,normal
2026-01-06 02:40:00,user-service,27.46,51.62,40.24,399.38,354.38,100.93,0.18,27.33,0,normal
2026-01-06 02:40:00,payment-service,48.5,61.15,46.18,468.11,499.12,184.0,0.19,47.33,0,normal
2026-01-06 02:40:00,notification-service,28.17,46.18,50.42,369.62,319.85,106.39,0.19,21.44,0,normal
2026-01-06 02:40:00,database,51.07,62.12,59.59,573.94,706.45,96.1,0.18,66.14,0,normal
2026-01-06 02:45:00,api-gateway,43.43,56.49,66.96,623.71,618.1,136.61,0.06,28.48,0,normal
2026-01-06 02:45:00,user-service,28.42,51.71,35.79,345.77,371.68,115.28,0.22,36.28,0,normal
2026-01-06 02:45:00,payment-service,38.94,55.7,46.94,495.79,438.69,164.2,0.24,51.08,0,normal
2026-01-06 02:45:00,notification-service,24.57,41.7,52.76,250.09,280.85,115.97,0.22,19.57,0,normal
2026-01-06 02:45:00,database,52.88,61.94,53.23,820.14,727.49,98.19,0.14,68.32,0,normal
2026-01-06 02:50:00,api-gateway,40.8,56.43,48.52,756.52,653.31,125.69,0.24,24.32,0,normal
2026-01-06 02:50:00,user-service,26.43,53.74,50.73,255.07,301.42,109.49,0.17,24.43,0,normal
2026-01-06 02:50:00,payment-service,47.04,61.96,41.46,508.25,452.94,155.9,0.24,50.68,0,normal
2026-01-06 02:50:00,notification-service,22.69,41.99,53.46,268.32,274.25,94.81,0.14,18.74,0,normal
2026-01-06 02:50:00,database,50.37,60.6,39.0,708.47,745.66,84.49,0.08,67.5,0,normal
2026-01-06 02:55:00,api-gateway,36.11,57.44,50.82,700.07,592.92,128.35,0.22,28.91,0,normal
2026-01-06 02:55:00,user-service,28.56,50.53,49.88,309.3,331.92,116.51,0.23,32.22,0,normal
2026-01-06 02:55:00,payment-service,37.48,56.52,56.4,454.0,496.09,173.44,0.28,46.37,0,normal
2026-01-06 02:55:00,notification-service,21.79,43.95,58.96,318.75,289.04,115.61,0.26,15.25,0,normal
2026-01-06 02:55:00,database,37.31,62.11,53.87,672.22,670.54,98.16,0.21,63.39,0,normal
2026-01-06 03:00:00,api-gateway,34.75,47.46,59.6,650.69,580.13,122.11,0.22,24.45,0,normal
2026-01-06 03:00:00,user-service,34.85,49.53,62.83,311.86,325.9,100.1,0.24,28.26,0,normal
2026-01-06 03:00:00,payment-service,38.69,56.83,60.67,423.26,510.27,162.58,0.25,51.47,0,normal
2026-01-06 03:00:00,notification-service,26.42,44.98,42.54,241.06,271.27,98.88,0.13,20.46,0,normal
2026-01-06 03:00:00,database,50.68,70.0,59.63,782.62,692.74,90.2,0.19,68.69,0,normal
2026-01-06 03:05:00,api-gateway,41.86,53.14,51.56,459.81,573.51,130.88,0.24,28.5,0,normal
2026-01-06 03:05:00,user-service,31.25,52.44,53.69,372.52,318.64,119.3,0.15,39.5,0,normal
2026-01-06 03:05:00,payment-service,45.36,61.73,64.72,493.83,487.52,167.21,0.22,48.33,0,normal
2026-01-06 03:05:00,notification-service,29.16,46.93,50.51,214.13,241.72,94.67,0.24,19.96,0,normal
2026-01-06 03:05:00,database,47.72,64.39,42.01,622.33,697.55,91.31,0.26,68.85,0,normal
2026-01-06 03:10:00,api-gateway,42.08,52.4,48.28,649.08,589.14,153.26,0.24,28.49,0,normal
2026-01-06 03:10:00,user-service,28.78,50.47,38.52,371.84,365.18,124.35,0.09,30.02,0,normal
2026-01-06 03:10:00,payment-service,43.65,63.77,57.2,521.57,455.49,165.46,0.14,38.89,0,normal
2026-01-06 03:10:00,notification-service,26.76,45.21,35.12,312.42,284.08,107.28,0.21,21.41,0,normal
2026-01-06 03:10:00,database,47.29,62.29,50.09,761.15,655.28,70.7,0.23,64.18,0,normal
2026-01-06 03:15:00,api-gateway,32.3,61.22,32.03,710.03,691.15,129.52,0.14,26.73,0,normal
2026-01-06 03:15:00,user-service,33.53,52.29,44.79,294.89,347.15,110.09,0.25,29.24,0,normal
2026-01-06 03:15:00,payment-service,44.9,62.44,38.28,547.97,460.93,165.51,0.19,47.38,0,normal
2026-01-06 03:15:00,notification-service,15.35,44.68,45.03,235.14,283.07,97.76,0.17,19.68,0,normal
2026-01-06 03:15:00,database,51.32,65.37,60.94,573.1,685.14,98.39,0.15,68.14,0,normal
2026-01-06 03:20:00,api-gateway,37.3,51.52,42.06,702.1,641.1,129.22,0.16,32.03,0,normal
2026-01-06 03:20:00,user-service,29.87,52.92,48.37,398.24,336.33,129.75,0.22,32.18,0,normal
2026-01-06 03:20:00,payment-service,45.96,58.82,30.53,643.62,590.09,163.83,0.14,51.6,0,normal
2026-01-06 03:20:00,notification-service,25.08,45.69,48.79,305.77,263.58,120.52,0.09,20.27,0,normal
2026-01-06 03:20:00,database,46.39,65.7,56.08,825.16,740.67,98.82,0.21,66.4,0,normal
2026-01-06 03:25:00,api-gateway,43.2,50.9,43.71,534.24,581.29,130.34,0.22,26.48,0,normal
2026-01-06 03:25:00,user-service,33.73,47.83,56.33,352.69,347.61,113.97,0.19,38.58,0,normal
2026-01-06 03:25:00,payment-service,48.71,55.82,77.25,439.35,510.81,159.71,0.12,46.19,0,normal
2026-01-06 03:25:00,notification-service,30.49,46.08,43.07,394.48,329.62,111.63,0.17,25.05,0,normal
2026-01-06 03:25:00,database,51.19,62.88,32.66,828.95,742.55,78.42,0.18,63.82,0,normal
2026-01-06 03:30:00,api-gateway,41.58,58.48,54.09,627.14,624.48,139.98,0.24,27.8,0,normal
2026-01-06 03:30:00,user-service,35.44,51.19,46.29,303.53,377.13,117.98,0.24,32.15,0,normal
2026-01-06 03:30:00,payment-service,41.67,58.89,50.15,602.33,502.83,141.28,0.23,46.88,0,normal
2026-01-06 03:30:00,notification-service,20.49,43.78,59.04,236.59,270.8,110.08,0.22,22.44,0,normal
2026-01-06 03:30:00,database,51.04,64.1,57.48,612.32,729.04,105.52,0.19,63.92,0,normal
2026-01-06 03:35:00,api-gateway,39.06,54.83,44.11,699.43,668.68,149.82,0.21,26.68,0,normal
2026-01-06 03:35:00,user-service,33.69,48.63,46.53,346.3,351.54,130.75,0.22,32.15,0,normal
2026-01-06 03:35:00,payment-service,35.18,60.27,39.6,569.33,497.56,161.18,0.18,37.63,0,normal
2026-01-06 03:35:00,notification-service,28.65,47.5,53.96,284.03,279.39,112.16,0.18,22.34,0,normal
2026-01-06 03:35:00,database,52.27,74.63,35.73,772.88,764.13,101.53,0.18,71.3,0,normal
2026-01-06 03:40:00,api-gateway,37.17,52.69,48.12,482.88,563.44,116.43,0.26,27.4,0,normal
2026-01-06 03:40:00,user-service,27.47,50.16,33.74,349.47,308.5,118.36,0.17,28.53,0,normal
2026-01-06 03:40:00,payment-service,39.7,61.59,54.1,589.07,515.59,160.89,0.15,43.39,0,normal
2026-01-06 03:40:00,notification-service,18.04,43.3,37.07,233.34,250.39,111.13,0.26,20.75,0,normal
2026-01-06 03:40:00,database,50.4,66.73,58.83,835.56,738.17,96.04,0.2,68.38,0,normal
2026-01-06 03:45:00,api-gateway,37.75,54.32,56.13,716.99,688.18,126.84,0.27,24.0,0,normal
2026-01-06 03:45:00,user-service,34.89,53.47,38.98,322.56,335.53,109.93,0.16,34.17,0,normal
2026-01-06 03:45:00,payment-service,42.74,60.69,64.17,467.41,473.77,180.54,0.17,47.11,0,normal
2026-01-06 03:45:00,notification-service,25.77,44.96,37.45,319.35,272.77,104.44,0.17,22.87,0,normal
2026-01-06 03:45:00,database,46.95,67.24,59.72,706.26,736.95,84.57,0.27,65.72,0,normal
2026-01-06 03:50:00,api-gateway,43.77,57.28,52.51,741.17,701.49,147.15,0.25,33.68,0,normal
2026-01-06 03:50:00,user-service,35.35,43.99,42.78,395.25,371.82,112.57,0.29,29.76,0,normal
2026-01-06 03:50:00,payment-service,44.2,59.13,46.19,483.35,473.01,160.63,0.22,45.29,0,normal
2026-01-06 03:50:00,notification-service,18.11,46.74,69.81,265.42,288.3,80.25,0.19,22.07,0,normal
2026-01-06 03:50:00,database,54.3,65.73,38.66,744.71,717.71,103.61,0.24,69.97,0,normal
2026-01-06 03:55:00,api-gateway,33.0,53.9,65.79,601.7,652.99,130.16,0.27,28.37,0,normal
2026-01-06 03:55:00,user-service,28.28,50.62,51.48,264.01,325.48,111.19,0.2,28.43,0,normal
2026-01-06 03:55:00,payment-service,43.36,64.77,36.09,594.52,520.5,187.96,0.23,49.45,0,normal
2026-01-06 03:55:00,notification-service,18.08,44.05,41.83,346.14,302.46,119.74,0.06,19.98,0,normal
2026-01-06 03:55:00,database,42.33,64.63,35.65,723.39,721.87,80.1,0.16,63.76,0,normal
2026-01-06 04:00:00,api-gateway,38.59,51.68,51.51,689.72,691.46,125.63,0.2,25.78,0,normal
2026-01-06 04:00:00,user-service,28.6,47.83,45.23,338.12,345.15,99.39,0.14,30.17,0,normal
2026-01-06 04:00:00,payment-service,38.17,64.53,57.92,484.22,549.96,145.66,0.23,53.87,0,normal
2026-01-06 04:00:00,notification-service,14.35,43.15,55.91,223.31,252.69,104.54,0.15,22.48,0,normal
2026-01-06 04:00:00,database,48.04,63.07,48.74,729.88,808.08,94.62,0.24,71.3,0,normal
2026-01-06 04:05:00,api-gateway,39.78,56.16,49.05,549.17,657.52,135.86,0.1,25.26,0,normal
2026-01-06 04:05:00,user-service,28.36,50.82,42.22,329.76,396.49,137.37,0.12,28.19,0,normal
2026-01-06 04:05:00,payment-service,48.33,56.28,36.28,465.32,478.34,172.46,0.28,45.05,0,normal
2026-01-06 04:05:00,notification-service,23.94,42.0,42.19,263.01,246.68,102.69,0.09,18.23,0,normal
2026-01-06 04:05:00,database,35.66,67.28,56.0,814.47,779.81,83.36,0.19,71.14,0,normal
2026-01-06 04:10:00,api-gateway,45.08,56.19,54.2,742.82,730.99,142.43,0.21,27.44,0,normal
2026-01-06 04:10:00,user-service,28.09,50.46,53.54,307.48,327.28,107.3,0.18,39.84,0,normal
2026-01-06 04:10:00,payment-service,39.32,61.04,62.2,549.73,484.35,171.58,0.21,45.74,0,normal
2026-01-06 04:10:00,notification-service,24.06,45.91,42.36,236.77,276.54,96.81,0.22,23.9,0,normal
2026-01-06 04:10:00,database,51.4,68.07,47.46,585.79,696.42,83.42,0.23,64.45,0,normal
2026-01-06 04:15:00,api-gateway,46.41,55.95,21.2,723.46,633.63,132.83,0.19,29.53,0,normal
2026-01-06 04:15:00,user-service,31.9,56.59,58.0,251.99,307.98,119.5,0.22,30.34,0,normal
2026-01-06 04:15:00,payment-service,41.78,56.7,42.5,557.83,493.96,173.15,0.17,48.47,0,normal
2026-01-06 04:15:00,notification-service,21.33,42.77,39.06,290.42,270.95,108.74,0.26,21.66,0,normal
2026-01-06 04:15:00,database,50.4,67.09,50.33,680.97,692.14,105.38,0.26,63.73,0,normal
2026-01-06 04:20:00,api-gateway,38.06,56.48,37.0,679.21,613.87,116.62,0.17,20.76,0,normal
2026-01-06 04:20:00,user-service,32.18,53.35,32.99,280.25,293.61,122.13,0.21,32.89,0,normal
2026-01-06 04:20:00,payment-service,51.93,62.21,54.76,385.09,466.01,172.82,0.23,48.77,0,normal
2026-01-06 04:20:00,notification-service,23.29,45.14,36.69,329.46,291.38,104.95,0.19,22.77,0,normal
2026-01-06 04:20:00,database,43.73,63.64,49.42,631.66,707.57,81.86,0.2,63.6,0,normal
2026-01-06 04:25:00,api-gateway,41.01,55.9,48.02,546.42,665.44,133.4,0.23,29.89,0,normal
2026-01-06 04:25:00,user-service,31.21,51.84,48.82,266.19,332.24,112.82,0.33,33.87,0,normal
2026-01-06 04:25:00,payment-service,45.35,62.61,52.92,429.85,481.84,160.69,0.18,44.3,0,normal
2026-01-06 04:25:00,notification-service,24.54,45.51,38.84,292.56,256.98,102.44,0.22,26.94,0,normal
2026-01-06 04:25:00,database,46.95,66.39,54.27,594.41,731.62,102.29,0.32,63.67,0,normal
2026-01-06 04:30:00,api-gateway,36.95,53.8,67.83,617.35,640.54,144.17,0.16,25.59,0,normal
2026-01-06 04:30:00,user-service,28.14,52.61,48.16,367.13,319.87,107.14,0.27,29.25,0,normal
2026-01-06 04:30:00,payment-service,45.89,60.61,60.01,470.37,477.81,176.59,0.19,43.59,0,normal
2026-01-06 04:30:00,notification-service,30.32,44.0,44.72,236.42,290.83,119.51,0.16,22.27,0,normal
2026-01-06 04:30:00,database,51.32,68.21,48.49,798.58,704.13,103.52,0.17,69.77,0,normal
2026-01-06 04:35:00,api-gateway,40.87,59.25,32.42,781.29,653.33,122.91,0.17,21.83,0,normal
2026-01-06 04:35:00,user-service,24.32,48.91,37.6,389.3,385.47,95.73,0.19,33.1,0,normal
2026-01-06 04:35:00,payment-service,43.79,62.3,50.95,463.89,535.82,166.98,0.17,49.3,0,normal
2026-01-06 04:35:00,notification-service,25.99,44.15,38.29,213.97,254.45,88.07,0.25,23.1,0,normal
2026-01-06 04:35:00,database,48.08,67.37,56.18,695.6,699.92,89.82,0.16,72.6,0,normal
2026-01-06 04:40:00,api-gateway,36.38,57.66,46.44,528.99,568.88,156.05,0.19,34.14,0,normal
2026-01-06 04:40:00,user-service,30.71,49.33,47.7,384.5,325.39,104.88,0.26,30.11,0,normal
2026-01-06 04:40:00,payment-service,39.9,55.59,37.72,514.58,460.86,166.79,0.14,45.86,0,normal
2026-01-06 04:40:00,notification-service,28.8,42.81,65.29,211.43,255.13,103.97,0.19,17.39,0,normal
2026-01-06 04:40:00,database,55.91,59.8,45.91,772.22,697.83,105.11,0.24,61.75,0,normal
2026-01-06 04:45:00,api-gateway,41.14,58.2,30.59,717.98,712.16,137.74,0.21,27.82,0,normal
2026-01-06 04:45:00,user-service,28.24,46.43,55.33,370.83,324.92,106.9,0.24,32.35,0,normal
2026-01-06 04:45:00,payment-service,44.66,59.97,58.03,501.54,429.77,163.48,0.18,47.19,0,normal
2026-01-06 04:45:00,notification-service,34.34,48.62,50.71,274.46,285.44,107.92,0.2,24.32,0,normal
2026-01-06 04:45:00,database,49.62,63.43,63.12,602.68,747.52,103.62,0.18,63.86,0,normal
2026-01-06 04:50:00,api-gateway,43.38,58.11,36.62,713.93,636.61,119.8,0.22,24.44,0,normal
2026-01-06 04:50:00,user-service,28.38,49.84,49.28,327.62,372.97,102.61,0.2,36.34,0,normal
2026-01-06 04:50:00,payment-service,41.43,59.91,35.42,595.31,515.35,179.77,0.21,49.83,0,normal
2026-01-06 04:50:00,notification-service,25.41,49.68,43.24,280.5,252.53,90.72,0.22,19.09,0,normal
2026-01-06 04:50:00,database,51.75,63.91,43.56,633.01,695.06,86.0,0.27,70.73,0,normal
2026-01-06 04:55:00,api-gateway,36.28,57.27,41.85,530.83,605.98,140.73,0.18,27.92,0,normal
2026-01-06 04:55:00,user-service,21.81,50.22,50.21,356.32,359.41,125.99,0.2,34.78,0,normal
2026-01-06 04:55:00,payment-service,46.09,61.6,53.84,622.15,542.21,174.79,0.25,44.18,0,normal
2026-01-06 04:55:00,notification-service,22.58,39.99,51.91,236.44,291.67,123.97,0.16,27.1,0,normal
2026-01-06 04:55:00,database,43.24,66.23,29.3,638.75,688.96,96.9,0.22,73.06,0,normal
2026-01-06 05:00:00,api-gateway,45.46,55.99,51.31,521.37,605.35,125.58,0.2,31.08,0,normal
2026-01-06 05:00:00,user-service,22.9,47.86,46.83,356.6,372.18,111.58,0.19,33.15,0,normal
2026-01-06 05:00:00,payment-service,43.29,60.94,54.93,434.58,500.77,147.29,0.15,45.58,0,normal
2026-01-06 05:00:00,notification-service,24.16,49.4,55.1,296.56,267.96,100.36,0.19,26.43,0,normal
2026-01-06 05:00:00,database,47.14,70.61,57.36,621.99,697.9,82.07,0.13,73.19,0,normal
2026-01-06 05:05:00,api-gateway,39.36,57.7,42.13,711.37,602.02,138.99,0.16,27.93,0,normal
2026-01-06 05:05:00,user-service,30.89,52.59,54.67,295.8,324.86,111.91,0.29,27.53,0,normal
2026-01-06 05:05:00,payment-service,51.99,63.94,67.35,446.86,464.76,147.46,0.23,47.68,0,normal
2026-01-06 05:05:00,notification-service,22.43,48.49,52.47,240.36,277.05,97.95,0.2,24.21,0,normal
2026-01-06 05:05:00,database,46.78,63.64,52.19,780.19,781.46,112.71,0.18,66.5,0,normal
2026-01-06 05:10:00,api-gateway,35.67,54.31,55.44,473.82,506.47,112.26,0.22,33.11,0,normal
2026-01-06 05:10:00,user-service,29.39,50.38,60.98,371.09,346.25,110.4,0.2,22.19,0,normal
2026-01-06 05:10:00,payment-service,44.51,60.9,59.5,409.66,472.3,151.57,0.31,48.21,0,normal
2026-01-06 05:10:00,notification-service,27.02,50.78,47.66,260.08,293.28,101.73,0.25,21.09,0,normal
2026-01-06 05:10:00,database,45.67,64.86,49.87,868.46,729.02,98.73,0.16,63.49,0,normal
2026-01-06 05:15:00,api-gateway,40.88,58.98,45.61,610.24,589.09,156.97,0.14,25.73,0,normal
2026-01-06 05:15:00,user-service,29.17,53.62,61.69,352.24,366.96,121.28,0.18,32.93,0,normal
2026-01-06 05:15:00,payment-service,51.43,57.39,45.73,440.83,476.28,155.69,0.24,45.73,0,normal
2026-01-06 05:15:00,notification-service,24.65,43.2,48.89,335.13,292.67,100.73,0.16,21.92,0,normal
2026-01-06 05:15:00,database,50.67,69.26,36.09,591.35,652.66,83.95,0.06,67.3,0,normal
2026-01-06 05:20:00,api-gateway,41.45,52.11,44.33,515.02,607.33,161.63,0.2,25.31,0,normal
2026-01-06 05:20:00,user-service,34.87,43.85,59.92,432.28,369.45,107.47,0.19,31.29,0,normal
2026-01-06 05:20:00,payment-service,43.6,59.59,49.52,604.6,529.36,168.83,0.26,51.74,0,normal
2026-01-06 05:20:00,notification-service,24.19,45.44,44.89,302.26,272.53,107.79,0.12,17.38,0,normal
2026-01-06 05:20:00,database,51.19,66.4,50.63,639.31,761.54,92.56,0.13,69.27,0,normal
2026-01-06 05:25:00,api-gateway,42.47,53.79,31.35,533.23,599.41,135.83,0.26,27.77,0,normal
2026-01-06 05:25:00,user-service,34.29,51.28,52.27,307.9,321.73,98.82,0.17,32.44,0,normal
2026-01-06 05:25:00,payment-service,37.79,61.22,28.76,389.43,443.51,154.63,0.16,45.06,0,normal
2026-01-06 05:25:00,notification-service,16.67,46.88,58.86,250.87,253.94,90.31,0.27,25.72,0,normal
2026-01-06 05:25:00,database,40.79,66.0,63.4,538.11,643.21,84.72,0.17,64.1,0,normal
2026-01-06 05:30:00,api-gateway,37.12,59.97,60.19,722.68,626.09,127.08,0.22,31.36,0,normal
2026-01-06 05:30:00,user-service,29.73,48.87,34.14,280.08,312.63,121.56,0.17,33.25,0,normal
2026-01-06 05:30:00,payment-service,43.27,59.21,49.34,501.12,530.85,179.21,0.19,41.72,0,normal
2026-01-06 05:30:00,notification-service,22.8,48.59,56.38,300.27,264.07,89.84,0.19,21.22,0,normal
2026-01-06 05:30:00,database,48.15,68.58,38.65,618.52,683.62,109.8,0.18,61.64,0,normal
2026-01-06 05:35:00,api-gateway,34.33,54.88,57.34,569.08,619.94,135.66,0.21,20.84,0,normal
2026-01-06 05:35:00,user-service,24.07,49.05,49.11,319.12,316.5,109.81,0.19,26.07,0,normal
2026-01-06 05:35:00,payment-service,40.6,57.64,33.93,536.9,485.52,178.96,0.19,49.82,0,normal
2026-01-06 05:35:00,notification-service,24.79,49.07,35.83,251.9,271.01,95.05,0.17,20.32,0,normal
2026-01-06 05:35:00,database,55.6,65.45,45.7,755.6,742.64,104.64,0.21,67.41,0,normal
2026-01-06 05:40:00,api-gateway,42.86,58.94,55.4,582.88,604.79,132.71,0.25,25.49,0,normal
2026-01-06 05:40:00,user-service,22.91,47.22,46.75,306.23,373.85,129.22,0.18,35.01,0,normal
2026-01-06 05:40:00,payment-service,42.28,64.13,50.53,482.05,503.6,156.18,0.22,48.51,0,normal
2026-01-06 05:40:00,notification-service,22.46,51.42,37.78,307.75,305.32,90.44,0.21,18.94,0,normal
2026-01-06 05:40:00,database,49.9,65.61,59.02,612.17,652.59,96.51,0.26,62.41,0,normal
2026-01-06 05:45:00,api-gateway,41.46,61.57,54.3,677.51,608.4,124.99,0.19,23.16,0,normal
2026-01-06 05:45:00,user-service,32.15,55.59,57.77,324.82,380.11,97.48,0.15,31.14,0,normal
2026-01-06 05:45:00,payment-service,45.72,59.05,61.6,557.08,545.06,170.08,0.17,42.85,0,normal
2026-01-06 05:45:00,notification-service,22.8,53.01,24.98,264.84,311.32,97.06,0.24,24.21,0,normal
2026-01-06 05:45:00,database,46.63,62.5,53.62,939.73,788.87,107.26,0.22,69.05,0,normal
2026-01-06 05:50:00,api-gateway,36.62,54.8,52.29,501.28,623.95,142.48,0.2,29.4,0,normal
2026-01-06 05:50:00,user-service,28.82,47.53,31.11,331.64,346.82,111.55,0.19,30.94,0,normal
2026-01-06 05:50:00,payment-service,48.89,61.34,69.09,586.86,517.49,151.83,0.14,46.93,0,normal
2026-01-06 05:50:00,notification-service,23.1,44.73,44.92,232.73,272.25,87.1,0.2,21.54,0,normal
2026-01-06 05:50:00,database,38.53,62.95,52.96,755.47,725.36,88.37,0.18,67.42,0,normal
2026-01-06 05:55:00,api-gateway,39.98,63.83,59.4,567.2,619.45,129.77,0.16,27.75,0,normal
2026-01-06 05:55:00,user-service,29.66,50.7,55.33,269.55,288.23,102.01,0.13,29.93,0,normal
2026-01-06 05:55:00,payment-service,42.68,62.21,59.73,438.31,475.98,166.6,0.3,43.03,0,normal
2026-01-06 05:55:00,notification-service,20.96,45.63,61.84,241.59,257.83,107.79,0.23,19.26,0,normal
2026-01-06 05:55:00,database,50.94,62.47,42.29,773.21,736.42,107.62,0.17,73.05,0,normal
2026-01-06 06:00:00,api-gateway,47.46,56.99,43.53,796.89,675.85,140.68,0.18,25.26,0,normal
2026-01-06 06:00:00,user-service,26.68,46.59,51.13,384.64,327.89,110.4,0.13,29.46,0,normal
2026-01-06 06:00:00,payment-service,44.85,60.68,52.8,608.52,523.22,176.51,0.23,50.29,0,normal
2026-01-06 06:00:00,notification-service,27.63,43.44,82.9,270.21,279.8,99.59,0.21,23.36,0,normal
2026-01-06 06:00:00,database,50.27,70.85,44.23,620.07,608.3,95.48,0.15,64.77,0,normal
2026-01-06 06:05:00,api-gateway,41.57,49.31,54.76,597.72,628.34,126.69,0.09,29.43,0,normal
2026-01-06 06:05:00,user-service,25.66,48.51,52.2,410.74,345.22,105.34,0.11,29.63,0,normal
2026-01-06 06:05:00,payment-service,49.15,61.15,67.78,528.35,514.51,169.86,0.16,49.51,0,normal
2026-01-06 06:05:00,notification-service,19.16,49.22,52.1,344.83,289.34,105.13,0.21,23.06,0,normal
2026-01-06 06:05:00,database,51.12,61.57,49.12,837.8,782.37,79.57,0.12,71.13,0,normal
2026-01-06 06:10:00,api-gateway,38.75,55.01,48.1,618.9,613.71,140.08,0.23,24.05,0,normal
2026-01-06 06:10:00,user-service,29.97,49.54,51.97,475.23,415.05,111.4,0.19,32.0,0,normal
2026-01-06 06:10:00,payment-service,49.3,62.52,53.23,546.85,469.92,155.44,0.23,42.26,0,normal
2026-01-06 06:10:00,notification-service,19.81,44.47,67.89,288.2,291.42,106.29,0.27,24.44,0,normal
2026-01-06 06:10:00,database,43.29,66.31,57.02,648.49,732.91,96.95,0.19,66.98,0,normal
2026-01-06 06:15:00,api-gateway,37.09,51.59,54.11,643.26,661.78,135.72,0.24,26.77,0,normal
2026-01-06 06:15:00,user-service,29.53,55.6,37.69,419.65,361.04,117.73,0.24,31.81,0,normal
2026-01-06 06:15:00,payment-service,39.7,61.49,46.64,493.76,482.32,144.79,0.18,48.87,0,normal
2026-01-06 06:15:00,notification-service,25.25,45.86,57.48,305.49,308.18,103.68,0.2,18.37,0,normal
2026-01-06 06:15:00,database,48.45,67.48,36.81,706.04,692.34,106.58,0.22,70.46,0,normal
2026-01-06 06:20:00,api-gateway,30.6,49.66,45.94,751.78,633.2,125.2,0.31,30.88,0,normal
2026-01-06 06:20:00,user-service,29.93,43.99,63.77,300.61,351.33,123.19,0.16,31.45,0,normal
2026-01-06 06:20:00,payment-service,40.56,56.19,38.5,408.33,442.92,152.49,0.23,42.86,0,normal
2026-01-06 06:20:00,notification-service,28.21,41.72,41.75,262.44,278.95,109.39,0.12,21.08,0,normal
2026-01-06 06:20:00,database,43.25,63.7,47.56,623.71,664.08,86.2,0.26,64.3,0,normal
2026-01-06 06:25:00,api-gateway,33.82,57.26,74.73,599.41,621.81,139.58,0.28,26.61,0,normal
2026-01-06 06:25:00,user-service,29.15,46.27,46.83,329.99,357.78,122.03,0.18,37.2,0,normal
2026-01-06 06:25:00,payment-service,43.74,63.05,54.32,526.32,490.8,167.46,0.09,49.3,0,normal
2026-01-06 06:25:00,notification-service,29.51,49.48,51.21,285.07,314.89,99.49,0.18,23.51,0,normal
2026-01-06 06:25:00,database,44.76,65.16,55.61,679.9,787.59,89.67,0.15,62.89,0,normal
2026-01-06 06:30:00,api-gateway,42.84,56.7,70.55,730.39,701.98,137.93,0.2,28.45,0,normal
2026-01-06 06:30:00,user-service,29.15,46.49,54.85,379.06,318.32,126.18,0.23,24.32,0,normal
2026-01-06 06:30:00,payment-service,46.98,56.81,52.03,432.15,420.7,149.18,0.12,43.08,0,normal
2026-01-06 06:30:00,notification-service,20.69,44.77,66.92,284.93,267.04,104.34,0.18,19.01,0,normal
2026-01-06 06:30:00,database,50.96,67.99,27.39,681.96,752.37,103.49,0.34,65.21,0,normal
2026-01-06 06:35:00,api-gateway,39.21,54.57,55.29,532.33,591.11,124.6,0.22,27.08,0,normal
2026-01-06 06:35:00,user-service,34.6,49.09,50.37,376.67,346.77,118.55,0.25,33.85,0,normal
2026-01-06 06:35:00,payment-service,44.45,56.36,57.33,397.9,479.97,174.58,0.31,43.6,0,normal
2026-01-06 06:35:00,notification-service,19.58,44.98,54.32,267.68,283.18,90.74,0.23,24.97,0,normal
2026-01-06 06:35:00,database,45.57,66.3,48.11,790.66,668.15,105.87,0.26,66.85,0,normal
2026-01-06 06:40:00,api-gateway,35.32,53.43,71.84,651.16,651.26,130.68,0.21,24.73,0,normal
2026-01-06 06:40:00,user-service,32.84,51.88,32.07,320.92,336.01,115.13,0.2,34.87,0,normal
2026-01-06 06:40:00,payment-service,37.86,60.19,44.11,582.34,495.7,161.23,0.19,46.62,0,normal
2026-01-06 06:40:00,notification-service,23.38,43.14,67.45,261.77,281.51,93.85,0.14,12.83,0,normal
2026-01-06 06:40:00,database,55.05,62.16,65.35,845.45,730.12,94.17,0.16,67.36,0,normal
2026-01-06 06:45:00,api-gateway,37.74,55.83,53.14,640.22,682.38,141.47,0.22,30.74,0,normal
2026-01-06 06:45:00,user-service,22.36,47.02,56.27,331.83,359.23,101.08,0.16,35.28,0,normal
2026-01-06 06:45:00,payment-service,42.42,62.64,40.35,491.2,566.02,162.97,0.26,46.25,0,normal
2026-01-06 06:45:00,notification-service,23.1,46.41,46.14,313.45,269.58,110.75,0.11,15.95,0,normal
2026-01-06 06:45:00,database,50.57,63.4,61.74,696.49,644.26,91.82,0.19,65.67,0,normal
2026-01-06 06:50:00,api-gateway,36.33,56.46,62.7,570.09,643.89,139.4,0.19,29.82,0,normal
2026-01-06 06:50:00,user-service,31.69,47.7,35.85,322.94,357.49,127.88,0.17,35.54,0,normal
2026-01-06 06:50:00,payment-service,40.61,64.4,36.8,457.14,507.14,170.58,0.23,43.7,0,normal
2026-01-06 06:50:00,notification-service,27.94,38.7,40.46,286.03,280.07,105.53,0.22,21.54,0,normal
2026-01-06 06:50:00,database,52.39,67.29,52.57,769.04,677.19,88.78,0.16,68.93,0,normal
2026-01-06 06:55:00,api-gateway,38.82,59.46,41.58,508.3,620.49,127.92,0.24,26.73,0,normal
2026-01-06 06:55:00,user-service,25.78,49.23,56.13,283.21,321.82,113.42,0.26,27.71,0,normal
2026-01-06 06:55:00,payment-service,43.59,57.76,40.84,436.92,487.02,161.75,0.29,46.34,0,normal
2026-01-06 06:55:00,notification-service,27.54,44.96,61.83,260.17,273.52,111.19,0.22,23.99,0,normal
2026-01-06 06:55:00,database,53.77,63.34,43.44,829.64,705.02,102.15,0.21,64.17,0,normal
2026-01-06 07:00:00,api-gateway,40.25,60.3,68.03,727.85,796.9,140.97,0.2,20.76,0,normal
2026-01-06 07:00:00,user-service,28.28,50.11,31.39,545.29,506.84,99.66,0.26,33.52,0,normal
2026-01-06 07:00:00,payment-service,44.71,60.57,51.79,759.2,749.03,161.32,0.22,48.0,0,normal
2026-01-06 07:00:00,notification-service,30.59,44.6,28.64,398.95,405.72,99.73,0.3,27.69,0,normal
2026-01-06 07:00:00,database,53.56,67.39,38.98,1064.78,1010.24,91.5,0.26,70.43,0,normal
2026-01-06 07:05:00,api-gateway,47.97,53.56,57.98,917.97,877.86,119.08,0.23,32.8,0,normal
2026-01-06 07:05:00,user-service,27.49,46.85,47.28,390.13,472.74,123.64,0.17,35.7,0,normal
2026-01-06 07:05:00,payment-service,57.93,56.14,57.18,767.19,670.8,172.55,0.2,56.47,0,normal
2026-01-06 07:05:00,notification-service,23.09,45.78,41.01,370.86,403.22,97.25,0.21,23.87,0,normal
2026-01-06 07:05:00,database,52.14,66.52,42.34,1067.54,1023.94,124.79,0.17,72.83,0,normal
2026-01-06 07:10:00,api-gateway,43.01,55.62,65.05,1012.61,992.19,136.71,0.28,30.17,0,normal
2026-01-06 07:10:00,user-service,40.36,49.88,52.64,540.41,458.74,123.59,0.22,31.34,0,normal
2026-01-06 07:10:00,payment-service,51.34,65.25,48.01,599.93,601.39,167.48,0.15,45.47,0,normal
2026-01-06 07:10:00,notification-service,34.27,45.53,69.74,376.83,413.5,108.98,0.13,24.44,0,normal
2026-01-06 07:10:00,database,54.65,65.16,36.5,965.95,1022.27,97.7,0.19,70.14,0,normal
2026-01-06 07:15:00,api-gateway,47.21,56.37,40.77,795.84,832.88,148.16,0.28,28.74,0,normal
2026-01-06 07:15:00,user-service,34.89,49.51,45.52,471.01,505.68,127.88,0.04,35.82,0,normal
2026-01-06 07:15:00,payment-service,50.37,59.52,57.64,633.6,711.27,187.63,0.18,48.7,0,normal
2026-01-06 07:15:00,notification-service,32.64,40.74,77.34,484.85,417.01,124.84,0.22,22.84,0,normal
2026-01-06 07:15:00,database,59.81,66.6,39.26,1042.84,979.08,90.49,0.16,70.04,0,normal
2026-01-06 07:20:00,api-gateway,42.09,54.29,45.47,819.96,903.74,131.21,0.09,25.76,0,normal
2026-01-06 07:20:00,user-service,37.04,50.49,60.11,474.43,505.7,129.14,0.2,35.96,0,normal
2026-01-06 07:20:00,payment-service,52.18,64.16,50.22,656.38,697.12,167.33,0.21,48.92,0,normal
2026-01-06 07:20:00,notification-service,32.81,47.75,29.71,400.11,408.65,108.41,0.22,27.17,0,normal
2026-01-06 07:20:00,database,59.14,64.35,42.14,918.74,1064.26,111.05,0.13,73.34,0,normal
2026-01-06 07:25:00,api-gateway,41.45,52.51,50.31,1106.9,924.19,142.55,0.18,35.19,0,normal
2026-01-06 07:25:00,user-service,40.0,50.56,41.06,460.79,494.66,115.63,0.22,40.83,0,normal
2026-01-06 07:25:00,payment-service,50.0,58.18,62.05,855.01,716.1,166.04,0.23,51.06,0,normal
2026-01-06 07:25:00,notification-service,26.09,42.61,48.53,463.99,407.04,106.93,0.26,25.68,0,normal
2026-01-06 07:25:00,database,54.19,60.24,54.46,947.92,1041.37,96.23,0.33,75.41,0,normal
2026-01-06 07:30:00,api-gateway,43.04,59.21,49.17,939.33,826.38,147.0,0.2,36.37,0,normal
2026-01-06 07:30:00,user-service,34.48,48.08,47.91,409.28,500.25,123.19,0.17,32.72,0,normal
2026-01-06 07:30:00,payment-service,45.36,58.0,50.66,787.32,725.85,174.64,0.15,51.18,0,normal
2026-01-06 07:30:00,notification-service,26.34,45.52,53.1,485.4,411.43,101.17,0.27,23.73,0,normal
2026-01-06 07:30:00,database,60.02,69.83,47.02,1024.89,946.77,98.59,0.2,70.61,0,normal
2026-01-06 07:35:00,api-gateway,41.83,55.31,61.9,934.02,832.9,145.61,0.23,30.75,0,normal
2026-01-06 07:35:00,user-service,41.97,52.5,58.63,493.14,453.26,116.33,0.18,32.47,0,normal
2026-01-06 07:35:00,payment-service,55.9,66.33,57.74,732.64,630.86,186.8,0.35,47.81,0,normal
2026-01-06 07:35:00,notification-service,34.32,48.58,53.3,336.11,404.64,114.99,0.26,28.39,0,normal
2026-01-06 07:35:00,database,54.37,63.8,45.69,962.26,969.81,107.04,0.22,71.25,0,normal
2026-01-06 07:40:00,api-gateway,36.49,58.93,31.16,817.41,870.28,139.81,0.16,29.95,0,normal
2026-01-06 07:40:00,user-service,34.43,50.79,68.02,502.78,479.53,114.34,0.21,25.43,0,normal
2026-01-06 07:40:00,payment-service,47.13,55.46,53.95,666.34,754.29,169.69,0.23,52.46,0,normal
2026-01-06 07:40:00,notification-service,34.14,43.97,46.86,475.57,445.84,99.13,0.11,32.29,0,normal
2026-01-06 07:40:00,database,38.37,61.46,38.7,896.82,963.9,93.37,0.14,68.11,0,normal
2026-01-06 07:45:00,api-gateway,45.66,54.92,30.31,841.24,956.77,138.58,0.27,29.03,0,normal
2026-01-06 07:45:00,user-service,39.06,51.74,54.29,442.36,534.99,125.48,0.27,34.75,0,normal
2026-01-06 07:45:00,payment-service,54.5,59.05,48.37,647.19,671.85,164.07,0.19,49.47,0,normal
2026-01-06 07:45:00,notification-service,35.11,42.64,62.19,499.18,420.81,125.84,0.17,28.41,0,normal
2026-01-06 07:45:00,database,60.18,62.82,49.78,836.16,938.41,93.0,0.13,68.22,0,normal
2026-01-06 07:50:00,api-gateway,54.09,55.62,63.33,795.35,911.29,142.97,0.17,34.75,0,normal
2026-01-06 07:50:00,user-service,32.65,48.71,51.03,524.05,489.39,113.23,0.28,36.97,0,normal
2026-01-06 07:50:00,payment-service,52.99,57.49,62.15,727.36,707.75,185.4,0.12,50.68,0,normal
2026-01-06 07:50:00,notification-service,37.4,49.31,68.94,413.54,414.35,103.98,0.23,27.45,0,normal
2026-01-06 07:50:00,database,56.24,64.88,50.15,805.76,913.62,106.81,0.26,69.73,0,normal
2026-01-06 07:55:00,api-gateway,46.1,56.02,65.13,1043.88,934.84,151.91,0.15,29.39,0,normal
2026-01-06 07:55:00,user-service,33.64,53.09,58.24,518.48,493.23,120.64,0.15,35.41,0,normal
2026-01-06 07:55:00,payment-service,49.89,62.12,66.95,632.94,730.0,173.71,0.19,53.15,0,normal
2026-01-06 07:55:00,notification-service,27.21,48.24,30.13,451.36,406.5,90.56,0.23,27.57,0,normal
2026-01-06 07:55:00,database,57.68,64.61,37.08,1145.49,1005.18,105.57,0.17,72.21,0,normal
2026-01-06 08:00:00,api-gateway,43.34,59.0,45.27,889.71,958.4,167.34,0.23,33.44,0,normal
2026-01-06 08:00:00,user-service,35.29,53.63,56.61,494.06,546.43,108.46,0.18,38.54,0,normal
2026-01-06 08:00:00,payment-service,52.05,59.11,48.78,555.14,686.65,161.71,0.26,46.96,0,normal
2026-01-06 08:00:00,notification-service,31.13,44.98,43.44,411.25,360.85,102.84,0.24,30.24,0,normal
2026-01-06 08:00:00,database,55.1,64.24,48.04,1022.74,980.46,108.11,0.18,65.94,0,normal
2026-01-06 08:05:00,api-gateway,45.36,58.94,52.76,1070.72,962.76,141.32,0.23,30.05,0,normal
2026-01-06 08:05:00,user-service,31.76,47.57,55.07,479.4,478.76,116.17,0.21,35.9,0,normal
2026-01-06 08:05:00,payment-service,56.45,62.13,50.73,899.51,775.61,178.68,0.21,53.99,0,normal
2026-01-06 08:05:00,notification-service,37.93,49.59,52.05,450.84,389.44,119.14,0.22,26.79,0,normal
2026-01-06 08:05:00,database,52.15,66.91,54.82,899.87,1039.38,107.14,0.24,78.04,0,normal
2026-01-06 08:10:00,api-gateway,49.27,55.41,69.51,847.0,851.28,136.9,0.13,28.55,0,normal
2026-01-06 08:10:00,user-service,38.74,51.74,59.5,501.08,508.12,110.29,0.21,38.36,0,normal
2026-01-06 08:10:00,payment-service,60.68,58.59,45.05,774.44,679.1,184.52,0.24,51.86,0,normal
2026-01-06 08:10:00,notification-service,24.07,43.23,57.0,322.95,394.53,103.85,0.24,23.36,0,normal
2026-01-06 08:10:00,database,55.56,58.45,53.41,1107.03,945.05,98.84,0.23,69.69,0,normal
2026-01-06 08:15:00,api-gateway,41.07,54.01,55.71,675.09,842.49,149.21,0.15,33.26,0,normal
2026-01-06 08:15:00,user-service,27.16,55.32,51.47,462.33,475.59,122.18,0.18,33.14,0,normal
2026-01-06 08:15:00,payment-service,52.08,55.69,55.46,670.5,736.44,182.15,0.23,53.88,0,normal
2026-01-06 08:15:00,notification-service,31.14,45.46,57.07,456.82,389.21,131.38,0.26,24.25,0,normal
2026-01-06 08:15:00,database,54.93,63.37,53.73,799.79,994.14,94.86,0.16,67.69,0,normal
2026-01-06 08:20:00,api-gateway,50.37,55.29,64.94,1031.06,937.61,149.97,0.23,30.84,0,normal
2026-01-06 08:20:00,user-service,30.07,45.58,50.21,377.0,461.15,111.09,0.22,40.68,0,normal
2026-01-06 08:20:00,payment-service,50.88,57.8,69.86,814.27,721.9,163.91,0.19,48.41,0,normal
2026-01-06 08:20:00,notification-service,29.58,42.85,53.57,429.42,416.46,117.64,0.18,27.58,0,normal
2026-01-06 08:20:00,database,52.79,66.47,49.46,865.99,986.08,92.65,0.22,67.35,0,normal
2026-01-06 08:25:00,api-gateway,47.71,51.87,36.7,754.73,868.48,135.33,0.17,31.29,0,normal
2026-01-06 08:25:00,user-service,31.48,56.56,36.09,528.96,503.07,126.36,0.2,34.96,0,normal
2026-01-06 08:25:00,payment-service,52.64,67.16,62.86,714.97,658.03,158.58,0.22,43.65,0,normal
2026-01-06 08:25:00,notification-service,29.02,45.28,45.66,332.92,409.02,105.98,0.21,26.11,0,normal
2026-01-06 08:25:00,database,53.54,65.84,55.95,802.95,902.65,99.82,0.19,68.95,0,normal
2026-01-06 08:30:00,api-gateway,40.56,52.34,58.09,759.71,937.21,147.89,0.14,28.12,0,normal
2026-01-06 08:30:00,user-service,38.78,51.08,49.5,420.4,496.76,110.9,0.24,37.06,0,normal
2026-01-06 08:30:00,payment-service,48.64,62.57,57.83,661.4,710.41,161.34,0.13,49.21,0,normal
2026-01-06 08:30:00,notification-service,29.83,44.78,60.98,487.39,424.51,110.66,0.15,29.38,0,normal
2026-01-06 08:30:00,database,62.5,59.9,54.08,1034.21,1054.27,100.16,0.16,70.26,0,normal
2026-01-06 08:35:00,api-gateway,37.81,48.04,51.36,954.28,950.43,135.53,0.27,31.66,0,normal
2026-01-06 08:35:00,user-service,35.77,44.69,56.43,428.21,512.41,127.92,0.17,35.28,0,normal
2026-01-06 08:35:00,payment-service,51.15,61.12,57.97,571.34,670.33,164.08,0.26,50.03,0,normal
2026-01-06 08:35:00,notification-service,39.47,40.75,44.39,467.15,391.36,108.27,0.21,25.6,0,normal
2026-01-06 08:35:00,database,49.88,63.04,59.15,905.44,1061.61,99.87,0.16,70.87,0,normal
2026-01-06 08:40:00,api-gateway,40.6,57.0,68.14,799.78,921.97,139.48,0.18,33.44,0,normal
2026-01-06 08:40:00,user-service,33.74,50.57,34.44,582.86,510.26,116.96,0.19,40.95,0,normal
2026-01-06 08:40:00,payment-service,48.77,66.72,45.99,823.75,689.7,175.79,0.17,45.08,0,normal
2026-01-06 08:40:00,notification-service,38.36,47.41,43.67,422.06,385.58,108.94,0.3,25.35,0,normal
2026-01-06 08:40:00,database,56.22,64.43,70.63,1033.76,1018.44,130.53,0.33,70.76,0,normal
2026-01-06 08:45:00,api-gateway,42.5,52.92,77.58,890.52,920.77,137.2,0.2,36.75,0,normal
2026-01-06 08:45:00,user-service,34.79,50.21,46.37,438.21,471.29,123.3,0.15,37.44,0,normal
2026-01-06 08:45:00,payment-service,44.22,59.06,51.81,724.22,723.75,174.17,0.25,54.19,0,normal
2026-01-06 08:45:00,notification-service,39.05,40.76,50.19,422.21,375.02,104.87,0.2,21.77,0,normal
2026-01-06 08:45:00,database,60.39,65.83,49.95,956.15,1008.32,75.94,0.2,74.63,0,normal
2026-01-06 08:50:00,api-gateway,46.31,53.4,46.7,814.25,905.72,140.03,0.23,33.29,0,normal
2026-01-06 08:50:00,user-service,39.86,52.19,58.21,459.79,504.95,113.71,0.29,30.41,0,normal
2026-01-06 08:50:00,payment-service,53.17,58.94,54.6,735.56,662.03,186.7,0.25,49.84,0,normal
2026-01-06 08:50:00,notification-service,30.21,38.93,62.86,377.81,390.98,124.25,0.2,26.64,0,normal
2026-01-06 08:50:00,database,50.01,59.63,46.68,928.99,1022.08,104.71,0.18,75.16,0,normal
2026-01-06 08:55:00,api-gateway,49.5,59.44,39.84,1167.99,1003.87,126.56,0.17,30.4,0,normal
2026-01-06 08:55:00,user-service,36.15,49.56,44.2,441.84,511.09,132.54,0.21,31.4,0,normal
2026-01-06 08:55:00,payment-service,51.14,58.24,61.4,617.6,757.47,169.0,0.22,50.79,0,normal
2026-01-06 08:55:00,notification-service,26.18,49.53,49.24,391.18,421.76,111.35,0.23,26.78,0,normal
2026-01-06 08:55:00,database,57.13,65.03,38.21,1001.87,959.51,97.54,0.22,73.87,0,normal
2026-01-06 09:00:00,api-gateway,44.84,55.9,56.58,972.75,1214.08,138.37,0.25,33.29,0,normal
2026-01-06 09:00:00,user-service,42.22,48.74,34.46,712.58,682.08,124.48,0.25,41.05,0,normal
2026-01-06 09:00:00,payment-service,55.91,63.52,61.49,862.37,909.43,181.31,0.15,54.81,0,normal
2026-01-06 09:00:00,notification-service,39.67,42.42,39.5,491.13,516.01,131.73,0.21,25.6,0,normal
2026-01-06 09:00:00,database,62.56,66.17,52.09,1348.83,1260.42,111.54,0.3,73.6,0,normal
2026-01-06 09:05:00,api-gateway,51.72,57.51,58.75,1280.64,1271.18,150.16,0.22,34.93,0,normal
2026-01-06 09:05:00,user-service,42.31,53.78,56.63,695.57,706.81,140.28,0.23,42.41,0,normal
2026-01-06 09:05:00,payment-service,56.71,58.33,57.77,850.54,929.99,180.96,0.25,52.22,0,normal
2026-01-06 09:05:00,notification-service,44.93,47.42,39.71,489.7,529.43,110.49,0.21,24.18,0,normal
2026-01-06 09:05:00,database,59.08,61.52,40.25,1011.71,1263.27,106.25,0.17,72.76,0,normal
2026-01-06 09:10:00,api-gateway,45.28,49.88,34.81,1332.72,1150.89,142.78,0.14,33.41,0,normal
2026-01-06 09:10:00,user-service,32.81,53.38,44.73,703.23,603.22,119.58,0.14,32.35,0,normal
2026-01-06 09:10:00,payment-service,52.89,60.92,57.12,1071.78,894.49,161.74,0.17,47.94,0,normal
2026-01-06 09:10:00,notification-service,39.44,43.59,58.09,442.1,543.25,117.45,0.23,24.99,0,normal
2026-01-06 09:10:00,database,68.47,62.89,51.56,1166.22,1331.82,104.22,0.15,78.12,0,normal
2026-01-06 09:15:00,api-gateway,49.99,52.86,43.58,1108.6,1141.73,137.42,0.08,33.74,0,normal
2026-01-06 09:15:00,user-service,42.93,50.05,57.28,535.11,645.88,128.18,0.25,36.61,0,normal
2026-01-06 09:15:00,payment-service,58.43,65.46,43.14,777.73,914.39,164.45,0.16,54.94,0,normal
2026-01-06 09:15:00,notification-service,29.17,44.25,50.32,606.05,524.93,114.94,0.21,28.1,0,normal
2026-01-06 09:15:00,database,69.45,62.26,46.61,1321.67,1320.25,91.41,0.25,73.78,0,normal
2026-01-06 09:20:00,api-gateway,48.73,56.55,32.08,1080.19,1155.43,137.52,0.22,30.22,0,normal
2026-01-06 09:20:00,user-service,44.59,50.51,25.61,631.33,637.93,123.57,0.22,40.42,0,normal
2026-01-06 09:20:00,payment-service,53.32,56.13,62.2,1080.18,914.22,198.13,0.19,55.03,0,normal
2026-01-06 09:20:00,notification-service,33.37,46.55,36.32,593.47,527.78,109.75,0.14,26.42,0,normal
2026-01-06 09:20:00,database,57.69,63.2,55.51,1185.65,1367.66,102.83,0.17,70.98,0,normal
2026-01-06 09:25:00,api-gateway,45.57,56.17,63.05,1353.06,1224.09,151.26,0.14,29.74,0,normal
2026-01-06 09:25:00,user-service,43.29,48.62,60.04,726.63,618.16,127.64,0.18,38.6,0,normal
2026-01-06 09:25:00,payment-service,61.06,60.84,62.23,917.76,858.89,174.91,0.24,54.72,0,normal
2026-01-06 09:25:00,notification-service,37.29,51.16,40.83,482.35,566.74,126.44,0.2,24.57,0,normal
2026-01-06 09:25:00,database,59.77,66.02,54.38,1208.1,1376.51,125.11,0.15,74.74,0,normal
2026-01-06 09:30:00,api-gateway,43.76,57.13,59.95,1283.75,1179.08,163.11,0.29,31.15,0,normal
2026-01-06 09:30:00,user-service,43.3,50.34,44.81,758.2,648.07,115.57,0.19,42.95,0,normal
2026-01-06 09:30:00,payment-service,60.6,61.45,60.15,1021.53,892.38,170.7,0.31,58.01,0,normal
2026-01-06 09:30:00,notification-service,38.54,49.24,51.62,447.33,496.11,124.23,0.25,26.21,0,normal
2026-01-06 09:30:00,database,61.75,66.47,43.83,1435.84,1326.6,105.16,0.1,69.72,0,normal
2026-01-06 09:35:00,api-gateway,54.04,50.1,45.14,1445.87,1205.59,148.76,0.29,33.89,0,normal
2026-01-06 09:35:00,user-service,40.1,50.25,47.07,563.92,678.93,119.02,0.1,39.44,0,normal
2026-01-06 09:35:00,payment-service,47.41,54.81,44.48,800.07,880.14,178.97,0.14,52.14,0,normal
2026-01-06 09:35:00,notification-service,40.57,44.33,40.98,570.62,496.16,117.53,0.11,22.77,0,normal
2026-01-06 09:35:00,database,60.58,65.85,50.84,1648.14,1381.16,103.1,0.29,72.74,0,normal
2026-01-06 09:40:00,api-gateway,47.68,51.7,40.58,1040.16,1191.53,173.66,0.24,30.43,0,normal
2026-01-06 09:40:00,user-service,36.59,49.81,46.8,640.23,611.48,117.29,0.2,36.22,0,normal
2026-01-06 09:40:00,payment-service,57.14,59.31,53.94,1001.18,933.66,169.09,0.21,53.85,0,normal
2026-01-06 09:40:00,notification-service,43.39,44.93,44.28,568.81,514.62,108.16,0.21,26.28,0,normal
2026-01-06 09:40:00,database,65.69,63.91,42.28,1315.18,1332.12,127.98,0.19,70.14,0,normal
2026-01-06 09:45:00,api-gateway,49.34,60.02,53.46,1193.01,1172.86,158.37,0.16,33.12,0,normal
2026-01-06 09:45:00,user-service,38.78,46.37,47.11,562.91,619.99,140.56,0.27,38.8,0,normal
2026-01-06 09:45:00,payment-service,57.48,58.7,60.19,797.77,883.24,189.55,0.21,48.01,0,normal
2026-01-06 09:45:00,notification-service,41.62,47.69,43.47,598.81,513.78,117.11,0.19,21.55,0,normal
2026-01-06 09:45:00,database,61.61,67.41,43.48,1148.69,1320.27,104.76,0.11,69.64,0,normal
2026-01-06 09:50:00,api-gateway,44.38,53.08,40.33,1081.74,1187.5,140.23,0.19,35.26,0,normal
2026-01-06 09:50:00,user-service,40.9,41.73,33.91,543.1,623.03,116.85,0.24,40.15,0,normal
2026-01-06 09:50:00,payment-service,55.29,61.72,38.68,699.83,852.13,168.49,0.24,49.14,0,normal
2026-01-06 09:50:00,notification-service,28.77,48.38,59.11,598.28,514.45,112.85,0.14,27.21,0,normal
2026-01-06 09:50:00,database,58.1,65.7,60.93,1055.31,1269.75,116.66,0.15,73.06,0,normal
2026-01-06 09:55:00,api-gateway,50.82,57.53,49.18,1009.33,1130.16,154.18,0.2,35.67,0,normal
2026-01-06 09:55:00,user-service,35.48,49.79,53.12,540.62,652.3,131.11,0.26,38.38,0,normal
2026-01-06 09:55:00,payment-service,59.71,61.54,33.53,948.25,901.53,180.48,0.21,55.91,0,normal
2026-01-06 09:55:00,notification-service,34.29,41.16,68.85,555.62,479.4,111.05,0.16,29.04,0,normal
2026-01-06 09:55:00,database,57.98,61.54,75.65,1233.64,1155.96,113.8,0.14,67.71,0,normal
2026-01-06 10:00:00,api-gateway,50.72,57.75,68.63,1090.27,1230.81,145.24,0.28,30.27,0,normal
2026-01-06 10:00:00,user-service,40.69,48.29,53.42,630.29,639.48,124.39,0.13,40.64,0,normal
2026-01-06 10:00:00,payment-service,55.54,58.65,55.13,967.05,854.47,164.3,0.26,54.72,0,normal
2026-01-06 10:00:00,notification-service,37.8,47.96,33.27,545.29,482.46,124.09,0.19,23.41,0,normal
2026-01-06 10:00:00,database,67.11,65.39,55.47,1267.73,1349.24,106.21,0.16,74.9,0,normal
2026-01-06 10:05:00,api-gateway,56.27,51.45,47.71,1310.48,1176.8,144.73,0.2,29.2,0,normal
2026-01-06 10:05:00,user-service,37.05,50.92,51.29,707.39,633.94,115.65,0.21,41.44,0,normal
2026-01-06 10:05:00,payment-service,58.94,60.88,69.21,932.76,876.58,154.81,0.19,47.67,0,normal
2026-01-06 10:05:00,notification-service,34.44,45.84,55.68,547.38,530.79,123.5,0.16,25.57,0,normal
2026-01-06 10:05:00,database,61.92,68.58,54.99,1253.79,1308.08,113.33,0.28,78.62,0,normal
2026-01-06 10:10:00,api-gateway,54.48,58.56,73.1,1450.49,1212.31,143.85,0.18,34.46,0,normal
2026-01-06 10:10:00,user-service,35.49,46.16,37.22,734.64,631.18,119.31,0.2,36.49,0,normal
2026-01-06 10:10:00,payment-service,57.93,63.49,47.4,1026.2,892.68,177.58,0.2,55.36,0,normal
2026-01-06 10:10:00,notification-service,33.57,52.71,55.71,630.39,533.97,123.6,0.25,30.31,0,normal
2026-01-06 10:10:00,database,63.04,65.43,33.02,1455.83,1320.52,108.96,0.17,74.77,0,normal
2026-01-06 10:15:00,api-gateway,54.75,54.81,41.07,1093.31,1166.05,138.6,0.16,34.24,0,normal
2026-01-06 10:15:00,user-service,42.23,54.43,69.08,672.96,668.16,132.22,0.1,39.09,0,normal
2026-01-06 10:15:00,payment-service,51.28,57.71,69.12,1050.08,911.37,187.38,0.18,51.44,0,normal
2026-01-06 10:15:00,notification-service,38.27,45.76,58.44,489.5,528.0,118.54,0.27,28.62,0,normal
2026-01-06 10:15:00,database,58.29,63.42,41.29,1414.19,1265.46,91.96,0.27,74.63,0,normal
2026-01-06 10:20:00,api-gateway,49.1,49.72,61.37,1378.58,1209.54,138.53,0.13,29.4,0,normal
2026-01-06 10:20:00,user-service,42.87,52.66,40.11,691.69,643.83,128.05,0.17,33.71,0,normal
2026-01-06 10:20:00,payment-service,56.9,58.64,46.83,1035.15,939.0,164.82,0.22,54.14,0,normal
2026-01-06 10:20:00,notification-service,32.25,46.35,51.49,595.41,500.38,116.8,0.17,26.22,0,normal
2026-01-06 10:20:00,database,55.34,66.23,40.36,1484.72,1267.42,101.32,0.15,75.64,0,normal
2026-01-06 10:25:00,api-gateway,44.81,57.6,84.3,1202.06,1173.06,147.02,0.18,21.2,0,normal
2026-01-06 10:25:00,user-service,39.73,53.3,51.29,666.64,623.68,131.14,0.2,38.4,0,normal
2026-01-06 10:25:00,payment-service,55.36,61.08,38.4,1078.15,904.79,162.95,0.18,47.72,0,normal
2026-01-06 10:25:00,notification-service,35.94,49.79,53.5,475.47,532.6,121.72,0.12,28.37,0,normal
2026-01-06 10:25:00,database,56.01,61.81,62.07,1585.53,1324.96,112.94,0.14,68.44,0,normal
2026-01-06 10:30:00,api-gateway,47.13,55.22,47.36,1223.48,1164.58,150.92,0.27,35.63,0,normal
2026-01-06 10:30:00,user-service,43.1,53.97,40.98,620.14,642.97,141.46,0.24,39.21,0,normal
2026-01-06 10:30:00,payment-service,59.67,58.34,35.32,762.4,868.43,180.36,0.17,56.21,0,normal
2026-01-06 10:30:00,notification-service,41.64,39.02,53.04,485.66,514.82,123.89,0.22,27.22,0,normal
2026-01-06 10:30:00,database,68.12,66.86,49.34,1101.98,1341.17,96.57,0.17,75.78,0,normal
2026-01-06 10:35:00,api-gateway,50.06,60.1,40.56,1183.01,1220.06,144.34,0.25,31.56,0,normal
2026-01-06 10:35:00,user-service,51.58,52.86,38.57,770.37,650.83,135.85,0.19,34.73,0,normal
2026-01-06 10:35:00,payment-service,55.76,61.89,55.82,943.03,899.16,174.92,0.18,51.97,0,normal
2026-01-06 10:35:00,notification-service,34.26,45.76,48.06,580.91,528.97,125.08,0.27,23.9,0,normal
2026-01-06 10:35:00,database,62.65,65.04,55.69,1189.61,1393.1,101.43,0.24,74.41,0,normal
2026-01-06 10:40:00,api-gateway,51.93,56.56,33.53,969.59,1194.68,131.37,0.16,35.99,0,normal
2026-01-06 10:40:00,user-service,40.99,52.05,52.3,621.42,696.19,123.42,0.19,42.66,0,normal
2026-01-06 10:40:00,payment-service,54.96,57.86,52.97,890.91,887.61,146.87,0.15,52.13,0,normal
2026-01-06 10:40:00,notification-service,35.45,46.17,42.96,470.43,515.2,103.06,0.24,24.13,0,normal
2026-01-06 10:40:00,database,53.56,62.37,41.61,1355.88,1309.31,105.82,0.2,70.08,0,normal
2026-01-06 10:45:00,api-gateway,51.56,53.54,49.51,936.46,1163.96,151.75,0.16,38.09,0,normal
2026-01-06 10:45:00,user-service,38.26,47.4,55.08,769.3,679.52,130.59,0.29,40.7,0,normal
2026-01-06 10:45:00,payment-service,58.59,56.18,52.77,822.19,886.77,169.63,0.21,52.2,0,normal
2026-01-06 10:45:00,notification-service,48.22,44.08,43.55,523.49,543.99,114.42,0.21,27.61,0,normal
2026-01-06 10:45:00,database,59.41,67.0,71.27,1510.67,1360.6,109.76,0.26,72.76,0,normal
2026-01-06 10:50:00,api-gateway,60.83,56.71,55.45,1083.28,1196.69,141.7,0.12,33.09,0,normal
2026-01-06 10:50:00,user-service,39.0,45.33,56.7,723.01,636.26,130.12,0.16,40.31,0,normal
2026-01-06 10:50:00,payment-service,60.42,63.95,52.37,977.9,915.48,171.8,0.23,54.19,0,normal
2026-01-06 10:50:00,notification-service,34.2,53.22,51.2,508.09,535.27,124.47,0.21,34.23,0,normal
2026-01-06 10:50:00,database,60.83,61.71,53.64,1305.98,1288.35,106.57,0.24,75.68,0,normal
2026-01-06 10:55:00,api-gateway,54.02,61.06,50.91,1063.94,1248.15,152.13,0.15,34.71,0,normal
2026-01-06 10:55:00,user-service,31.56,49.22,44.61,609.52,648.24,110.87,0.17,36.8,0,normal
2026-01-06 10:55:00,payment-service,53.32,58.12,34.75,942.08,873.19,161.68,0.23,55.31,0,normal
2026-01-06 10:55:00,notification-service,30.99,43.5,40.35,602.03,504.49,112.69,0.08,29.66,0,normal
2026-01-06 10:55:00,database,64.46,65.84,46.63,1578.25,1390.0,102.9,0.17,68.98,0,normal
2026-01-06 11:00:00,api-gateway,50.92,53.66,60.3,1165.86,1076.35,127.62,0.23,34.99,0,normal
2026-01-06 11:00:00,user-service,45.76,47.24,66.66,614.21,612.33,110.1,0.27,39.99,0,normal
2026-01-06 11:00:00,payment-service,49.59,61.23,55.58,830.37,897.48,166.63,0.25,52.5,0,normal
2026-01-06 11:00:00,notification-service,33.08,45.48,48.78,508.49,510.23,112.31,0.23,33.08,0,normal
2026-01-06 11:00:00,database,59.82,67.43,42.88,1405.42,1301.09,108.76,0.23,76.0,0,normal
2026-01-06 11:05:00,api-gateway,45.81,57.09,55.13,1078.76,1200.19,150.35,0.17,31.7,0,normal
2026-01-06 11:05:00,user-service,41.32,47.34,51.84,603.7,639.17,129.76,0.16,32.6,0,normal
2026-01-06 11:05:00,payment-service,55.72,58.27,57.24,793.43,877.82,164.92,0.12,53.28,0,normal
2026-01-06 11:05:00,notification-service,41.74,48.52,50.58,561.35,516.87,111.26,0.23,27.12,0,normal
2026-01-06 11:05:00,database,67.8,67.38,29.37,1246.02,1268.17,109.31,0.1,73.06,0,normal
2026-01-06 11:10:00,api-gateway,53.03,57.53,38.02,1031.44,1160.85,148.23,0.23,30.73,0,normal
2026-01-06 11:10:00,user-service,39.02,48.15,55.48,698.09,622.41,128.02,0.14,37.0,0,normal
2026-01-06 11:10:00,payment-service,58.94,58.41,50.31,754.36,904.13,166.7,0.17,50.99,0,normal
2026-01-06 11:10:00,notification-service,35.06,44.87,39.16,416.1,519.46,126.34,0.06,24.88,0,normal
2026-01-06 11:10:00,database,65.28,63.08,63.04,1227.41,1376.37,118.23,0.15,73.25,0,normal
2026-01-06 11:15:00,api-gateway,50.27,51.7,40.17,1348.33,1138.07,131.07,0.19,35.14,0,normal
2026-01-06 11:15:00,user-service,43.5,54.07,37.67,667.1,633.32,109.1,0.23,35.62,0,normal
2026-01-06 11:15:00,payment-service,58.4,61.47,59.9,1026.07,904.58,168.6,0.18,54.4,0,normal
2026-01-06 11:15:00,notification-service,29.38,43.57,45.62,555.33,516.77,116.62,0.25,28.0,0,normal
2026-01-06 11:15:00,database,60.53,62.56,39.07,1198.36,1280.12,90.07,0.2,73.5,0,normal
2026-01-06 11:20:00,api-gateway,49.24,51.69,48.01,1321.55,1154.1,144.77,0.16,29.32,0,normal
2026-01-06 11:20:00,user-service,39.43,50.7,56.83,540.51,675.54,128.73,0.15,42.54,0,normal
2026-01-06 11:20:00,payment-service,53.75,57.43,59.24,711.75,873.36,173.6,0.15,51.24,0,normal
2026-01-06 11:20:00,notification-service,33.44,45.29,56.66,602.84,539.91,99.4,0.26,31.46,0,normal
2026-01-06 11:20:00,database,61.79,64.01,50.18,1158.63,1344.82,130.83,0.24,70.82,0,normal
2026-01-06 11:25:00,api-gateway,44.52,58.59,58.78,1131.14,1185.43,159.18,0.15,30.58,0,normal
2026-01-06 11:25:00,user-service,34.85,51.44,32.39,739.42,672.96,119.4,0.17,42.11,0,normal
2026-01-06 11:25:00,payment-service,54.25,59.14,46.41,776.15,908.62,165.5,0.24,56.0,0,normal
2026-01-06 11:25:00,notification-service,41.45,44.57,40.55,585.97,508.28,124.88,0.1,23.26,0,normal
2026-01-06 11:25:00,database,54.99,61.53,61.31,1391.69,1332.85,116.73,0.13,76.22,0,normal
2026-01-06 11:30:00,api-gateway,49.21,53.77,39.17,1209.79,1086.53,152.57,0.22,29.17,0,normal
2026-01-06 11:30:00,user-service,39.54,47.19,57.16,591.18,658.63,140.32,0.27,37.85,0,normal
2026-01-06 11:30:00,payment-service,50.6,58.17,34.69,963.62,888.53,173.55,0.27,48.73,0,normal
2026-01-06 11:30:00,notification-service,34.87,44.74,44.73,519.84,509.17,116.72,0.16,26.24,0,normal
2026-01-06 11:30:00,database,60.27,66.75,54.51,1387.2,1282.42,99.2,0.2,74.72,0,normal
2026-01-06 11:35:00,api-gateway,50.73,54.58,50.55,1228.2,1130.35,145.73,0.21,30.56,0,normal
2026-01-06 11:35:00,user-service,41.99,51.6,58.31,621.17,668.19,128.71,0.2,43.82,0,normal
2026-01-06 11:35:00,payment-service,54.93,61.41,53.29,1128.59,982.99,183.04,0.12,51.65,0,normal
2026-01-06 11:35:00,notification-service,35.4,40.98,59.27,490.71,513.9,111.12,0.34,26.34,0,normal
2026-01-06 11:35:00,database,55.49,60.78,54.58,1209.17,1246.35,110.79,0.17,78.92,0,normal
2026-01-06 11:40:00,api-gateway,53.18,57.7,55.95,1390.67,1226.87,144.54,0.27,35.63,0,normal
2026-01-06 11:40:00,user-service,43.11,54.86,44.4,726.7,623.61,130.58,0.24,41.04,0,normal
2026-01-06 11:40:00,payment-service,63.99,55.68,48.8,757.36,914.2,164.8,0.28,55.24,0,normal
2026-01-06 11:40:00,notification-service,31.41,48.4,70.19,527.83,517.7,110.73,0.15,29.98,0,normal
2026-01-06 11:40:00,database,70.01,65.3,52.9,1139.14,1246.84,98.34,0.18,68.64,0,normal
2026-01-06 11:45:00,api-gateway,53.16,55.14,37.42,1311.5,1191.9,150.79,0.15,39.04,0,normal
2026-01-06 11:45:00,user-service,39.81,46.35,36.55,728.2,631.95,131.62,0.25,33.83,0,normal
2026-01-06 11:45:00,payment-service,53.52,60.74,48.82,743.86,900.21,181.95,0.21,46.32,0,normal
2026-01-06 11:45:00,notification-service,28.73,45.57,50.93,473.09,516.59,115.78,0.16,23.85,0,normal
2026-01-06 11:45:00,database,59.08,64.26,49.33,1314.88,1323.37,123.51,0.25,74.53,0,normal
2026-01-06 11:50:00,api-gateway,47.93,52.63,53.87,1134.1,1113.95,133.72,0.21,27.07,0,normal
2026-01-06 11:50:00,user-service,32.58,50.3,35.95,695.29,626.36,121.61,0.33,38.27,0,normal
2026-01-06 11:50:00,payment-service,54.55,63.06,50.75,1013.86,944.78,184.44,0.13,57.33,0,normal
2026-01-06 11:50:00,notification-service,37.7,43.68,53.74,468.73,541.95,121.5,0.23,29.42,0,normal
2026-01-06 11:50:00,database,65.74,62.85,43.09,1305.86,1321.64,109.84,0.16,76.87,0,normal
2026-01-06 11:55:00,api-gateway,56.97,58.97,42.63,1197.08,1193.6,170.44,0.19,27.63,0,normal
2026-01-06 11:55:00,user-service,35.59,52.16,59.62,716.96,628.94,108.23,0.14,40.4,0,normal
2026-01-06 11:55:00,payment-service,54.37,60.43,62.98,965.75,861.12,168.46,0.27,54.2,0,normal
2026-01-06 11:55:00,notification-service,36.44,53.5,46.07,518.97,472.84,124.81,0.23,25.32,0,normal
2026-01-06 11:55:00,database,66.0,62.05,58.55,1452.53,1350.73,109.7,0.27,77.65,0,normal
2026-01-06 12:00:00,api-gateway,52.86,52.97,50.18,1373.32,1202.12,140.08,0.23,34.65,0,normal
2026-01-06 12:00:00,user-service,40.63,53.15,44.55,621.55,637.96,123.7,0.21,41.19,0,normal
2026-01-06 12:00:00,payment-service,55.95,64.25,40.59,859.14,932.94,174.61,0.16,53.23,0,normal
2026-01-06 12:00:00,notification-service,32.93,46.74,55.51,582.26,524.22,112.3,0.22,25.94,0,normal
2026-01-06 12:00:00,database,59.83,65.24,32.17,1198.14,1266.9,100.97,0.27,69.98,0,normal
2026-01-06 12:05:00,api-gateway,54.72,57.94,88.57,1157.16,1180.48,150.67,0.19,32.36,0,normal
2026-01-06 12:05:00,user-service,44.85,47.62,41.24,725.2,610.69,142.27,0.22,34.35,0,normal
2026-01-06 12:05:00,payment-service,53.09,59.59,73.53,745.3,901.69,176.26,0.23,52.16,0,normal
2026-01-06 12:05:00,notification-service,30.43,43.0,54.6,553.66,496.73,131.67,0.23,22.36,0,normal
2026-01-06 12:05:00,database,58.25,67.59,48.5,1336.07,1262.84,96.92,0.17,71.87,0,normal
2026-01-06 12:10:00,api-gateway,48.56,53.03,67.73,1374.57,1177.27,140.71,0.13,36.89,0,normal
2026-01-06 12:10:00,user-service,39.44,46.01,32.7,755.71,669.2,132.54,0.22,33.69,0,normal
2026-01-06 12:10:00,payment-service,56.73,62.91,48.44,1030.86,952.67,180.14,0.24,53.65,0,normal
2026-01-06 12:10:00,notification-service,32.08,42.03,57.4,558.32,549.14,126.99,0.18,28.0,0,normal
2026-01-06 12:10:00,database,59.58,64.77,41.6,1328.38,1407.46,105.05,0.22,74.5,0,normal
2026-01-06 12:15:00,api-gateway,53.21,53.02,59.11,907.41,1055.06,142.62,0.11,31.17,0,normal
2026-01-06 12:15:00,user-service,51.88,45.95,36.76,674.85,688.1,138.44,0.23,39.02,0,normal
2026-01-06 12:15:00,payment-service,58.72,59.62,51.37,794.05,957.43,173.8,0.11,53.23,0,normal
2026-01-06 12:15:00,notification-service,36.59,47.69,62.61,523.4,515.53,108.24,0.2,31.93,0,normal
2026-01-06 12:15:00,database,60.76,62.38,56.03,1482.98,1282.87,126.95,0.27,75.88,0,normal
2026-01-06 12:20:00,api-gateway,51.52,54.27,54.58,1084.83,1103.24,140.98,0.25,32.12,0,normal
2026-01-06 12:20:00,user-service,36.78,48.69,69.08,628.83,623.92,119.26,0.21,39.83,0,normal
2026-01-06 12:20:00,payment-service,61.19,58.64,36.28,1112.63,928.98,171.02,0.21,56.85,0,normal
2026-01-06 12:20:00,notification-service,35.95,44.65,54.97,534.77,521.55,120.96,0.26,25.31,0,normal
2026-01-06 12:20:00,database,67.8,62.83,55.17,1525.97,1277.0,97.45,0.16,71.39,0,normal
2026-01-06 12:25:00,api-gateway,59.77,62.43,54.74,1024.23,1226.35,150.85,0.14,29.77,0,normal
2026-01-06 12:25:00,user-service,39.25,60.22,38.84,680.12,622.63,129.09,0.28,42.0,0,normal
2026-01-06 12:25:00,payment-service,45.47,63.13,50.23,1048.34,935.34,176.91,0.18,59.98,0,normal
2026-01-06 12:25:00,notification-service,25.39,48.02,54.66,607.04,532.65,95.09,0.17,27.88,0,normal
2026-01-06 12:25:00,database,56.64,70.65,33.65,1366.48,1308.97,102.67,0.17,71.5,0,normal
2026-01-06 12:30:00,api-gateway,59.78,54.62,40.78,1216.58,1133.01,144.53,0.14,33.79,0,normal
2026-01-06 12:30:00,user-service,39.23,54.06,50.79,674.39,634.58,124.0,0.25,35.83,0,normal
2026-01-06 12:30:00,payment-service,58.6,60.05,35.3,802.68,877.85,193.19,0.23,50.97,0,normal
2026-01-06 12:30:00,notification-service,38.05,47.72,67.67,512.98,521.5,113.35,0.2,28.47,0,normal
2026-01-06 12:30:00,database,59.91,66.36,37.72,1149.18,1355.04,102.46,0.24,69.27,0,normal
2026-01-06 12:35:00,api-gateway,53.65,60.08,54.56,1101.92,1158.2,130.06,0.26,34.05,0,normal
2026-01-06 12:35:00,user-service,44.0,53.95,54.3,548.2,662.15,117.43,0.2,39.75,0,normal
2026-01-06 12:35:00,payment-service,62.92,56.78,48.01,985.89,950.22,169.92,0.08,55.33,0,normal
2026-01-06 12:35:00,notification-service,34.74,43.36,62.78,416.33,489.0,117.57,0.22,21.45,0,normal
2026-01-06 12:35:00,database,65.78,61.79,46.99,1471.7,1250.9,95.66,0.21,79.27,0,normal
2026-01-06 12:40:00,api-gateway,53.67,55.69,47.43,1193.86,1150.22,133.87,0.23,24.75,0,normal
2026-01-06 12:40:00,user-service,46.06,56.3,47.32,542.66,622.25,125.3,0.1,41.39,0,normal
2026-01-06 12:40:00,payment-service,64.13,64.62,33.77,835.48,941.47,178.63,0.14,55.67,0,normal
2026-01-06 12:40:00,notification-service,38.58,45.27,53.69,443.02,541.6,135.3,0.18,27.62,0,normal
2026-01-06 12:40:00,database,57.61,65.35,50.35,1296.35,1281.84,113.66,0.28,75.53,0,normal
2026-01-06 12:45:00,api-gateway,50.26,54.39,35.4,1246.65,1120.04,146.63,0.22,30.71,0,normal
2026-01-06 12:45:00,user-service,39.06,47.82,51.71,602.62,685.6,135.97,0.26,37.65,0,normal
2026-01-06 12:45:00,payment-service,57.92,65.24,59.03,1002.54,952.65,170.38,0.26,52.87,0,normal
2026-01-06 12:45:00,notification-service,28.27,47.91,53.32,448.74,505.85,128.02,0.24,25.44,0,normal
2026-01-06 12:45:00,database,62.69,68.37,51.4,1152.72,1294.52,102.51,0.09,69.45,0,normal
2026-01-06 12:50:00,api-gateway,44.91,54.04,49.39,962.0,1193.62,165.9,0.21,33.46,0,normal
2026-01-06 12:50:00,user-service,45.93,51.07,52.21,756.0,674.55,151.06,0.2,42.38,0,normal
2026-01-06 12:50:00,payment-service,57.79,61.31,54.54,720.55,797.93,166.58,0.26,50.59,0,normal
2026-01-06 12:50:00,notification-service,36.88,46.42,56.93,441.69,549.49,113.8,0.19,30.65,0,normal
2026-01-06 12:50:00,database,58.86,66.56,34.09,1326.46,1271.4,111.92,0.16,64.83,0,normal
2026-01-06 12:55:00,api-gateway,51.69,53.56,66.86,1016.53,1147.58,159.0,0.17,32.93,0,normal
2026-01-06 12:55:00,user-service,43.39,50.16,63.34,694.65,622.92,121.5,0.19,40.33,0,normal
2026-01-06 12:55:00,payment-service,57.23,59.67,57.07,1129.81,956.22,181.66,0.27,52.68,0,normal
2026-01-06 12:55:00,notification-service,29.65,43.39,46.02,469.39,527.9,120.57,0.25,27.31,0,normal
2026-01-06 12:55:00,database,53.63,64.43,48.8,1247.32,1306.07,105.1,0.27,76.39,0,normal
2026-01-06 13:00:00,api-gateway,43.72,59.88,54.67,1461.22,1292.33,160.33,0.29,32.61,0,normal
2026-01-06 13:00:00,user-service,41.02,49.51,50.02,703.02,644.31,134.25,0.18,33.87,0,normal
2026-01-06 13:00:00,payment-service,52.46,58.47,34.42,723.6,876.89,201.62,0.27,49.08,0,normal
2026-01-06 13:00:00,notification-service,30.15,45.97,35.69,447.57,528.63,113.32,0.23,33.06,0,normal
2026-01-06 13:00:00,database,67.26,64.04,40.88,1155.15,1285.69,108.47,0.18,69.37,0,normal
2026-01-06 13:05:00,api-gateway,54.88,60.11,37.71,1040.65,1223.32,163.44,0.16,35.01,0,normal
2026-01-06 13:05:00,user-service,41.56,50.5,43.66,783.27,667.25,137.67,0.2,41.62,0,normal
2026-01-06 13:05:00,payment-service,57.35,58.08,46.72,887.72,910.03,179.46,0.18,52.32,0,normal
2026-01-06 13:05:00,notification-service,35.94,42.76,61.07,540.8,546.82,128.77,0.11,32.44,0,normal
2026-01-06 13:05:00,database,60.38,65.62,64.1,1504.36,1307.89,102.14,0.22,75.34,0,normal
2026-01-06 13:10:00,api-gateway,46.96,56.27,44.12,1091.97,1204.05,152.09,0.23,38.94,0,normal
2026-01-06 13:10:00,user-service,39.51,51.1,58.97,622.88,634.26,130.16,0.24,37.0,0,normal
2026-01-06 13:10:00,payment-service,63.03,60.39,57.53,1042.96,929.99,169.24,0.19,50.3,0,normal
2026-01-06 13:10:00,notification-service,36.97,46.38,45.63,475.85,514.06,106.07,0.19,28.91,0,normal
2026-01-06 13:10:00,database,62.08,65.98,51.8,1365.44,1347.41,113.92,0.22,68.9,0,normal
2026-01-06 13:15:00,api-gateway,53.95,54.17,47.14,1075.22,1190.79,138.59,0.21,32.87,0,normal
2026-01-06 13:15:00,user-service,48.69,49.03,43.71,708.48,674.53,116.85,0.17,38.11,0,normal
2026-01-06 13:15:00,payment-service,61.72,60.86,55.41,989.58,926.6,169.93,0.3,44.19,0,normal
2026-01-06 13:15:00,notification-service,41.15,46.06,56.36,563.61,530.54,123.02,0.21,28.51,0,normal
2026-01-06 13:15:00,database,64.88,63.29,54.34,1272.94,1321.07,100.37,0.17,75.77,0,normal
2026-01-06 13:20:00,api-gateway,60.57,52.71,48.61,1065.08,1151.9,144.08,0.22,36.98,0,normal
2026-01-06 13:20:00,user-service,39.77,51.52,67.35,678.04,632.68,124.85,0.25,34.83,0,normal
2026-01-06 13:20:00,payment-service,55.37,58.62,31.34,1109.37,940.42,174.27,0.23,56.57,0,normal
2026-01-06 13:20:00,notification-service,33.15,44.43,44.87,448.05,494.23,122.13,0.21,26.21,0,normal
2026-01-06 13:20:00,database,67.72,61.1,58.27,1479.16,1304.98,113.01,0.24,74.69,0,normal
2026-01-06 13:25:00,api-gateway,52.69,52.85,36.42,1077.04,1147.18,142.59,0.3,27.23,0,normal
2026-01-06 13:25:00,user-service,38.87,50.29,63.89,686.52,655.39,128.86,0.21,34.39,0,normal
2026-01-06 13:25:00,payment-service,57.28,61.74,43.31,1072.2,964.77,170.72,0.16,56.9,0,normal
2026-01-06 13:25:00,notification-service,41.16,45.19,46.57,525.91,499.5,114.33,0.18,23.88,0,normal
2026-01-06 13:25:00,database,58.54,57.48,37.64,1241.58,1254.74,82.4,0.11,70.71,0,normal
2026-01-06 13:30:00,api-gateway,42.91,54.72,47.94,993.52,1149.62,147.51,0.31,32.21,0,normal
2026-01-06 13:30:00,user-service,42.5,52.39,53.46,652.51,693.26,140.49,0.2,39.16,0,normal
2026-01-06 13:30:00,payment-service,62.41,59.28,42.33,1069.63,899.96,168.91,0.25,54.68,0,normal
2026-01-06 13:30:00,notification-service,37.38,41.5,69.48,421.93,506.23,128.85,0.19,32.2,0,normal
2026-01-06 13:30:00,database,64.9,63.37,36.23,1475.99,1246.93,87.82,0.26,72.81,0,normal
2026-01-06 13:35:00,api-gateway,53.61,49.39,54.48,934.44,1164.37,131.34,0.21,27.95,0,normal
2026-01-06 13:35:00,user-service,46.92,50.15,41.16,787.73,671.47,119.61,0.26,36.83,0,normal
2026-01-06 13:35:00,payment-service,54.2,60.01,37.33,820.65,921.51,162.95,0.22,53.64,0,normal
2026-01-06 13:35:00,notification-service,30.14,43.78,48.93,422.11,524.2,113.45,0.19,26.35,0,normal
2026-01-06 13:35:00,database,52.01,64.83,42.11,1349.18,1344.72,99.11,0.23,68.25,0,normal
2026-01-06 13:40:00,api-gateway,54.4,52.5,41.54,1277.72,1132.66,145.41,0.15,32.13,0,normal
2026-01-06 13:40:00,user-service,39.71,49.64,49.29,785.9,689.94,125.5,0.13,37.87,0,normal
2026-01-06 13:40:00,payment-service,53.2,63.5,62.37,917.62,857.26,174.18,0.13,50.98,0,normal
2026-01-06 13:40:00,notification-service,38.81,48.06,61.38,557.36,515.85,105.59,0.22,28.67,0,normal
2026-01-06 13:40:00,database,65.17,69.54,57.23,1432.62,1264.76,82.3,0.16,68.91,0,normal
2026-01-06 13:45:00,api-gateway,46.69,58.38,60.02,1333.74,1205.5,150.04,0.18,27.33,0,normal
2026-01-06 13:45:00,user-service,35.92,52.4,56.37,616.2,623.6,136.26,0.18,39.1,0,normal
2026-01-06 13:45:00,payment-service,59.59,58.68,34.87,834.04,931.34,183.62,0.13,53.74,0,normal
2026-01-06 13:45:00,notification-service,34.23,46.49,77.23,454.55,475.37,105.85,0.22,26.13,0,normal
2026-01-06 13:45:00,database,60.7,67.44,61.65,1132.68,1295.92,107.23,0.18,70.72,0,normal
2026-01-06 13:50:00,api-gateway,54.71,52.72,55.44,1023.85,1129.86,153.73,0.21,35.48,0,normal
2026-01-06 13:50:00,user-service,36.19,52.26,65.8,519.32,637.46,128.79,0.12,35.43,0,normal
2026-01-06 13:50:00,payment-service,55.67,63.3,50.57,786.1,868.66,156.86,0.24,52.46,0,normal
2026-01-06 13:50:00,notification-service,32.95,48.49,35.2,501.54,516.21,130.55,0.16,26.74,0,normal
2026-01-06 13:50:00,database,55.19,61.38,53.59,1275.21,1213.73,103.43,0.19,72.39,0,normal
2026-01-06 13:55:00,api-gateway,46.34,51.68,28.47,1242.18,1188.04,157.69,0.22,31.5,0,normal
2026-01-06 13:55:00,user-service,45.27,54.54,36.34,553.61,658.95,117.14,0.28,46.89,0,normal
2026-01-06 13:55:00,payment-service,56.59,54.6,36.82,981.4,875.05,196.08,0.21,57.7,0,normal
2026-01-06 13:55:00,notification-service,34.54,42.21,35.45,436.92,525.61,106.53,0.22,27.71,0,normal
2026-01-06 13:55:00,database,58.0,60.74,73.02,1291.82,1402.32,96.38,0.21,74.01,0,normal
2026-01-06 14:00:00,api-gateway,58.78,55.54,50.77,982.59,1176.4,147.86,0.07,33.19,0,normal
2026-01-06 14:00:00,user-service,35.84,49.12,60.01,720.18,648.79,137.54,0.19,41.06,0,normal
2026-01-06 14:00:00,payment-service,56.85,59.77,49.72,1142.49,956.8,168.81,0.18,54.86,0,normal
2026-01-06 14:00:00,notification-service,44.95,41.52,41.39,537.84,535.55,108.11,0.22,31.29,0,normal
2026-01-06 14:00:00,database,61.76,69.09,65.11,1282.53,1233.27,110.81,0.11,71.94,0,normal
2026-01-06 14:05:00,api-gateway,51.63,57.46,50.98,1003.1,1148.71,151.8,0.18,30.67,0,normal
2026-01-06 14:05:00,user-service,37.7,47.03,42.28,564.61,651.68,131.59,0.2,36.85,0,normal
2026-01-06 14:05:00,payment-service,58.63,58.22,43.56,973.52,890.16,176.29,0.21,53.28,0,normal
2026-01-06 14:05:00,notification-service,33.47,39.66,66.69,505.29,513.31,108.93,0.2,24.54,0,normal
2026-01-06 14:05:00,database,63.44,63.25,40.77,1332.45,1280.24,92.15,0.13,67.11,0,normal
2026-01-06 14:10:00,api-gateway,48.34,58.08,50.19,1086.02,1195.82,146.08,0.23,32.81,0,normal
2026-01-06 14:10:00,user-service,33.32,46.55,44.7,671.21,619.1,123.88,0.16,28.26,0,normal
2026-01-06 14:10:00,payment-service,59.1,62.81,53.74,880.5,928.4,175.7,0.17,56.31,0,normal
2026-01-06 14:10:00,notification-service,31.29,44.13,36.69,573.53,520.97,117.33,0.29,27.66,0,normal
2026-01-06 14:10:00,database,60.68,65.53,50.46,1156.66,1329.36,110.88,0.23,73.71,0,normal
2026-01-06 14:15:00,api-gateway,50.05,58.24,53.11,1072.17,1147.71,146.45,0.3,37.44,0,normal
2026-01-06 14:15:00,user-service,43.26,54.73,46.33,682.34,646.86,118.12,0.24,36.55,0,normal
2026-01-06 14:15:00,payment-service,60.51,53.23,57.26,891.63,832.13,185.9,0.22,58.15,0,normal
2026-01-06 14:15:00,notification-service,33.99,41.6,62.95,460.19,489.95,120.89,0.28,24.53,0,normal
2026-01-06 14:15:00,database,63.62,63.64,49.79,1314.04,1287.66,97.15,0.09,77.85,0,normal
2026-01-06 14:20:00,api-gateway,54.99,51.44,52.06,1203.7,1074.64,146.39,0.16,32.22,0,normal
2026-01-06 14:20:00,user-service,36.11,50.64,44.37,603.63,636.24,133.66,0.16,35.05,0,normal
2026-01-06 14:20:00,payment-service,53.89,58.82,56.43,998.42,895.69,182.73,0.18,50.91,0,normal
2026-01-06 14:20:00,notification-service,40.17,42.24,56.18,498.76,528.88,108.09,0.11,30.82,0,normal
2026-01-06 14:20:00,database,61.06,64.22,38.94,1526.18,1295.76,104.81,0.28,77.05,0,normal
2026-01-06 14:25:00,api-gateway,60.72,59.47,56.31,1175.94,1182.98,160.91,0.21,41.1,0,normal
2026-01-06 14:25:00,user-service,44.29,49.21,28.51,591.27,630.81,111.85,0.11,42.76,0,normal
2026-01-06 14:25:00,payment-service,53.36,56.26,46.58,888.04,934.5,172.34,0.23,53.34,0,normal
2026-01-06 14:25:00,notification-service,42.2,48.79,54.21,450.81,538.62,115.87,0.22,30.55,0,normal
2026-01-06 14:25:00,database,61.25,65.33,55.91,1436.18,1233.81,108.2,0.14,76.22,0,normal
2026-01-06 14:30:00,api-gateway,58.27,51.8,52.64,1326.5,1124.82,126.31,0.2,35.2,0,normal
2026-01-06 14:30:00,user-service,40.1,50.9,36.76,713.65,654.66,128.0,0.23,36.15,0,normal
2026-01-06 14:30:00,payment-service,56.87,63.2,45.46,812.95,829.47,161.24,0.25,49.26,0,normal
2026-01-06 14:30:00,notification-service,35.13,48.55,63.92,433.82,480.44,124.63,0.13,29.38,0,normal
2026-01-06 14:30:00,database,65.32,62.54,49.41,1216.84,1382.23,95.5,0.22,74.67,0,normal
2026-01-06 14:35:00,api-gateway,52.43,55.59,32.32,1419.7,1275.0,148.69,0.22,31.94,0,normal
2026-01-06 14:35:00,user-service,41.45,47.13,57.16,557.04,625.57,127.29,0.1,39.77,0,normal
2026-01-06 14:35:00,payment-service,62.22,56.32,61.95,868.31,896.92,191.3,0.27,50.98,0,normal
2026-01-06 14:35:00,notification-service,32.84,41.77,59.04,424.97,518.67,105.45,0.16,25.73,0,normal
2026-01-06 14:35:00,database,59.05,66.35,47.28,1228.67,1430.06,106.27,0.16,71.01,0,normal
2026-01-06 14:40:00,api-gateway,54.25,60.8,56.83,1076.24,1097.06,133.57,0.19,31.58,0,normal
2026-01-06 14:40:00,user-service,35.35,52.75,27.89,703.47,652.63,130.24,0.24,41.73,0,normal
2026-01-06 14:40:00,payment-service,51.45,61.68,45.61,883.67,887.95,154.1,0.18,55.3,0,normal
2026-01-06 14:40:00,notification-service,33.41,42.24,56.29,520.95,498.54,115.23,0.18,29.45,0,normal
2026-01-06 14:40:00,database,66.93,67.92,44.7,1306.59,1277.91,108.89,0.15,71.64,0,normal
2026-01-06 14:45:00,api-gateway,58.65,52.84,62.64,1276.27,1198.69,155.07,0.2,38.73,0,normal
2026-01-06 14:45:00,user-service,39.94,47.83,63.36,740.63,638.11,133.61,0.19,36.21,0,normal
2026-01-06 14:45:00,payment-service,57.31,61.87,46.95,1117.0,947.48,166.56,0.15,49.06,0,normal
2026-01-06 14:45:00,notification-service,37.17,44.33,48.09,412.66,513.47,120.06,0.1,26.71,0,normal
2026-01-06 14:45:00,database,64.13,65.0,70.26,1197.55,1223.97,109.8,0.14,74.09,0,normal
2026-01-06 14:50:00,api-gateway,55.52,55.47,65.37,1201.02,1156.48,141.43,0.24,29.62,0,normal
2026-01-06 14:50:00,user-service,31.91,50.56,55.47,623.9,603.27,109.96,0.21,36.49,0,normal
2026-01-06 14:50:00,payment-service,52.26,63.74,50.96,756.53,850.34,180.3,0.23,53.46,0,normal
2026-01-06 14:50:00,notification-service,41.73,43.11,42.79,530.42,529.62,115.91,0.25,31.2,0,normal
2026-01-06 14:50:00,database,61.39,64.77,41.48,1345.93,1285.66,118.94,0.16,69.27,0,normal
2026-01-06 14:55:00,api-gateway,55.02,54.0,59.39,1318.71,1170.63,145.03,0.26,29.21,0,normal
2026-01-06 14:55:00,user-service,43.76,48.47,49.86,576.12,688.49,131.78,0.18,36.83,0,normal
2026-01-06 14:55:00,payment-service,54.48,63.52,59.9,916.71,903.5,186.7,0.23,52.54,0,normal
2026-01-06 14:55:00,notification-service,42.21,52.48,42.29,504.77,489.28,132.1,0.22,26.18,0,normal
2026-01-06 14:55:00,database,56.81,67.34,42.73,1459.58,1266.2,116.0,0.15,77.08,0,normal
2026-01-06 15:00:00,api-gateway,53.37,52.45,48.61,1093.89,1248.14,128.36,0.18,35.66,0,normal
2026-01-06 15:00:00,user-service,41.53,51.41,44.78,661.92,644.46,119.94,0.23,38.86,0,normal
2026-01-06 15:00:00,payment-service,53.7,56.39,54.53,1048.49,912.9,175.23,0.22,49.45,0,normal
2026-01-06 15:00:00,notification-service,37.71,36.87,71.07,541.93,543.82,119.98,0.28,33.31,0,normal
2026-01-06 15:00:00,database,66.6,66.89,49.24,1392.56,1296.61,108.97,0.21,76.89,0,normal
2026-01-06 15:05:00,api-gateway,54.85,50.74,48.79,1338.54,1167.92,143.22,0.27,33.0,0,normal
2026-01-06 15:05:00,user-service,40.56,53.81,51.06,536.53,623.46,149.51,0.24,32.35,0,normal
2026-01-06 15:05:00,payment-service,59.74,54.6,51.58,931.78,889.28,177.5,0.18,48.39,0,normal
2026-01-06 15:05:00,notification-service,36.09,41.91,72.51,435.14,501.39,126.3,0.16,25.8,0,normal
2026-01-06 15:05:00,database,60.26,66.41,56.56,1311.16,1364.94,99.27,0.25,71.87,0,normal
2026-01-06 15:10:00,api-gateway,50.85,53.18,37.41,1356.64,1179.47,135.69,0.16,31.23,0,normal
2026-01-06 15:10:00,user-service,40.44,48.68,61.07,641.56,676.95,130.41,0.16,41.51,0,normal
2026-01-06 15:10:00,payment-service,57.9,56.12,50.84,1017.05,920.71,171.05,0.28,55.71,0,normal
2026-01-06 15:10:00,notification-service,31.05,44.09,61.39,449.58,521.13,106.26,0.17,30.51,0,normal
2026-01-06 15:10:00,database,57.38,60.8,55.4,1445.26,1256.97,98.15,0.13,70.97,0,normal
2026-01-06 15:15:00,api-gateway,47.33,51.07,61.64,1120.65,1090.51,139.05,0.19,35.75,0,normal
2026-01-06 15:15:00,user-service,41.64,46.22,49.65,626.47,624.83,117.91,0.21,38.86,0,normal
2026-01-06 15:15:00,payment-service,54.31,59.7,40.25,829.68,909.14,171.35,0.21,55.2,0,normal
2026-01-06 15:15:00,notification-service,31.34,45.54,44.3,519.1,531.04,133.02,0.1,28.7,0,normal
2026-01-06 15:15:00,database,57.01,65.79,61.07,1267.82,1306.35,85.96,0.2,71.04,0,normal
2026-01-06 15:20:00,api-gateway,52.55,55.55,50.12,967.34,1164.96,152.46,0.2,32.57,0,normal
2026-01-06 15:20:00,user-service,37.77,49.76,38.18,542.02,639.62,127.35,0.21,39.81,0,normal
2026-01-06 15:20:00,payment-service,60.27,64.16,61.62,942.83,914.59,145.75,0.09,52.46,0,normal
2026-01-06 15:20:00,notification-service,33.95,41.7,49.21,550.92,519.54,118.42,0.22,27.65,0,normal
2026-01-06 15:20:00,database,65.52,65.44,46.5,1418.42,1282.13,106.13,0.18,73.71,0,normal
2026-01-06 15:25:00,api-gateway,54.53,57.36,40.09,1385.38,1191.66,152.3,0.21,28.64,0,normal
2026-01-06 15:25:00,user-service,39.91,44.44,54.85,672.9,657.5,119.56,0.17,38.28,0,normal
2026-01-06 15:25:00,payment-service,59.65,58.73,55.18,903.58,858.76,179.22,0.21,50.87,0,normal
2026-01-06 15:25:00,notification-service,34.31,45.51,58.69,451.61,507.04,134.06,0.14,24.22,0,normal
2026-01-06 15:25:00,database,59.9,65.68,40.93,1110.86,1266.71,108.7,0.21,77.35,0,normal
2026-01-06 15:30:00,api-gateway,45.56,55.9,50.1,1178.22,1159.46,148.55,0.2,25.83,0,normal
2026-01-06 15:30:00,user-service,37.62,48.4,45.0,661.48,652.32,115.28,0.16,42.27,0,normal
2026-01-06 15:30:00,payment-service,64.4,59.98,68.02,869.1,862.62,171.53,0.18,50.31,0,normal
2026-01-06 15:30:00,notification-service,41.88,49.73,44.63,596.66,536.33,113.87,0.23,27.24,0,normal
2026-01-06 15:30:00,database,65.0,61.19,52.47,1412.77,1277.89,100.0,0.3,70.0,0,normal
2026-01-06 15:35:00,api-gateway,51.6,57.88,44.09,1419.03,1226.55,157.09,0.21,32.53,0,normal
2026-01-06 15:35:00,user-service,46.67,55.42,47.18,635.88,599.97,132.13,0.26,34.82,0,normal
2026-01-06 15:35:00,payment-service,56.24,64.61,61.7,943.63,907.66,160.86,0.13,49.62,0,normal
2026-01-06 15:35:00,notification-service,38.17,44.24,50.53,500.17,515.7,127.56,0.24,23.65,0,normal
2026-01-06 15:35:00,database,66.67,66.19,50.71,1314.24,1257.37,144.44,0.62,71.67,0,normal
2026-01-06 15:40:00,api-gateway,55.98,54.14,65.89,1323.23,1167.2,131.48,0.24,34.45,0,normal
2026-01-06 15:40:00,user-service,41.87,49.33,48.48,757.42,671.61,125.84,0.23,42.61,0,normal
2026-01-06 15:40:00,payment-service,60.4,58.1,58.54,1006.06,926.7,172.33,0.19,52.52,0,normal
2026-01-06 15:40:00,notification-service,38.91,45.69,48.15,524.51,505.23,102.61,0.3,29.18,0,normal
2026-01-06 15:40:00,database,68.33,67.76,37.79,1184.6,1266.34,188.89,0.93,73.33,0,normal
2026-01-06 15:45:00,api-gateway,48.89,54.36,38.13,1168.61,1191.69,147.13,0.21,35.11,0,normal
2026-01-06 15:45:00,user-service,32.54,46.82,50.86,759.95,640.61,131.61,0.21,41.86,0,normal
2026-01-06 15:45:00,payment-service,57.61,63.9,43.58,945.29,856.44,250.0,1.0,65.0,0,db_connection_saturation
2026-01-06 15:45:00,notification-service,34.91,38.52,60.7,526.7,518.04,98.58,0.25,29.59,0,normal
2026-01-06 15:45:00,database,70.0,68.91,32.2,1460.18,1232.64,233.33,1.25,75.0,0,normal
2026-01-06 15:50:00,api-gateway,45.08,54.65,50.08,1364.53,1248.44,136.38,0.21,38.48,0,normal
2026-01-06 15:50:00,user-service,43.73,49.13,67.3,666.97,646.67,132.84,0.22,40.1,0,normal
2026-01-06 15:50:00,payment-service,54.8,61.92,51.37,892.76,908.74,353.33,1.47,67.33,0,db_connection_saturation
2026-01-06 15:50:00,notification-service,32.02,40.71,72.41,576.88,522.74,107.3,0.14,28.21,0,normal
2026-01-06 15:50:00,database,71.67,64.99,57.99,1163.16,1286.82,277.78,1.57,76.67,0,normal
2026-01-06 15:55:00,api-gateway,52.37,56.19,50.72,975.9,1170.38,128.5,0.23,35.38,0,normal
2026-01-06 15:55:00,user-service,36.38,47.23,49.97,784.65,663.88,131.47,0.14,35.37,0,normal
2026-01-06 15:55:00,payment-service,57.07,56.47,45.63,847.9,888.53,456.67,1.93,69.67,0,db_connection_saturation
2026-01-06 15:55:00,notification-service,24.72,41.83,33.1,444.89,505.05,100.59,0.21,28.24,0,normal
2026-01-06 15:55:00,database,73.33,64.38,46.6,1312.55,1341.4,322.22,1.88,78.33,0,normal
2026-01-06 16:00:00,api-gateway,49.74,56.74,44.25,1351.16,1165.26,147.3,0.18,28.43,0,normal
2026-01-06 16:00:00,user-service,36.73,51.06,62.77,764.41,646.25,125.01,0.18,32.25,0,normal
2026-01-06 16:00:00,payment-service,55.64,62.92,53.05,835.38,938.53,560.0,2.4,72.0,0,db_connection_saturation
2026-01-06 16:00:00,notification-service,39.51,43.52,48.28,448.53,498.32,103.35,0.2,30.42,0,normal
2026-01-06 16:00:00,database,75.0,66.69,50.57,1383.92,1256.77,366.67,2.2,80.0,0,normal
2026-01-06 16:05:00,api-gateway,54.49,56.74,44.56,1301.64,1089.51,137.78,0.22,30.26,0,normal
2026-01-06 16:05:00,user-service,43.4,51.41,67.24,588.24,646.97,135.26,0.27,39.36,0,normal
2026-01-06 16:05:00,payment-service,56.02,57.59,38.38,919.47,920.58,663.33,2.87,74.33,0,db_connection_saturation
2026-01-06 16:05:00,notification-service,36.82,40.39,54.34,601.56,516.42,129.36,0.26,29.24,0,normal
2026-01-06 16:05:00,database,76.67,66.1,58.21,1226.92,1318.04,411.11,2.52,81.67,0,normal
2026-01-06 16:10:00,api-gateway,53.71,63.18,44.47,1032.85,1126.02,160.11,0.24,31.97,0,normal
2026-01-06 16:10:00,user-service,44.81,47.48,72.87,746.97,637.72,142.3,0.18,40.34,0,normal
2026-01-06 16:10:00,payment-service,58.31,54.96,36.22,774.5,891.61,766.67,3.33,76.67,0,db_connection_saturation
2026-01-06 16:10:00,notification-service,38.28,43.55,47.05,579.48,538.59,111.51,0.26,30.45,0,normal
2026-01-06 16:10:00,database,78.33,61.59,40.38,1484.81,1324.86,455.56,2.83,83.33,0,normal
2026-01-06 16:15:00,api-gateway,49.43,58.69,69.27,1256.98,1104.9,163.54,0.22,33.99,0,normal
2026-01-06 16:15:00,user-service,41.87,47.26,57.16,623.46,655.54,117.52,0.19,38.79,0,normal
2026-01-06 16:15:00,payment-service,52.16,59.0,41.05,755.24,897.52,870.0,3.8,79.0,0,db_connection_saturation
2026-01-06 16:15:00,notification-service,36.65,45.11,69.46,541.82,486.55,126.23,0.24,27.63,0,normal
2026-01-06 16:15:00,database,80.0,63.96,55.77,1132.69,1302.0,500.0,3.15,85.0,0,normal
2026-01-06 16:20:00,api-gateway,49.79,57.13,63.84,1344.47,1144.19,128.41,0.21,33.57,0,normal
2026-01-06 16:20:00,user-service,40.43,48.96,40.76,746.11,640.86,117.01,0.18,41.18,0,normal
2026-01-06 16:20:00,payment-service,55.34,62.37,52.1,908.85,917.8,973.33,4.27,81.33,0,db_connection_saturation
2026-01-06 16:20:00,notification-service,33.09,45.15,40.08,505.8,533.37,110.56,0.25,31.05,0,normal
2026-01-06 16:20:00,database,81.67,60.4,47.34,1183.19,1166.64,544.44,3.47,86.67,0,normal
2026-01-06 16:25:00,api-gateway,54.01,54.83,65.76,1335.97,1162.21,150.09,0.19,32.01,0,normal
2026-01-06 16:25:00,user-service,43.86,45.58,65.32,628.69,660.6,131.73,0.29,44.44,0,normal
2026-01-06 16:25:00,payment-service,56.38,55.59,73.65,833.71,976.87,1076.67,4.73,83.67,0,db_connection_saturation
2026-01-06 16:25:00,notification-service,43.47,47.37,53.49,490.01,492.74,117.77,0.13,24.16,0,normal
2026-01-06 16:25:00,database,83.33,59.44,62.07,1544.66,1306.87,588.89,3.78,88.33,0,normal
2026-01-06 16:30:00,api-gateway,46.03,57.91,52.37,1295.5,1192.51,146.91,0.28,37.43,0,normal
2026-01-06 16:30:00,user-service,38.66,50.59,56.28,690.81,674.75,123.76,0.17,36.17,0,normal
2026-01-06 16:30:00,payment-service,54.07,61.76,58.79,982.92,891.73,1180.0,5.2,86.0,0,db_connection_saturation
2026-01-06 16:30:00,notification-service,35.61,49.32,37.58,449.92,525.52,118.81,0.17,30.77,0,normal
2026-01-06 16:30:00,database,85.0,64.32,60.12,1441.37,1322.51,633.33,4.1,90.0,0,normal
2026-01-06 16:35:00,api-gateway,55.56,58.42,49.93,1032.13,1231.65,146.24,0.18,31.64,0,normal
2026-01-06 16:35:00,user-service,38.88,50.8,37.47,726.15,653.3,123.78,0.23,39.11,0,normal
2026-01-06 16:35:00,payment-service,56.34,53.48,57.63,925.34,898.81,1283.33,5.67,88.33,0,db_connection_saturation
2026-01-06 16:35:00,notification-service,34.96,49.08,51.81,556.39,526.06,114.03,0.13,25.69,0,normal
2026-01-06 16:35:00,database,86.67,60.57,48.94,1044.83,1272.83,677.78,4.42,91.67,0,normal
2026-01-06 16:40:00,api-gateway,53.65,58.56,68.17,1237.24,1136.05,145.09,0.19,34.69,0,normal
2026-01-06 16:40:00,user-service,42.81,49.19,52.0,560.35,638.95,127.93,0.12,34.81,0,normal
2026-01-06 16:40:00,payment-service,55.17,55.53,52.92,986.95,920.94,1386.67,6.13,90.67,0,db_connection_saturation
2026-01-06 16:40:00,notification-service,38.21,42.05,49.61,506.46,555.11,117.25,0.11,28.58,0,normal
2026-01-06 16:40:00,database,88.33,61.78,59.15,1377.38,1325.19,722.22,4.73,93.33,0,normal
2026-01-06 16:45:00,api-gateway,43.71,58.28,50.49,1152.03,1199.23,144.62,0.25,29.86,0,normal
2026-01-06 16:45:00,user-service,43.93,44.0,40.52,756.47,641.28,128.49,0.19,36.44,0,normal
2026-01-06 16:45:00,payment-service,54.12,65.25,59.34,813.8,965.97,1490.0,6.6,93.0,0,db_connection_saturation
2026-01-06 16:45:00,notification-service,43.91,50.35,60.48,426.1,514.36,114.09,0.19,23.24,0,normal
2026-01-06 16:45:00,database,90.0,68.48,44.07,1055.88,1255.67,766.67,5.05,95.0,0,normal
2026-01-06 16:50:00,api-gateway,47.78,51.56,54.39,972.84,1146.65,139.73,0.26,31.6,0,normal
2026-01-06 16:50:00,user-service,36.56,54.56,36.28,687.47,662.45,129.79,0.2,39.15,0,normal
2026-01-06 16:50:00,payment-service,57.16,62.05,53.37,866.83,852.97,1593.33,7.07,95.33,0,db_connection_saturation
2026-01-06 16:50:00,notification-service,39.23,46.79,51.33,483.71,558.89,126.77,0.14,27.37,0,normal
2026-01-06 16:50:00,database,91.67,67.56,46.65,1385.29,1286.76,811.11,5.37,96.67,0,normal
2026-01-06 16:55:00,api-gateway,54.68,55.52,54.87,1285.69,1232.66,158.53,0.24,31.53,0,normal
2026-01-06 16:55:00,user-service,40.78,45.54,59.86,547.18,634.23,122.67,0.22,35.13,0,normal
2026-01-06 16:55:00,payment-service,56.3,61.95,48.56,1059.71,929.76,1696.67,7.53,97.67,0,db_connection_saturation
2026-01-06 16:55:00,notification-service,39.65,41.31,49.62,439.81,506.74,107.12,0.26,26.26,0,normal
2026-01-06 16:55:00,database,93.33,65.75,50.53,1320.35,1306.75,855.56,5.68,98.33,0,normal
2026-01-06 17:00:00,api-gateway,51.86,56.06,62.86,1404.82,1198.85,128.27,0.24,27.39,0,normal
2026-01-06 17:00:00,user-service,40.18,56.85,60.72,513.2,634.26,127.72,0.31,35.75,0,normal
2026-01-06 17:00:00,payment-service,51.78,62.63,47.94,880.22,871.3,1800.0,8.0,100.0,0,db_connection_saturation
2026-01-06 17:00:00,notification-service,40.57,39.36,47.29,593.52,529.57,119.77,0.25,35.15,0,normal
2026-01-06 17:00:00,database,95.0,58.02,62.59,1311.45,1305.36,900.0,6.0,100.0,0,normal
2026-01-06 17:05:00,api-gateway,54.35,52.93,49.21,1213.45,1096.19,154.09,0.18,30.13,0,normal
2026-01-06 17:05:00,user-service,41.57,44.05,34.89,661.28,631.95,124.75,0.26,37.86,0,normal
2026-01-06 17:05:00,payment-service,50.1,61.99,48.59,819.47,900.1,172.69,0.15,48.6,0,normal
2026-01-06 17:05:00,notification-service,37.39,44.37,52.6,522.59,561.23,124.62,0.26,32.12,0,normal
2026-01-06 17:05:00,database,60.47,64.86,48.91,1305.37,1298.82,99.57,0.23,71.87,0,normal
2026-01-06 17:10:00,api-gateway,49.92,52.59,52.44,947.68,1104.48,166.37,0.28,32.55,0,normal
2026-01-06 17:10:00,user-service,38.91,49.54,49.94,671.29,658.34,110.62,0.14,37.25,0,normal
2026-01-06 17:10:00,payment-service,57.28,64.25,57.16,944.79,913.31,179.26,0.17,52.25,0,normal
2026-01-06 17:10:00,notification-service,36.07,42.54,39.98,553.14,518.02,106.22,0.19,24.16,0,normal
2026-01-06 17:10:00,database,65.2,67.56,38.34,1141.55,1339.49,110.5,0.17,70.07,0,normal
2026-01-06 17:15:00,api-gateway,53.68,54.34,48.67,1290.43,1154.16,140.22,0.15,34.9,0,normal
2026-01-06 17:15:00,user-service,42.52,50.36,66.69,568.41,635.01,131.28,0.24,39.6,0,normal
2026-01-06 17:15:00,payment-service,56.51,53.54,51.54,979.48,914.5,192.11,0.34,50.64,0,normal
2026-01-06 17:15:00,notification-service,32.68,45.57,54.19,627.53,531.25,115.4,0.16,28.72,0,normal
2026-01-06 17:15:00,database,61.05,63.5,70.57,1107.96,1231.53,83.09,0.23,73.48,0,normal
2026-01-06 17:20:00,api-gateway,58.39,56.88,52.29,1288.75,1156.3,145.28,0.21,37.29,0,normal
2026-01-06 17:20:00,user-service,37.25,48.31,45.34,723.97,676.05,131.65,0.2,39.16,0,normal
2026-01-06 17:20:00,payment-service,52.89,56.89,65.86,860.32,852.79,176.32,0.21,57.05,0,normal
2026-01-06 17:20:00,notification-service,41.72,44.02,53.56,541.01,541.33,111.88,0.2,25.51,0,normal
2026-01-06 17:20:00,database,63.34,68.23,43.09,1386.84,1321.8,91.54,0.19,76.47,0,normal
2026-01-06 17:25:00,api-gateway,46.84,52.71,47.97,1312.31,1206.9,147.67,0.16,30.93,0,normal
2026-01-06 17:25:00,user-service,44.13,51.04,52.43,587.27,626.81,125.12,0.22,34.57,0,normal
2026-01-06 17:25:00,payment-service,56.46,55.22,67.61,1006.59,956.06,184.61,0.12,54.77,0,normal
2026-01-06 17:25:00,notification-service,35.83,45.79,48.55,663.46,563.64,118.78,0.25,33.58,0,normal
2026-01-06 17:25:00,database,54.14,63.69,46.5,1427.7,1243.65,109.52,0.3,73.59,0,normal
2026-01-06 17:30:00,api-gateway,52.94,52.61,52.0,1023.37,1134.2,150.15,0.26,28.68,0,normal
2026-01-06 17:30:00,user-service,40.85,50.4,51.84,721.43,649.68,128.32,0.3,37.23,0,normal
2026-01-06 17:30:00,payment-service,54.73,63.22,61.82,1063.83,918.82,167.15,0.24,58.48,0,normal
2026-01-06 17:30:00,notification-service,27.34,41.93,47.61,558.16,529.36,123.51,0.28,26.5,0,normal
2026-01-06 17:30:00,database,59.34,64.49,59.41,1292.76,1214.56,107.52,0.19,74.71,0,normal
2026-01-06 17:35:00,api-gateway,50.51,52.62,57.38,1201.49,1173.98,153.65,0.2,32.34,0,normal
2026-01-06 17:35:00,user-service,42.71,51.55,30.14,598.76,655.0,132.45,0.25,42.79,0,normal
2026-01-06 17:35:00,payment-service,54.08,56.8,53.6,996.22,939.18,194.97,0.24,58.2,0,normal
2026-01-06 17:35:00,notification-service,36.89,47.32,64.39,637.54,542.97,107.35,0.23,31.01,0,normal
2026-01-06 17:35:00,database,57.52,65.84,60.36,1350.98,1308.71,111.96,0.24,73.09,0,normal
2026-01-06 17:40:00,api-gateway,50.63,56.67,45.95,1403.27,1190.77,140.89,0.17,37.21,0,normal
2026-01-06 17:40:00,user-service,39.23,58.71,46.68,745.24,623.11,119.95,0.34,42.0,0,normal
2026-01-06 17:40:00,payment-service,62.02,61.64,45.54,906.75,910.55,171.85,0.14,50.29,0,normal
2026-01-06 17:40:00,notification-service,35.26,44.81,47.71,423.68,527.48,109.53,0.26,29.26,0,normal
2026-01-06 17:40:00,database,57.8,61.81,62.93,1046.69,1164.59,111.04,0.15,73.09,0,normal
2026-01-06 17:45:00,api-gateway,49.49,50.94,50.43,1092.64,1202.63,133.16,0.24,32.95,0,normal
2026-01-06 17:45:00,user-service,41.83,52.48,47.45,652.49,601.41,103.27,0.29,39.14,0,normal
2026-01-06 17:45:00,payment-service,59.59,56.57,50.55,1084.92,935.91,177.71,0.21,53.52,0,normal
2026-01-06 17:45:00,notification-service,32.11,44.56,49.38,463.19,518.72,115.46,0.19,24.45,0,normal
2026-01-06 17:45:00,database,63.64,69.62,65.83,1184.98,1273.97,104.41,0.16,72.14,0,normal
2026-01-06 17:50:00,api-gateway,49.17,51.28,57.37,1020.32,1193.71,159.22,0.19,29.72,0,normal
2026-01-06 17:50:00,user-service,41.38,55.32,66.1,686.87,666.75,144.38,0.3,42.71,0,normal
2026-01-06 17:50:00,payment-service,53.61,58.73,42.62,1090.25,939.23,184.05,0.19,49.56,0,normal
2026-01-06 17:50:00,notification-service,40.97,50.34,56.07,426.06,496.47,106.61,0.22,24.24,0,normal
2026-01-06 17:50:00,database,61.34,63.41,51.77,1375.74,1250.95,98.3,0.24,71.76,0,normal
2026-01-06 17:55:00,api-gateway,48.67,57.22,37.25,1334.0,1183.19,151.55,0.26,32.65,0,normal
2026-01-06 17:55:00,user-service,39.01,51.94,77.27,706.42,618.84,103.2,0.21,38.35,0,normal
2026-01-06 17:55:00,payment-service,65.88,55.86,37.73,910.34,925.13,193.01,0.24,54.68,0,normal
2026-01-06 17:55:00,notification-service,32.97,38.91,57.27,583.02,489.74,144.14,0.24,23.56,0,normal
2026-01-06 17:55:00,database,56.52,68.12,46.01,1282.5,1254.7,110.26,0.19,72.18,0,normal
2026-01-06 18:00:00,api-gateway,50.51,60.23,48.97,1360.16,1187.71,146.72,0.23,35.74,0,normal
2026-01-06 18:00:00,user-service,46.27,65.0,58.93,675.17,677.87,121.79,0.3,36.51,0,memory_leak
2026-01-06 18:00:00,payment-service,55.76,65.4,59.27,939.67,854.46,193.19,0.15,51.29,0,normal
2026-01-06 18:00:00,notification-service,39.73,43.22,32.76,571.61,479.93,131.2,0.12,17.76,0,normal
2026-01-06 18:00:00,database,63.06,65.47,38.33,1100.86,1314.57,85.94,0.28,70.48,0,normal
2026-01-06 18:05:00,api-gateway,53.04,53.01,62.87,1121.26,1173.63,135.25,0.19,31.75,0,normal
2026-01-06 18:05:00,user-service,36.14,66.38,52.32,725.67,619.84,154.1,0.5,30.0,0,memory_leak
2026-01-06 18:05:00,payment-service,55.11,64.15,58.42,976.04,901.13,176.54,0.24,53.82,0,normal
2026-01-06 18:05:00,notification-service,38.35,46.93,41.21,506.69,496.15,111.39,0.18,26.36,0,normal
2026-01-06 18:05:00,database,66.21,66.42,58.9,1226.17,1230.98,87.94,0.22,72.41,0,normal
2026-01-06 18:10:00,api-gateway,41.54,56.1,50.03,1359.1,1255.41,149.55,0.17,35.01,0,normal
2026-01-06 18:10:00,user-service,38.18,67.75,51.16,574.76,622.65,143.15,0.69,37.76,0,memory_leak
2026-01-06 18:10:00,payment-service,60.66,58.0,43.23,882.61,920.51,195.63,0.23,50.4,0,normal
2026-01-06 18:10:00,notification-service,35.11,47.42,55.37,573.58,510.68,125.64,0.18,24.61,0,normal
2026-01-06 18:10:00,database,57.72,62.75,55.16,1049.02,1247.0,104.47,0.25,68.92,0,normal
2026-01-06 18:15:00,api-gateway,47.75,54.47,45.1,1161.72,1131.09,134.51,0.2,31.93,0,normal
2026-01-06 18:15:00,user-service,40.05,69.12,40.78,681.36,618.26,149.31,0.89,40.12,0,memory_leak
2026-01-06 18:15:00,payment-service,54.71,60.24,78.43,919.62,947.17,181.1,0.09,54.47,0,normal
2026-01-06 18:15:00,notification-service,38.81,42.78,52.39,597.65,501.75,124.84,0.17,29.91,0,normal
2026-01-06 18:15:00,database,63.01,64.37,47.8,1375.21,1289.28,89.72,0.27,74.22,0,normal
2026-01-06 18:20:00,api-gateway,50.85,52.2,36.84,1175.35,1093.51,155.57,0.16,35.7,0,normal
2026-01-06 18:20:00,user-service,44.42,70.5,53.05,695.61,656.12,189.01,1.08,36.44,0,memory_leak
2026-01-06 18:20:00,payment-service,58.38,62.01,50.83,766.94,858.09,177.14,0.16,48.27,0,normal
2026-01-06 18:20:00,notification-service,34.06,44.25,63.13,432.64,507.74,115.69,0.17,22.97,0,normal
2026-01-06 18:20:00,database,61.5,61.0,53.56,1536.56,1300.8,102.6,0.17,74.79,0,normal
2026-01-06 18:25:00,api-gateway,45.62,53.41,39.15,1250.83,1170.66,153.37,0.29,35.33,0,normal
2026-01-06 18:25:00,user-service,37.46,71.88,56.79,550.7,671.74,156.4,1.28,41.53,0,memory_leak
2026-01-06 18:25:00,payment-service,56.81,60.76,46.95,1046.69,968.66,186.45,0.21,52.14,0,normal
2026-01-06 18:25:00,notification-service,36.79,44.82,33.28,555.7,522.07,110.46,0.11,30.7,0,normal
2026-01-06 18:25:00,database,64.36,63.64,54.16,1316.48,1272.65,107.21,0.22,66.65,0,normal
2026-01-06 18:30:00,api-gateway,42.72,53.76,32.92,1183.11,1214.97,152.13,0.15,34.15,0,normal
2026-01-06 18:30:00,user-service,40.45,73.25,35.42,667.38,665.28,165.08,1.48,35.19,0,memory_leak
2026-01-06 18:30:00,payment-service,54.8,59.09,40.21,1002.43,863.86,166.91,0.18,51.29,0,normal
2026-01-06 18:30:00,notification-service,31.21,44.62,59.09,520.04,555.89,122.0,0.27,26.54,0,normal
2026-01-06 18:30:00,database,69.14,66.57,37.08,1333.13,1296.3,94.4,0.26,76.74,0,normal
2026-01-06 18:35:00,api-gateway,54.58,57.9,34.69,1014.46,1203.52,137.54,0.23,29.33,0,normal
2026-01-06 18:35:00,user-service,47.08,74.62,42.59,772.32,679.97,160.04,1.67,36.48,0,memory_leak
2026-01-06 18:35:00,payment-service,61.73,53.26,57.12,1110.5,947.9,171.88,0.12,52.46,0,normal
2026-01-06 18:35:00,notification-service,35.7,41.87,58.59,530.61,497.38,108.46,0.18,30.07,0,normal
2026-01-06 18:35:00,database,59.22,62.19,62.64,1354.98,1292.15,107.74,0.25,73.08,0,normal
2026-01-06 18:40:00,api-gateway,51.31,61.04,66.03,967.65,1198.2,152.02,0.28,33.91,0,normal
2026-01-06 18:40:00,user-service,38.33,76.0,56.02,692.2,614.02,169.58,1.87,41.13,0,memory_leak
2026-01-06 18:40:00,payment-service,48.92,56.62,49.53,961.76,828.35,167.75,0.17,51.81,0,normal
2026-01-06 18:40:00,notification-service,33.59,44.99,46.52,597.21,510.07,112.34,0.07,29.15,0,normal
2026-01-06 18:40:00,database,62.01,62.98,51.64,1212.79,1210.46,112.83,0.19,76.2,0,normal
2026-01-06 18:45:00,api-gateway,51.76,52.93,63.13,1006.57,1200.05,148.38,0.24,27.19,0,normal
2026-01-06 18:45:00,user-service,39.26,77.38,50.14,494.78,618.13,186.73,2.06,38.02,0,memory_leak
2026-01-06 18:45:00,payment-service,53.4,61.84,47.04,1018.64,941.53,177.04,0.24,48.76,0,normal
2026-01-06 18:45:00,notification-service,35.44,47.5,60.9,467.55,542.17,123.21,0.13,29.35,0,normal
2026-01-06 18:45:00,database,64.78,57.39,48.43,1354.94,1304.82,98.62,0.19,72.86,0,normal
2026-01-06 18:50:00,api-gateway,49.89,57.42,48.21,1318.67,1113.27,151.05,0.16,34.42,0,normal
2026-01-06 18:50:00,user-service,47.92,78.75,48.39,683.12,653.18,192.35,2.26,40.51,0,memory_leak
2026-01-06 18:50:00,payment-service,57.46,64.69,35.68,891.93,925.0,178.57,0.17,54.58,0,normal
2026-01-06 18:50:00,notification-service,37.08,48.73,61.99,622.79,541.49,109.1,0.2,21.47,0,normal
2026-01-06 18:50:00,database,54.5,68.67,24.45,1526.03,1310.85,88.69,0.29,78.27,0,normal
2026-01-06 18:55:00,api-gateway,49.13,50.07,38.27,1343.04,1240.06,141.18,0.24,30.48,0,normal
2026-01-06 18:55:00,user-service,38.84,80.12,64.56,726.22,670.51,186.18,2.45,40.44,0,memory_leak
2026-01-06 18:55:00,payment-service,55.52,60.56,54.03,796.72,911.07,183.87,0.13,49.49,0,normal
2026-01-06 18:55:00,notification-service,35.87,47.18,38.25,542.63,514.26,115.04,0.16,25.3,0,normal
2026-01-06 18:55:00,database,59.39,66.34,59.02,1114.59,1294.65,113.66,0.21,73.9,0,normal
2026-01-06 19:00:00,api-gateway,48.38,52.98,51.03,772.46,956.08,164.16,0.2,24.53,0,normal
2026-01-06 19:00:00,user-service,34.25,81.5,48.23,508.96,494.77,209.11,2.65,37.2,0,memory_leak
2026-01-06 19:00:00,payment-service,46.58,65.02,30.49,781.14,749.61,167.14,0.18,49.18,0,normal
2026-01-06 19:00:00,notification-service,30.68,45.37,67.51,455.15,391.55,102.27,0.21,28.4,0,normal
2026-01-06 19:00:00,database,56.85,65.25,44.89,801.7,960.81,91.15,0.18,66.4,0,normal
2026-01-06 19:05:00,api-gateway,48.45,51.52,48.57,1128.08,954.94,128.29,0.18,33.03,0,normal
2026-01-06 19:05:00,user-service,34.17,82.88,50.48,516.79,512.88,237.25,2.85,34.48,0,memory_leak
2026-01-06 19:05:00,payment-service,45.07,61.82,44.83,739.5,705.74,181.16,0.19,47.08,0,normal
2026-01-06 19:05:00,notification-service,35.11,45.79,51.2,428.12,400.06,123.56,0.19,20.48,0,normal
2026-01-06 19:05:00,database,54.15,61.7,44.41,976.68,1027.66,98.03,0.19,73.06,0,normal
2026-01-06 19:10:00,api-gateway,37.42,54.27,54.27,813.4,911.44,144.39,0.31,30.18,0,normal
2026-01-06 19:10:00,user-service,29.0,84.25,60.17,396.83,493.28,232.32,3.04,38.26,0,memory_leak
2026-01-06 19:10:00,payment-service,47.78,56.57,44.13,751.91,721.9,159.0,0.18,45.17,0,normal
2026-01-06 19:10:00,notification-service,22.9,43.77,38.53,342.81,420.24,111.15,0.17,20.29,0,normal
2026-01-06 19:10:00,database,58.93,61.49,77.64,870.65,1020.34,100.6,0.15,72.77,0,normal
2026-01-06 19:15:00,api-gateway,54.98,52.93,69.39,847.17,1005.36,137.2,0.29,33.96,0,normal
2026-01-06 19:15:00,user-service,33.81,85.62,55.07,525.19,464.89,226.64,3.24,32.1,0,memory_leak
2026-01-06 19:15:00,payment-service,51.93,62.4,46.98,716.2,667.77,172.28,0.14,49.19,0,normal
2026-01-06 19:15:00,notification-service,29.79,45.27,45.65,321.49,393.63,113.97,0.2,25.38,0,normal
2026-01-06 19:15:00,database,52.43,61.4,46.31,1055.13,1052.85,109.39,0.19,68.32,0,normal
2026-01-06 19:20:00,api-gateway,50.22,56.11,44.75,994.82,855.42,132.61,0.16,28.39,0,normal
2026-01-06 19:20:00,user-service,28.24,87.0,64.92,463.06,525.61,241.47,3.43,36.24,0,memory_leak
2026-01-06 19:20:00,payment-service,50.0,60.51,56.26,625.39,671.29,187.75,0.18,50.56,0,normal
2026-01-06 19:20:00,notification-service,32.28,49.91,55.21,497.23,416.3,131.57,0.26,27.24,0,normal
2026-01-06 19:20:00,database,61.76,63.57,49.95,866.17,978.26,99.18,0.17,68.39,0,normal
2026-01-06 19:25:00,api-gateway,48.26,50.27,37.36,881.61,848.08,148.74,0.2,30.21,0,normal
2026-01-06 19:25:00,user-service,38.09,88.38,41.39,501.5,500.74,227.38,3.63,30.22,0,memory_leak
2026-01-06 19:25:00,payment-service,51.57,58.81,47.37,838.82,735.06,176.28,0.17,49.95,0,normal
2026-01-06 19:25:00,notification-service,25.95,49.05,35.01,369.84,402.19,103.59,0.24,27.48,0,normal
2026-01-06 19:25:00,database,57.86,63.34,38.07,945.62,991.01,116.27,0.2,73.44,0,normal
2026-01-06 19:30:00,api-gateway,41.75,50.83,31.63,877.64,900.67,144.2,0.21,29.27,0,normal
2026-01-06 19:30:00,user-service,36.25,89.75,50.08,596.74,511.91,224.56,3.82,31.68,0,memory_leak
2026-01-06 19:30:00,payment-service,47.16,61.36,70.63,524.94,617.78,162.73,0.17,50.3,0,normal
2026-01-06 19:30:00,notification-service,34.39,46.01,49.95,439.25,396.24,106.37,0.26,20.74,0,normal
2026-01-06 19:30:00,database,59.4,65.54,52.24,1237.88,1036.54,124.69,0.08,71.07,0,normal
2026-01-06 19:35:00,api-gateway,44.26,51.64,54.96,772.41,950.44,135.8,0.23,27.02,0,normal
2026-01-06 19:35:00,user-service,38.12,91.12,52.37,422.12,494.06,261.72,4.02,31.97,0,memory_leak
2026-01-06 19:35:00,payment-service,53.57,64.01,41.33,868.46,737.11,174.36,0.13,54.85,0,normal
2026-01-06 19:35:00,notification-service,29.18,47.68,56.94,346.84,423.81,123.96,0.22,25.78,0,normal
2026-01-06 19:35:00,database,55.59,65.2,31.99,1058.46,1023.12,92.86,0.14,72.45,0,normal
2026-01-06 19:40:00,api-gateway,46.89,52.37,53.95,805.99,959.43,128.61,0.19,30.55,0,normal
2026-01-06 19:40:00,user-service,41.96,92.5,35.51,362.68,445.01,278.74,4.22,35.98,0,memory_leak
2026-01-06 19:40:00,payment-service,53.64,60.04,65.93,798.21,709.47,184.47,0.15,48.93,0,normal
2026-01-06 19:40:00,notification-service,29.35,50.08,54.81,359.22,393.73,97.13,0.16,27.86,0,normal
2026-01-06 19:40:00,database,58.68,66.11,53.57,919.6,1042.35,93.09,0.16,68.47,0,normal
2026-01-06 19:45:00,api-gateway,40.17,54.03,50.93,795.47,828.85,146.1,0.22,34.81,0,normal
2026-01-06 19:45:00,user-service,31.16,93.88,38.77,444.01,511.71,276.37,4.41,32.93,0,memory_leak
2026-01-06 19:45:00,payment-service,54.76,63.01,35.02,641.01,722.95,173.85,0.23,51.02,0,normal
2026-01-06 19:45:00,notification-service,30.51,47.07,54.09,435.45,370.82,111.93,0.16,28.93,0,normal
2026-01-06 19:45:00,database,54.96,62.07,53.55,839.45,893.38,86.34,0.17,66.26,0,normal
2026-01-06 19:50:00,api-gateway,41.3,53.16,44.76,933.94,855.28,159.43,0.13,29.33,0,normal
2026-01-06 19:50:00,user-service,29.93,95.25,48.11,567.36,525.41,280.85,4.61,36.56,0,memory_leak
2026-01-06 19:50:00,payment-service,51.43,58.94,49.17,638.53,746.9,185.08,0.17,53.13,0,normal
2026-01-06 19:50:00,notification-service,27.28,45.52,52.96,404.4,413.21,99.15,0.32,26.51,0,normal
2026-01-06 19:50:00,database,59.45,64.62,71.46,1145.74,978.69,87.54,0.16,66.55,0,normal
2026-01-06 19:55:00,api-gateway,49.44,56.12,51.78,842.15,889.6,133.59,0.19,30.8,0,normal
2026-01-06 19:55:00,user-service,28.87,96.62,40.25,498.88,476.39,199.37,4.8,36.7,0,memory_leak
2026-01-06 19:55:00,payment-service,47.65,60.8,50.3,672.86,651.81,157.46,0.14,47.55,0,normal
2026-01-06 19:55:00,notification-service,26.74,41.95,49.0,309.27,352.18,125.68,0.14,28.83,0,normal
2026-01-06 19:55:00,database,54.03,61.33,74.23,787.82,967.18,113.14,0.22,70.6,0,normal
2026-01-06 20:00:00,api-gateway,40.57,56.91,40.33,1033.4,947.39,125.57,0.24,25.74,0,normal
2026-01-06 20:00:00,user-service,35.89,98.0,42.14,567.31,504.48,309.0,5.0,31.69,0,memory_leak
2026-01-06 20:00:00,payment-service,49.18,58.92,54.28,632.92,634.79,162.69,0.26,52.22,0,normal
2026-01-06 20:00:00,notification-service,34.11,44.44,45.11,387.71,429.81,119.16,0.16,24.83,0,normal
2026-01-06 20:00:00,database,54.99,65.92,67.13,1188.2,1040.05,88.4,0.15,72.43,0,normal
2026-01-06 20:05:00,api-gateway,46.92,54.46,47.72,829.34,888.46,147.02,0.22,29.71,0,normal
2026-01-06 20:05:00,user-service,38.47,53.45,56.18,406.31,498.09,104.08,0.29,36.04,0,normal
2026-01-06 20:05:00,payment-service,50.09,59.7,63.12,768.99,785.35,175.45,0.22,49.94,0,normal
2026-01-06 20:05:00,notification-service,32.23,45.14,42.93,364.16,422.44,112.53,0.27,27.45,0,normal
2026-01-06 20:05:00,database,61.09,61.31,70.72,1033.89,1005.28,100.94,0.21,67.67,0,normal
2026-01-06 20:10:00,api-gateway,49.41,54.05,43.94,753.07,872.24,132.39,0.27,31.56,0,normal
2026-01-06 20:10:00,user-service,30.4,54.43,59.65,427.85,507.89,107.11,0.23,30.33,0,normal
2026-01-06 20:10:00,payment-service,45.34,54.34,45.62,833.37,745.53,186.06,0.15,52.19,0,normal
2026-01-06 20:10:00,notification-service,33.71,49.79,38.72,307.63,379.95,101.92,0.2,25.56,0,normal
2026-01-06 20:10:00,database,55.0,60.15,42.85,970.35,986.17,108.54,0.09,66.65,0,normal
2026-01-06 20:15:00,api-gateway,47.74,55.84,39.59,790.49,890.3,138.38,0.2,30.16,0,normal
2026-01-06 20:15:00,user-service,35.33,51.27,42.72,478.92,493.39,128.24,0.22,32.3,0,normal
2026-01-06 20:15:00,payment-service,57.22,62.1,45.38,646.76,668.14,170.92,0.19,47.44,0,normal
2026-01-06 20:15:00,notification-service,30.61,44.49,49.28,454.16,382.51,115.49,0.17,20.29,0,normal
2026-01-06 20:15:00,database,58.96,67.71,27.93,925.48,951.55,100.78,0.14,72.23,0,normal
2026-01-06 20:20:00,api-gateway,46.18,54.15,38.53,720.55,896.63,134.51,0.23,29.72,0,normal
2026-01-06 20:20:00,user-service,40.55,52.47,64.8,510.63,472.14,127.64,0.23,33.41,0,normal
2026-01-06 20:20:00,payment-service,56.23,57.08,42.03,834.44,705.48,167.5,0.09,53.55,0,normal
2026-01-06 20:20:00,notification-service,24.41,50.91,63.9,480.68,415.79,99.54,0.24,23.66,0,normal
2026-01-06 20:20:00,database,56.38,67.25,72.55,782.72,941.4,102.44,0.11,71.03,0,normal
2026-01-06 20:25:00,api-gateway,45.44,50.81,43.6,1105.21,1026.94,137.42,0.22,32.93,0,normal
2026-01-06 20:25:00,user-service,34.91,53.77,62.16,445.1,483.76,118.32,0.27,35.01,0,normal
2026-01-06 20:25:00,payment-service,45.81,57.31,38.94,627.34,728.17,165.65,0.16,47.77,0,normal
2026-01-06 20:25:00,notification-service,32.8,45.06,63.6,512.66,448.67,97.43,0.2,23.25,0,normal
2026-01-06 20:25:00,database,58.86,65.52,45.48,967.63,1011.45,104.44,0.25,72.42,0,normal
2026-01-06 20:30:00,api-gateway,41.37,55.0,46.02,896.23,975.16,149.56,0.19,29.98,0,normal
2026-01-06 20:30:00,user-service,36.45,55.39,59.82,505.03,453.49,104.61,0.28,32.75,0,normal
2026-01-06 20:30:00,payment-service,48.6,59.63,55.56,689.1,700.01,172.07,0.26,47.63,0,normal
2026-01-06 20:30:00,notification-service,31.52,50.15,60.39,366.97,397.3,102.29,0.21,28.22,0,normal
2026-01-06 20:30:00,database,52.55,65.23,35.26,829.58,940.6,92.39,0.21,69.31,0,normal
2026-01-06 20:35:00,api-gateway,48.79,53.54,48.75,1001.95,912.34,139.81,0.23,29.04,0,normal
2026-01-06 20:35:00,user-service,41.86,54.07,51.63,586.89,512.96,130.48,0.21,38.82,0,normal
2026-01-06 20:35:00,payment-service,48.8,63.65,48.2,640.55,753.8,167.69,0.12,52.03,0,normal
2026-01-06 20:35:00,notification-service,33.24,41.97,58.17,383.57,394.53,124.62,0.23,18.68,0,normal
2026-01-06 20:35:00,database,53.49,67.81,48.89,1064.5,1034.6,107.73,0.25,74.04,0,normal
2026-01-06 20:40:00,api-gateway,47.89,48.98,42.04,879.61,922.33,144.26,0.25,30.3,0,normal
2026-01-06 20:40:00,user-service,34.53,48.56,50.06,531.74,529.83,131.58,0.14,33.95,0,normal
2026-01-06 20:40:00,payment-service,52.69,58.03,47.01,638.14,626.12,162.65,0.19,52.17,0,normal
2026-01-06 20:40:00,notification-service,29.01,49.45,28.08,349.1,403.23,115.98,0.23,24.59,0,normal
2026-01-06 20:40:00,database,59.07,62.01,55.99,877.95,995.91,101.59,0.24,74.56,0,normal
2026-01-06 20:45:00,api-gateway,46.23,56.8,42.16,968.98,886.03,144.93,0.11,32.46,0,normal
2026-01-06 20:45:00,user-service,34.37,52.45,55.59,444.61,491.4,111.56,0.24,32.82,0,normal
2026-01-06 20:45:00,payment-service,43.88,62.24,37.44,573.46,631.8,161.16,0.19,47.47,0,normal
2026-01-06 20:45:00,notification-service,31.59,40.85,50.92,491.01,415.82,91.5,0.09,22.13,0,normal
2026-01-06 20:45:00,database,56.8,66.07,48.46,803.81,977.02,104.95,0.17,65.67,0,normal
2026-01-06 20:50:00,api-gateway,45.83,57.78,28.89,914.61,884.21,125.75,0.2,26.44,0,normal
2026-01-06 20:50:00,user-service,36.07,50.06,50.18,432.64,507.13,136.16,0.27,35.87,0,normal
2026-01-06 20:50:00,payment-service,51.55,57.69,50.75,766.72,721.13,156.87,0.21,53.37,0,normal
2026-01-06 20:50:00,notification-service,28.64,46.41,51.28,419.76,417.84,105.41,0.23,27.69,0,normal
2026-01-06 20:50:00,database,55.57,65.9,33.24,790.64,964.06,90.37,0.22,73.03,0,normal
2026-01-06 20:55:00,api-gateway,44.99,51.5,46.47,887.79,904.08,133.81,0.18,27.95,0,normal
2026-01-06 20:55:00,user-service,38.7,53.23,40.53,456.35,535.06,106.37,0.25,36.09,0,normal
2026-01-06 20:55:00,payment-service,46.63,56.8,48.21,774.42,697.47,176.06,0.17,53.3,0,normal
2026-01-06 20:55:00,notification-service,33.17,46.15,61.06,411.29,401.02,100.96,0.19,20.1,0,normal
2026-01-06 20:55:00,database,50.01,67.18,57.22,1039.1,901.52,96.21,0.26,70.0,0,normal
2026-01-06 21:00:00,api-gateway,43.54,55.13,40.25,820.17,980.79,141.13,0.27,29.35,0,normal
2026-01-06 21:00:00,user-service,37.82,50.71,52.45,433.56,462.06,127.22,0.2,39.63,0,normal
2026-01-06 21:00:00,payment-service,57.5,63.41,58.34,695.07,706.87,155.38,0.14,53.28,0,normal
2026-01-06 21:00:00,notification-service,34.03,47.12,54.69,440.02,429.07,120.81,0.19,27.49,0,normal
2026-01-06 21:00:00,database,57.28,65.0,53.94,1171.55,1007.72,91.57,0.25,69.47,0,normal
2026-01-06 21:05:00,api-gateway,44.9,49.82,53.4,800.61,920.95,144.71,0.2,24.1,0,normal
2026-01-06 21:05:00,user-service,35.32,50.14,65.8,565.48,548.06,147.0,0.22,33.12,0,normal
2026-01-06 21:05:00,payment-service,49.51,62.65,34.83,617.75,686.34,142.88,0.23,46.91,0,normal
2026-01-06 21:05:00,notification-service,24.9,45.25,54.8,445.55,410.98,97.11,0.17,24.19,0,normal
2026-01-06 21:05:00,database,50.9,66.65,57.85,878.69,919.03,84.33,0.21,68.72,0,normal
2026-01-06 21:10:00,api-gateway,45.17,51.51,40.31,1054.23,989.28,131.03,0.21,34.54,0,normal
2026-01-06 21:10:00,user-service,37.19,51.79,46.74,648.35,557.48,128.22,0.2,35.62,0,normal
2026-01-06 21:10:00,payment-service,54.18,60.82,63.25,659.73,738.09,159.62,0.12,47.48,0,normal
2026-01-06 21:10:00,notification-service,19.86,45.43,53.63,399.4,370.78,95.89,0.28,26.39,0,normal
2026-01-06 21:10:00,database,54.74,67.43,34.27,831.44,1000.88,93.92,0.21,73.28,0,normal
2026-01-06 21:15:00,api-gateway,43.72,55.52,45.66,1101.0,983.1,149.47,0.27,31.46,0,normal
2026-01-06 21:15:00,user-service,31.56,51.16,53.92,408.27,484.97,127.11,0.19,32.5,0,normal
2026-01-06 21:15:00,payment-service,48.18,62.7,48.48,598.79,696.65,182.21,0.18,54.29,0,normal
2026-01-06 21:15:00,notification-service,30.36,44.0,49.32,450.54,412.34,115.32,0.21,25.88,0,normal
2026-01-06 21:15:00,database,54.89,70.21,45.11,1120.46,1026.75,93.64,0.23,70.83,0,normal
2026-01-06 21:20:00,api-gateway,46.8,52.48,43.53,945.46,895.48,139.79,0.23,34.61,0,normal
2026-01-06 21:20:00,user-service,29.74,44.26,36.79,403.2,487.17,131.8,0.22,25.45,0,normal
2026-01-06 21:20:00,payment-service,47.5,57.24,34.63,822.04,711.95,179.45,0.07,51.07,0,normal
2026-01-06 21:20:00,notification-service,35.83,40.39,38.42,308.54,364.14,103.87,0.16,26.12,0,normal
2026-01-06 21:20:00,database,56.65,62.53,67.1,1104.27,1001.76,86.47,0.24,71.2,0,normal
2026-01-06 21:25:00,api-gateway,43.24,53.82,23.72,1027.8,918.21,143.99,0.22,30.12,0,normal
2026-01-06 21:25:00,user-service,27.45,46.31,49.1,445.28,479.62,109.48,0.19,39.59,0,normal
2026-01-06 21:25:00,payment-service,48.97,61.94,52.09,766.31,738.54,178.44,0.25,52.98,0,normal
2026-01-06 21:25:00,notification-service,33.61,53.66,41.2,448.0,417.43,108.2,0.22,22.72,0,normal
2026-01-06 21:25:00,database,59.89,64.75,60.1,863.63,943.35,101.38,0.19,67.93,0,normal
2026-01-06 21:30:00,api-gateway,43.92,61.58,49.35,1024.39,964.47,145.91,0.18,30.26,0,normal
2026-01-06 21:30:00,user-service,33.06,52.54,74.57,514.48,463.7,123.99,0.27,37.76,0,normal
2026-01-06 21:30:00,payment-service,43.87,60.37,57.17,635.29,671.21,161.35,0.21,50.05,0,normal
2026-01-06 21:30:00,notification-service,29.81,48.06,61.92,325.23,376.57,128.26,0.15,25.02,0,normal
2026-01-06 21:30:00,database,52.51,63.18,60.41,1086.18,1088.08,102.96,0.25,72.42,0,normal
2026-01-06 21:35:00,api-gateway,48.92,52.93,52.36,862.78,935.18,136.09,0.19,31.46,0,normal
2026-01-06 21:35:00,user-service,36.86,53.02,40.48,401.97,472.71,120.33,0.21,31.24,0,normal
2026-01-06 21:35:00,payment-service,54.73,56.2,53.05,658.38,674.21,159.25,0.26,43.35,0,normal
2026-01-06 21:35:00,notification-service,28.87,42.78,48.31,421.74,405.89,121.77,0.21,22.73,0,normal
2026-01-06 21:35:00,database,58.89,67.58,52.93,1083.44,1024.0,124.4,0.16,69.04,0,normal
2026-01-06 21:40:00,api-gateway,45.85,57.32,55.1,894.28,793.53,124.26,0.18,30.06,0,normal
2026-01-06 21:40:00,user-service,34.76,52.12,47.34,553.55,484.59,121.22,0.18,33.34,0,normal
2026-01-06 21:40:00,payment-service,45.42,58.15,40.05,741.2,700.71,175.92,0.24,49.11,0,normal
2026-01-06 21:40:00,notification-service,31.84,44.99,40.98,403.46,394.41,120.1,0.23,27.24,0,normal
2026-01-06 21:40:00,database,53.15,61.85,61.44,1196.32,1067.98,87.2,0.25,71.39,0,normal
2026-01-06 21:45:00,api-gateway,34.57,55.82,53.21,799.6,888.25,119.95,0.23,28.97,0,normal
2026-01-06 21:45:00,user-service,39.32,58.01,53.13,433.16,488.45,111.47,0.2,35.17,0,normal
2026-01-06 21:45:00,payment-service,50.12,65.48,29.47,814.13,678.88,160.76,0.18,49.02,0,normal
2026-01-06 21:45:00,notification-service,30.04,43.25,52.66,445.03,392.05,97.91,0.18,30.68,0,normal
2026-01-06 21:45:00,database,54.45,68.7,56.53,1270.94,1129.82,114.79,0.2,71.88,0,normal
2026-01-06 21:50:00,api-gateway,45.19,53.91,44.71,778.61,877.27,155.26,0.23,29.7,0,normal
2026-01-06 21:50:00,user-service,42.18,44.98,52.51,571.93,507.31,114.2,0.22,37.3,0,normal
2026-01-06 21:50:00,payment-service,51.87,60.45,43.38,855.2,741.46,181.48,0.26,49.6,0,normal
2026-01-06 21:50:00,notification-service,28.28,42.93,58.89,329.38,400.67,102.77,0.18,23.98,0,normal
2026-01-06 21:50:00,database,52.43,66.76,44.56,910.42,1027.59,97.35,0.23,68.79,0,normal
2026-01-06 21:55:00,api-gateway,49.63,55.93,38.75,1088.96,982.13,160.02,0.14,26.66,0,normal
2026-01-06 21:55:00,user-service,38.51,49.96,38.28,425.39,517.77,130.23,0.26,36.24,0,normal
2026-01-06 21:55:00,payment-service,47.37,58.62,49.24,718.89,705.18,151.05,0.18,52.15,0,normal
2026-01-06 21:55:00,notification-service,34.87,46.2,34.38,433.86,374.18,101.46,0.19,24.96,0,normal
2026-01-06 21:55:00,database,56.18,61.86,58.84,1179.99,1013.69,96.1,0.28,70.45,0,normal
2026-01-06 22:00:00,api-gateway,52.44,53.81,33.49,926.37,893.76,149.43,0.21,30.36,0,normal
2026-01-06 22:00:00,user-service,36.0,52.24,41.36,525.69,527.54,116.62,0.15,38.49,0,normal
2026-01-06 22:00:00,payment-service,49.14,60.41,46.74,780.87,739.29,161.31,0.19,52.5,0,normal
2026-01-06 22:00:00,notification-service,29.25,45.32,36.44,510.34,428.22,102.91,0.19,26.93,0,normal
2026-01-06 22:00:00,database,61.16,68.43,56.03,1150.72,999.66,92.18,0.16,70.89,0,normal
2026-01-06 22:05:00,api-gateway,43.95,48.84,54.58,905.6,986.81,149.98,0.12,33.85,0,normal
2026-01-06 22:05:00,user-service,38.02,46.96,42.38,445.69,468.89,124.35,0.17,38.46,0,normal
2026-01-06 22:05:00,payment-service,60.56,60.23,55.35,579.86,723.45,170.15,0.15,47.96,0,normal
2026-01-06 22:05:00,notification-service,28.56,44.44,66.86,415.74,383.62,101.57,0.22,25.41,0,normal
2026-01-06 22:05:00,database,49.17,68.28,35.37,773.71,961.95,104.22,0.09,71.47,0,normal
2026-01-06 22:10:00,api-gateway,48.1,47.62,52.32,766.95,878.1,131.41,0.28,26.82,0,normal
2026-01-06 22:10:00,user-service,25.92,46.02,51.7,489.74,494.96,114.03,0.19,36.58,0,normal
2026-01-06 22:10:00,payment-service,54.16,60.32,41.83,586.22,691.32,173.49,0.28,50.06,0,normal
2026-01-06 22:10:00,notification-service,37.76,48.67,48.04,410.19,397.24,105.03,0.16,27.27,0,normal
2026-01-06 22:10:00,database,52.01,60.56,45.53,935.7,995.38,103.51,0.26,72.05,0,normal
2026-01-06 22:15:00,api-gateway,45.39,54.72,64.79,864.32,901.79,137.69,0.17,30.19,0,normal
2026-01-06 22:15:00,user-service,28.26,52.75,41.08,551.1,534.71,134.7,0.15,38.1,0,normal
2026-01-06 22:15:00,payment-service,47.96,60.26,50.21,561.99,697.98,155.84,0.19,48.14,0,normal
2026-01-06 22:15:00,notification-service,29.17,45.07,24.7,392.47,403.25,93.6,0.12,25.81,0,normal
2026-01-06 22:15:00,database,58.92,66.32,52.5,1205.2,1011.22,103.73,0.19,64.2,0,normal
2026-01-06 22:20:00,api-gateway,50.3,51.31,53.88,849.36,868.12,134.08,0.12,31.41,0,normal
2026-01-06 22:20:00,user-service,37.34,51.26,63.13,502.62,528.47,111.44,0.18,32.35,0,normal
2026-01-06 22:20:00,payment-service,43.33,56.64,40.67,527.72,635.84,165.94,0.09,48.71,0,normal
2026-01-06 22:20:00,notification-service,27.5,38.39,47.18,351.25,369.64,103.48,0.21,27.05,0,normal
2026-01-06 22:20:00,database,56.82,67.37,56.37,1138.6,983.24,93.05,0.18,64.42,0,normal
2026-01-06 22:25:00,api-gateway,50.92,59.39,31.83,746.06,823.7,146.66,0.2,31.53,0,normal
2026-01-06 22:25:00,user-service,35.47,50.85,52.47,499.99,511.02,128.04,0.2,31.24,0,normal
2026-01-06 22:25:00,payment-service,56.28,55.99,63.12,792.97,683.59,170.73,0.01,48.95,0,normal
2026-01-06 22:25:00,notification-service,35.08,48.93,49.71,480.45,402.42,113.46,0.16,30.26,0,normal
2026-01-06 22:25:00,database,54.8,64.16,58.39,1152.94,1158.31,108.72,0.15,76.08,0,normal
2026-01-06 22:30:00,api-gateway,45.24,54.61,35.28,917.37,867.3,150.23,0.24,28.94,0,normal
2026-01-06 22:30:00,user-service,38.41,50.3,61.68,561.06,486.89,138.52,0.15,32.01,0,normal
2026-01-06 22:30:00,payment-service,44.73,56.2,35.66,751.05,753.18,190.19,0.14,51.84,0,normal
2026-01-06 22:30:00,notification-service,34.67,47.71,60.85,415.05,370.48,98.59,0.23,23.69,0,normal
2026-01-06 22:30:00,database,53.92,62.31,54.83,824.99,1030.02,90.5,0.2,70.61,0,normal
2026-01-06 22:35:00,api-gateway,42.15,51.35,53.28,845.02,880.88,131.46,0.16,30.72,0,normal
2026-01-06 22:35:00,user-service,30.72,47.0,58.52,453.58,490.81,129.27,0.23,30.65,0,normal
2026-01-06 22:35:00,payment-service,40.42,59.45,37.74,639.48,725.56,180.13,0.19,44.88,0,normal
2026-01-06 22:35:00,notification-service,28.79,44.19,46.28,444.89,400.8,122.8,0.24,26.52,0,normal
2026-01-06 22:35:00,database,56.1,66.33,52.43,834.47,1039.23,101.09,0.23,71.46,0,normal
2026-01-06 22:40:00,api-gateway,37.45,55.22,46.11,967.38,976.91,149.92,0.23,32.01,0,normal
2026-01-06 22:40:00,user-service,28.43,52.51,43.35,497.04,530.28,126.78,0.21,35.62,0,normal
2026-01-06 22:40:00,payment-service,48.48,62.94,63.83,821.66,708.52,184.12,0.11,55.55,0,normal
2026-01-06 22:40:00,notification-service,32.48,50.29,67.39,349.47,376.78,103.72,0.14,25.35,0,normal
2026-01-06 22:40:00,database,55.13,69.98,62.95,1216.74,1070.33,94.23,0.21,73.06,0,normal
2026-01-06 22:45:00,api-gateway,41.09,45.8,45.8,800.92,889.95,139.22,0.23,23.6,0,normal
2026-01-06 22:45:00,user-service,33.86,47.11,34.97,511.39,511.66,121.25,0.15,39.15,0,normal
2026-01-06 22:45:00,payment-service,48.43,55.7,53.19,669.53,635.49,161.98,0.3,45.55,0,normal
2026-01-06 22:45:00,notification-service,35.9,52.24,56.63,420.6,437.29,114.17,0.19,28.35,0,normal
2026-01-06 22:45:00,database,56.7,64.71,65.42,1111.11,1006.87,101.58,0.16,75.34,0,normal
2026-01-06 22:50:00,api-gateway,44.66,57.36,48.56,937.98,859.84,153.03,0.23,30.11,0,normal
2026-01-06 22:50:00,user-service,32.06,51.38,59.19,524.63,536.4,107.16,0.18,39.0,0,normal
2026-01-06 22:50:00,payment-service,50.77,60.75,55.49,806.56,737.91,179.4,0.15,48.26,0,normal
2026-01-06 22:50:00,notification-service,35.52,46.1,59.39,365.64,423.16,107.04,0.2,29.09,0,normal
2026-01-06 22:50:00,database,51.56,60.78,48.74,1148.16,1035.69,93.45,0.22,74.36,0,normal
2026-01-06 22:55:00,api-gateway,49.23,60.09,64.59,765.54,856.45,126.64,0.17,29.71,0,normal
2026-01-06 22:55:00,user-service,38.32,48.15,55.77,422.62,488.58,109.62,0.17,36.39,0,normal
2026-01-06 22:55:00,payment-service,47.3,56.47,43.87,653.12,670.39,166.67,0.14,47.69,0,normal
2026-01-06 22:55:00,notification-service,31.03,41.45,56.69,454.33,391.72,118.07,0.25,28.94,0,normal
2026-01-06 22:55:00,database,54.53,69.84,39.06,1223.16,1021.09,108.44,0.24,77.26,0,normal
2026-01-06 23:00:00,api-gateway,42.59,54.67,44.47,902.98,947.79,122.43,0.13,30.73,0,normal
2026-01-06 23:00:00,user-service,34.68,47.87,40.1,496.73,498.78,108.99,0.18,35.11,0,normal
2026-01-06 23:00:00,payment-service,57.36,62.81,55.06,657.7,686.14,155.33,0.19,48.17,0,normal
2026-01-06 23:00:00,notification-service,25.3,47.76,51.09,392.51,417.01,121.22,0.11,25.65,0,normal
2026-01-06 23:00:00,database,56.48,68.93,84.46,1028.97,952.47,90.46,0.21,67.47,0,normal
2026-01-06 23:05:00,api-gateway,44.88,54.38,47.35,831.47,879.86,128.45,0.25,31.85,0,normal
2026-01-06 23:05:00,user-service,35.39,47.44,53.06,389.44,478.25,114.95,0.32,30.02,0,normal
2026-01-06 23:05:00,payment-service,49.68,63.61,60.88,734.16,688.57,175.01,0.1,51.96,0,normal
2026-01-06 23:05:00,notification-service,35.11,41.76,58.03,339.49,400.25,107.43,0.23,24.12,0,normal
2026-01-06 23:05:00,database,50.21,65.31,37.4,948.23,1057.5,114.11,0.18,68.97,0,normal
2026-01-06 23:10:00,api-gateway,47.74,52.59,41.87,778.81,940.09,131.89,0.22,35.17,0,normal
2026-01-06 23:10:00,user-service,38.42,53.65,42.8,590.03,498.97,110.34,0.16,39.4,0,normal
2026-01-06 23:10:00,payment-service,39.37,60.25,39.74,566.01,684.77,175.69,0.23,55.63,0,normal
2026-01-06 23:10:00,notification-service,30.51,48.06,61.08,317.42,390.96,98.86,0.17,28.48,0,normal
2026-01-06 23:10:00,database,53.29,66.81,61.04,1165.55,1046.02,100.91,0.2,66.82,0,normal
2026-01-06 23:15:00,api-gateway,39.33,54.03,45.91,773.27,900.27,147.11,0.22,30.4,0,normal
2026-01-06 23:15:00,user-service,37.04,49.52,43.16,421.71,505.88,118.12,0.24,35.16,0,normal
2026-01-06 23:15:00,payment-service,54.14,62.15,35.07,730.64,697.48,170.01,0.25,53.3,0,normal
2026-01-06 23:15:00,notification-service,35.08,44.54,68.45,455.7,413.65,116.38,0.23,25.83,0,normal
2026-01-06 23:15:00,database,56.44,64.88,45.65,1098.84,1050.12,107.73,0.25,71.28,0,normal
2026-01-06 23:20:00,api-gateway,48.8,47.68,59.61,830.08,877.39,133.34,0.22,25.71,0,normal
2026-01-06 23:20:00,user-service,37.94,54.22,61.48,539.12,499.77,122.25,0.21,29.91,0,normal
2026-01-06 23:20:00,payment-service,48.28,56.09,46.09,626.64,713.92,167.73,0.21,54.94,0,normal
2026-01-06 23:20:00,notification-service,26.33,46.11,29.05,320.95,381.9,102.5,0.2,26.45,0,normal
2026-01-06 23:20:00,database,54.55,66.49,45.93,770.9,923.64,106.39,0.23,72.64,0,normal
2026-01-06 23:25:00,api-gateway,44.2,53.49,49.25,799.6,818.53,141.83,0.22,32.7,0,normal
2026-01-06 23:25:00,user-service,34.94,48.84,45.67,449.12,505.7,114.39,0.13,41.79,0,normal
2026-01-06 23:25:00,payment-service,50.99,60.78,51.39,771.47,668.84,165.28,0.18,44.96,0,normal
2026-01-06 23:25:00,notification-service,30.25,47.51,73.92,318.19,368.97,106.3,0.17,26.12,0,normal
2026-01-06 23:25:00,database,56.67,64.33,71.16,896.29,1030.71,101.23,0.2,70.18,0,normal
2026-01-06 23:30:00,api-gateway,46.34,56.87,26.49,777.48,933.43,155.65,0.21,21.04,0,normal
2026-01-06 23:30:00,user-service,34.29,54.57,47.36,557.39,498.87,124.71,0.22,33.38,0,normal
2026-01-06 23:30:00,payment-service,43.97,58.09,45.89,917.81,775.51,175.92,0.15,54.74,0,normal
2026-01-06 23:30:00,notification-service,31.84,45.6,30.85,343.79,398.63,103.05,0.31,24.52,0,normal
2026-01-06 23:30:00,database,58.37,72.56,49.5,874.7,1001.73,109.6,0.23,67.91,0,normal
2026-01-06 23:35:00,api-gateway,44.17,56.5,53.4,976.12,884.76,126.77,0.14,26.91,0,normal
2026-01-06 23:35:00,user-service,41.27,50.62,54.93,469.09,466.53,115.54,0.18,33.75,0,normal
2026-01-06 23:35:00,payment-service,47.88,54.97,50.41,697.05,645.84,187.81,0.18,44.2,0,normal
2026-01-06 23:35:00,notification-service,34.02,40.92,60.88,400.18,427.8,110.3,0.2,24.47,0,normal
2026-01-06 23:35:00,database,48.89,66.76,65.24,870.52,980.96,100.26,0.21,66.47,0,normal
2026-01-06 23:40:00,api-gateway,48.28,58.89,59.99,1027.25,872.46,147.8,0.24,35.41,0,normal
2026-01-06 23:40:00,user-service,30.8,49.87,47.38,504.31,480.15,103.87,0.14,38.08,0,normal
2026-01-06 23:40:00,payment-service,52.9,60.67,27.69,851.81,723.51,174.62,0.26,53.39,0,normal
2026-01-06 23:40:00,notification-service,28.8,44.03,30.88,400.63,414.1,110.08,0.13,28.16,0,normal
2026-01-06 23:40:00,database,52.82,65.81,44.02,1175.11,1053.48,101.11,0.2,74.55,0,normal
2026-01-06 23:45:00,api-gateway,43.4,53.6,72.26,826.52,966.64,156.31,0.21,33.24,0,normal
2026-01-06 23:45:00,user-service,28.5,51.89,38.22,599.75,533.5,108.85,0.19,34.71,0,normal
2026-01-06 23:45:00,payment-service,47.05,59.92,73.13,794.16,668.13,163.23,0.27,51.94,0,normal
2026-01-06 23:45:00,notification-service,28.25,46.49,42.01,456.33,387.34,93.65,0.14,22.74,0,normal
2026-01-06 23:45:00,database,49.14,73.67,22.67,835.99,1016.47,87.29,0.09,68.06,0,normal
2026-01-06 23:50:00,api-gateway,46.39,49.09,45.69,910.87,914.43,134.02,0.2,25.57,0,normal
2026-01-06 23:50:00,user-service,30.8,50.24,49.55,529.77,484.37,117.81,0.25,35.4,0,normal
2026-01-06 23:50:00,payment-service,48.68,60.03,57.88,695.36,712.44,163.8,0.13,47.95,0,normal
2026-01-06 23:50:00,notification-service,30.91,45.31,65.57,487.14,422.08,113.83,0.26,22.75,0,normal
2026-01-06 23:50:00,database,52.94,65.71,64.08,1007.46,968.61,103.76,0.26,66.78,0,normal
2026-01-06 23:55:00,api-gateway,47.35,59.63,55.36,793.69,935.73,140.73,0.2,31.54,0,normal
2026-01-06 23:55:00,user-service,31.8,53.69,44.12,444.23,470.79,130.65,0.24,31.9,0,normal
2026-01-06 23:55:00,payment-service,47.15,65.45,39.49,615.43,676.76,158.22,0.21,46.96,0,normal
2026-01-06 23:55:00,notification-service,31.21,44.34,49.18,395.97,437.93,118.58,0.2,26.17,0,normal
2026-01-06 23:55:00,database,62.23,59.01,40.9,876.58,1010.88,111.34,0.21,73.42,0,normal
2026-01-07 00:00:00,api-gateway,43.13,56.71,52.98,737.48,663.41,132.84,0.17,30.44,0,normal
2026-01-07 00:00:00,user-service,35.19,50.75,58.75,321.86,331.76,111.44,0.18,36.97,0,normal
2026-01-07 00:00:00,payment-service,44.47,53.9,58.79,435.78,452.06,164.69,0.12,47.94,0,normal
2026-01-07 00:00:00,notification-service,25.13,44.85,47.1,270.98,271.57,94.96,0.22,20.68,0,normal
2026-01-07 00:00:00,database,46.68,64.04,52.05,592.34,703.1,104.88,0.21,63.67,0,normal
2026-01-07 00:05:00,api-gateway,42.25,55.27,51.53,556.06,676.03,122.59,0.26,28.9,0,normal
2026-01-07 00:05:00,user-service,28.37,50.02,46.39,270.16,317.33,120.42,0.2,34.05,0,normal
2026-01-07 00:05:00,payment-service,43.45,61.4,53.21,447.21,496.58,170.14,0.19,44.72,0,normal
2026-01-07 00:05:00,notification-service,21.08,45.44,53.3,223.81,264.01,115.21,0.15,25.57,0,normal
2026-01-07 00:05:00,database,56.02,67.44,47.94,620.4,714.09,96.9,0.2,64.4,0,normal
2026-01-07 00:10:00,api-gateway,40.06,53.96,68.05,492.79,569.97,135.32,0.21,25.23,0,normal
2026-01-07 00:10:00,user-service,32.71,49.84,40.1,389.43,336.91,125.97,0.21,34.78,0,normal
2026-01-07 00:10:00,payment-service,47.2,58.86,43.09,462.24,464.5,170.21,0.18,42.87,0,normal
2026-01-07 00:10:00,notification-service,30.53,43.92,43.62,243.42,287.85,90.61,0.21,22.35,0,normal
2026-01-07 00:10:00,database,48.85,65.32,70.79,674.23,629.3,78.48,0.2,66.12,0,normal
2026-01-07 00:15:00,api-gateway,37.62,62.0,51.38,574.5,630.42,130.56,0.23,26.18,0,normal
2026-01-07 00:15:00,user-service,25.45,47.74,51.99,326.37,345.78,110.62,0.2,33.07,0,normal
2026-01-07 00:15:00,payment-service,43.57,56.98,46.25,532.92,481.91,161.08,0.31,46.87,0,normal
2026-01-07 00:15:00,notification-service,20.0,48.06,43.45,291.18,289.52,105.89,0.16,21.17,0,normal
2026-01-07 00:15:00,database,42.81,62.78,46.17,633.41,687.17,81.47,0.14,66.68,0,normal
2026-01-07 00:20:00,api-gateway,37.64,57.15,43.04,658.8,724.06,133.03,0.18,27.36,0,normal
2026-01-07 00:20:00,user-service,28.8,49.05,62.96,268.49,333.13,112.88,0.21,32.89,0,normal
2026-01-07 00:20:00,payment-service,44.46,64.04,29.99,416.55,511.2,190.39,0.22,49.76,0,normal
2026-01-07 00:20:00,notification-service,25.22,42.6,59.73,283.69,307.7,91.82,0.15,24.55,0,normal
2026-01-07 00:20:00,database,46.2,67.58,45.22,726.79,704.02,88.36,0.21,66.06,0,normal
2026-01-07 00:25:00,api-gateway,33.97,51.03,49.79,668.78,589.14,129.07,0.22,23.91,0,normal
2026-01-07 00:25:00,user-service,34.62,52.88,58.32,359.25,357.17,110.53,0.11,35.31,0,normal
2026-01-07 00:25:00,payment-service,44.64,62.77,46.46,385.27,464.41,146.58,0.16,46.67,0,normal
2026-01-07 00:25:00,notification-service,23.73,46.72,51.99,274.97,292.27,110.16,0.28,24.43,0,normal
2026-01-07 00:25:00,database,49.3,64.71,39.08,705.36,650.14,109.39,0.34,67.44,0,normal
2026-01-07 00:30:00,api-gateway,37.16,60.04,56.4,611.97,658.35,128.26,0.15,30.92,0,normal
2026-01-07 00:30:00,user-service,30.84,51.77,36.87,420.69,377.86,101.27,0.2,31.91,0,normal
2026-01-07 00:30:00,payment-service,51.35,58.06,42.22,528.66,488.07,156.63,0.2,47.51,0,normal
2026-01-07 00:30:00,notification-service,20.32,45.83,58.03,283.82,296.12,111.92,0.18,22.4,0,normal
2026-01-07 00:30:00,database,49.01,67.98,59.72,625.7,756.95,90.64,0.12,71.01,0,normal
2026-01-07 00:35:00,api-gateway,38.78,56.93,51.27,638.17,626.49,146.87,0.22,26.74,0,normal
2026-01-07 00:35:00,user-service,29.22,52.88,45.54,364.43,361.16,99.67,0.23,32.52,0,normal
2026-01-07 00:35:00,payment-service,42.2,58.01,50.48,560.1,498.95,160.87,0.18,46.11,0,normal
2026-01-07 00:35:00,notification-service,26.9,44.53,38.6,214.17,258.18,95.56,0.14,22.81,0,normal
2026-01-07 00:35:00,database,54.19,64.0,48.53,690.12,689.6,82.69,0.09,66.33,0,normal
2026-01-07 00:40:00,api-gateway,34.25,55.62,70.58,623.81,702.54,137.23,0.26,25.46,0,normal
2026-01-07 00:40:00,user-service,32.96,54.0,54.27,290.18,331.3,100.35,0.14,35.26,0,normal
2026-01-07 00:40:00,payment-service,49.31,54.57,55.05,535.66,469.14,167.3,0.16,48.93,0,normal
2026-01-07 00:40:00,notification-service,29.11,43.9,56.22,283.23,288.83,100.01,0.15,21.76,0,normal
2026-01-07 00:40:00,database,44.51,65.79,47.35,748.47,681.9,102.64,0.16,68.19,0,normal
2026-01-07 00:45:00,api-gateway,47.77,58.1,51.62,536.2,642.45,127.55,0.21,27.81,0,normal
2026-01-07 00:45:00,user-service,31.87,47.88,52.95,411.93,350.0,118.1,0.29,31.67,0,normal
2026-01-07 00:45:00,payment-service,44.82,58.76,75.14,402.03,501.47,177.29,0.19,45.43,0,normal
2026-01-07 00:45:00,notification-service,31.38,46.11,59.93,214.56,252.59,121.19,0.22,20.27,0,normal
2026-01-07 00:45:00,database,48.25,64.64,48.62,702.0,716.49,94.47,0.09,67.42,0,normal
2026-01-07 00:50:00,api-gateway,39.1,54.06,67.79,726.59,631.68,127.83,0.13,26.2,0,normal
2026-01-07 00:50:00,user-service,25.78,59.06,56.06,387.39,356.13,123.74,0.26,32.68,0,normal
2026-01-07 00:50:00,payment-service,42.36,63.59,42.89,485.33,522.12,163.8,0.23,48.3,0,normal
2026-01-07 00:50:00,notification-service,23.85,45.01,57.63,294.23,288.67,100.59,0.25,25.28,0,normal
2026-01-07 00:50:00,database,53.16,68.33,57.13,669.58,732.69,89.73,0.22,64.22,0,normal
2026-01-07 00:55:00,api-gateway,37.44,58.17,66.18,671.59,679.66,115.17,0.23,29.56,0,normal
2026-01-07 00:55:00,user-service,27.98,46.54,28.52,412.71,351.43,118.48,0.18,34.41,0,normal
2026-01-07 00:55:00,payment-service,52.81,59.15,50.37,642.19,546.93,169.93,0.17,44.38,0,normal
2026-01-07 00:55:00,notification-service,29.11,38.33,66.44,262.34,266.05,109.74,0.15,28.43,0,normal
2026-01-07 00:55:00,database,44.0,67.48,46.16,508.0,630.86,95.18,0.13,66.47,0,normal
2026-01-07 01:00:00,api-gateway,39.02,53.67,49.98,519.47,640.78,138.52,0.22,28.25,0,normal
2026-01-07 01:00:00,user-service,32.8,56.16,63.17,354.46,332.68,106.23,0.24,24.95,0,normal
2026-01-07 01:00:00,payment-service,41.47,62.03,31.28,505.04,449.33,165.3,0.22,46.37,0,normal
2026-01-07 01:00:00,notification-service,24.36,39.94,38.67,270.85,261.56,111.5,0.25,20.5,0,normal
2026-01-07 01:00:00,database,45.71,65.15,62.24,676.91,641.31,106.93,0.21,67.72,0,normal
2026-01-07 01:05:00,api-gateway,36.6,55.38,48.26,617.59,612.12,132.36,0.28,27.37,0,normal
2026-01-07 01:05:00,user-service,23.5,53.81,44.57,321.92,362.34,122.45,0.26,35.25,0,normal
2026-01-07 01:05:00,payment-service,42.33,59.58,46.52,430.16,527.05,158.15,0.13,45.1,0,normal
2026-01-07 01:05:00,notification-service,26.7,49.14,37.27,256.85,302.29,93.36,0.23,25.43,0,normal
2026-01-07 01:05:00,database,39.97,63.39,43.91,782.75,664.0,80.05,0.24,70.15,0,normal
2026-01-07 01:10:00,api-gateway,36.15,60.04,45.31,492.59,601.41,126.78,0.14,26.32,0,normal
2026-01-07 01:10:00,user-service,29.28,50.3,56.18,322.91,365.03,109.27,0.18,33.07,0,normal
2026-01-07 01:10:00,payment-service,43.9,59.82,48.96,542.32,518.62,170.72,0.17,50.4,0,normal
2026-01-07 01:10:00,notification-service,23.95,41.7,42.76,233.61,277.6,104.59,0.21,21.36,0,normal
2026-01-07 01:10:00,database,46.76,62.41,37.17,798.74,706.94,95.68,0.15,62.88,0,normal
2026-01-07 01:15:00,api-gateway,33.57,51.49,47.67,539.6,575.46,120.21,0.27,30.2,0,normal
2026-01-07 01:15:00,user-service,28.91,49.36,25.7,397.63,340.16,120.58,0.12,34.29,0,normal
2026-01-07 01:15:00,payment-service,44.56,60.3,42.46,422.78,512.92,161.19,0.11,46.8,0,normal
2026-01-07 01:15:00,notification-service,23.31,41.78,39.07,342.14,292.22,121.26,0.27,23.24,0,normal
2026-01-07 01:15:00,database,45.0,71.11,37.56,567.18,687.32,108.94,0.18,65.81,0,normal
2026-01-07 01:20:00,api-gateway,35.69,59.39,41.66,755.68,632.33,126.1,0.15,20.83,0,normal
2026-01-07 01:20:00,user-service,29.16,56.36,52.79,307.59,354.34,103.93,0.22,35.51,0,normal
2026-01-07 01:20:00,payment-service,43.78,59.83,52.44,541.07,524.44,168.12,0.13,50.13,0,normal
2026-01-07 01:20:00,notification-service,21.93,48.45,31.65,282.5,253.38,110.99,0.28,21.96,0,normal
2026-01-07 01:20:00,database,47.92,61.87,55.44,571.77,678.62,108.2,0.19,68.74,0,normal
2026-01-07 01:25:00,api-gateway,44.18,51.84,55.81,570.55,625.03,131.02,0.22,24.09,0,normal
2026-01-07 01:25:00,user-service,20.07,47.88,37.56,325.09,351.98,118.76,0.2,29.67,0,normal
2026-01-07 01:25:00,payment-service,48.56,57.87,51.52,441.65,475.6,172.13,0.27,43.12,0,normal
2026-01-07 01:25:00,notification-service,28.47,48.41,23.28,297.65,317.16,107.07,0.15,23.62,0,normal
2026-01-07 01:25:00,database,50.68,62.09,42.97,706.19,710.22,115.76,0.24,63.9,0,normal
2026-01-07 01:30:00,api-gateway,37.17,53.17,47.84,591.29,667.94,127.02,0.12,27.77,0,normal
2026-01-07 01:30:00,user-service,29.09,51.34,50.61,387.24,359.55,113.18,0.16,31.48,0,normal
2026-01-07 01:30:00,payment-service,44.79,57.24,43.95,613.16,554.66,147.68,0.27,47.78,0,normal
2026-01-07 01:30:00,notification-service,26.65,44.99,43.91,261.54,286.29,95.25,0.28,23.34,0,normal
2026-01-07 01:30:00,database,50.15,62.85,61.65,801.28,716.76,106.31,0.21,66.47,0,normal
2026-01-07 01:35:00,api-gateway,39.77,54.77,60.26,576.57,597.48,142.13,0.21,22.88,0,normal
2026-01-07 01:35:00,user-service,26.68,49.4,56.99,360.74,334.75,101.41,0.21,35.35,0,normal
2026-01-07 01:35:00,payment-service,38.28,63.59,37.94,549.02,462.89,174.29,0.15,44.28,0,normal
2026-01-07 01:35:00,notification-service,31.73,39.76,60.87,260.98,287.35,101.27,0.23,12.95,0,normal
2026-01-07 01:35:00,database,53.11,65.82,50.73,599.34,684.67,94.29,0.26,67.68,0,normal
2026-01-07 01:40:00,api-gateway,39.7,58.32,37.98,542.71,603.45,139.4,0.19,26.4,0,normal
2026-01-07 01:40:00,user-service,25.9,50.89,51.14,345.86,375.45,122.61,0.21,32.91,0,normal
2026-01-07 01:40:00,payment-service,46.84,59.19,49.82,580.44,524.64,169.6,0.24,45.18,0,normal
2026-01-07 01:40:00,notification-service,19.13,43.45,63.71,251.57,270.5,110.59,0.16,21.17,0,normal
2026-01-07 01:40:00,database,53.82,66.86,49.4,727.97,617.59,103.39,0.22,71.04,0,normal
2026-01-07 01:45:00,api-gateway,35.48,52.35,37.62,600.19,638.78,132.13,0.13,24.64,0,normal
2026-01-07 01:45:00,user-service,27.66,49.42,66.38,435.59,365.93,118.47,0.22,34.79,0,normal
2026-01-07 01:45:00,payment-service,44.55,66.75,56.97,545.28,491.39,168.98,0.18,46.3,0,normal
2026-01-07 01:45:00,notification-service,27.84,44.85,48.69,280.13,269.78,94.26,0.23,18.87,0,normal
2026-01-07 01:45:00,database,46.71,61.12,56.07,784.5,692.73,90.9,0.23,67.88,0,normal
2026-01-07 01:50:00,api-gateway,30.49,52.6,63.45,545.78,612.71,137.06,0.17,29.46,0,normal
2026-01-07 01:50:00,user-service,25.65,51.14,46.95,435.45,387.34,118.91,0.21,34.2,0,normal
2026-01-07 01:50:00,payment-service,43.77,55.65,37.85,415.02,512.99,185.48,0.16,46.16,0,normal
2026-01-07 01:50:00,notification-service,28.82,49.97,22.87,251.35,283.03,111.39,0.15,26.38,0,normal
2026-01-07 01:50:00,database,50.48,66.91,64.61,750.26,663.49,89.14,0.21,69.79,0,normal
2026-01-07 01:55:00,api-gateway,43.76,53.17,63.19,648.67,671.81,129.05,0.21,25.77,0,normal
2026-01-07 01:55:00,user-service,29.08,50.06,53.68,309.5,360.47,124.17,0.25,38.77,0,normal
2026-01-07 01:55:00,payment-service,38.85,61.82,60.69,573.21,500.01,153.11,0.23,48.39,0,normal
2026-01-07 01:55:00,notification-service,19.96,49.43,47.47,302.46,272.98,102.79,0.14,27.04,0,normal
2026-01-07 01:55:00,database,52.46,68.09,43.29,688.87,587.47,84.55,0.26,63.46,0,normal
2026-01-07 02:00:00,api-gateway,31.41,54.24,30.74,728.26,608.9,128.41,0.21,22.84,0,normal
2026-01-07 02:00:00,user-service,27.34,49.66,35.81,414.34,359.52,93.78,0.13,31.18,0,normal
2026-01-07 02:00:00,payment-service,43.95,59.18,47.81,428.22,431.25,176.45,0.25,44.92,0,normal
2026-01-07 02:00:00,notification-service,28.39,46.68,60.28,295.5,256.37,117.98,0.21,25.54,0,normal
2026-01-07 02:00:00,database,43.11,65.64,46.73,648.87,704.1,109.16,0.13,62.13,0,normal
2026-01-07 02:05:00,api-gateway,44.58,56.13,52.4,608.37,568.99,134.04,0.16,32.14,0,normal
2026-01-07 02:05:00,user-service,31.84,47.57,50.22,320.64,372.27,118.41,0.18,33.62,0,normal
2026-01-07 02:05:00,payment-service,48.3,57.95,41.85,472.51,507.9,157.67,0.25,47.46,0,normal
2026-01-07 02:05:00,notification-service,23.42,42.64,44.39,316.53,297.5,96.91,0.18,19.87,0,normal
2026-01-07 02:05:00,database,42.66,68.36,30.17,723.65,663.1,98.18,0.26,63.02,0,normal
2026-01-07 02:10:00,api-gateway,45.03,51.56,47.12,492.44,585.92,139.17,0.19,33.76,0,normal
2026-01-07 02:10:00,user-service,29.34,47.66,57.16,299.87,354.19,111.99,0.26,32.18,0,normal
2026-01-07 02:10:00,payment-service,42.28,56.61,61.07,437.36,522.3,175.77,0.22,48.99,0,normal
2026-01-07 02:10:00,notification-service,24.5,43.08,59.42,258.36,257.09,116.67,0.16,21.33,0,normal
2026-01-07 02:10:00,database,52.65,63.37,37.18,529.2,659.1,91.48,0.15,67.47,0,normal
2026-01-07 02:15:00,api-gateway,41.09,52.93,34.38,632.34,629.43,132.01,0.21,24.52,0,normal
2026-01-07 02:15:00,user-service,31.68,51.46,46.43,416.96,352.98,117.05,0.15,34.11,0,normal
2026-01-07 02:15:00,payment-service,44.85,61.76,47.99,480.12,498.75,166.49,0.23,43.62,0,normal
2026-01-07 02:15:00,notification-service,29.64,45.81,57.2,250.45,299.94,87.66,0.14,17.21,0,normal
2026-01-07 02:15:00,database,51.37,63.93,50.88,747.44,629.57,88.09,0.24,66.9,0,normal
2026-01-07 02:20:00,api-gateway,43.08,55.39,56.66,654.73,580.47,140.5,0.1,24.9,0,normal
2026-01-07 02:20:00,user-service,29.68,48.01,52.13,340.77,346.41,114.5,0.12,36.0,0,normal
2026-01-07 02:20:00,payment-service,40.25,58.44,41.29,501.6,459.5,161.88,0.27,47.52,0,normal
2026-01-07 02:20:00,notification-service,28.29,46.41,52.64,205.78,252.23,89.42,0.15,18.11,0,normal
2026-01-07 02:20:00,database,47.09,70.97,34.3,771.75,668.17,98.45,0.17,65.17,0,normal
2026-01-07 02:25:00,api-gateway,39.57,55.39,61.01,808.41,677.98,128.87,0.23,28.72,0,normal
2026-01-07 02:25:00,user-service,31.94,49.29,51.79,342.85,317.86,105.44,0.14,32.9,0,normal
2026-01-07 02:25:00,payment-service,48.65,61.82,40.7,438.09,480.71,163.36,0.22,42.32,0,normal
2026-01-07 02:25:00,notification-service,22.31,42.83,49.8,308.52,287.96,106.76,0.15,17.96,0,normal
2026-01-07 02:25:00,database,46.31,60.32,36.48,777.91,822.06,84.63,0.18,68.78,0,normal
2026-01-07 02:30:00,api-gateway,37.25,57.01,35.29,692.82,656.41,118.74,0.2,29.73,0,normal
2026-01-07 02:30:00,user-service,26.56,49.19,58.78,408.42,378.23,126.56,0.2,32.42,0,normal
2026-01-07 02:30:00,payment-service,45.73,59.35,58.17,579.66,532.52,156.51,0.21,47.06,0,normal
2026-01-07 02:30:00,notification-service,16.82,46.92,57.9,269.87,272.14,96.72,0.15,21.87,0,normal
2026-01-07 02:30:00,database,46.87,64.68,47.98,627.46,713.82,103.76,0.19,64.7,0,normal
2026-01-07 02:35:00,api-gateway,37.87,50.75,54.34,594.16,622.54,142.84,0.28,30.42,0,normal
2026-01-07 02:35:00,user-service,28.34,46.44,52.65,306.18,327.0,122.05,0.24,28.78,0,normal
2026-01-07 02:35:00,payment-service,42.66,64.14,45.31,532.95,496.17,156.82,0.14,50.2,0,normal
2026-01-07 02:35:00,notification-service,24.07,46.31,49.42,270.79,282.14,108.16,0.27,19.47,0,normal
2026-01-07 02:35:00,database,46.56,62.14,36.41,741.18,736.52,79.6,0.17,72.3,0,normal
2026-01-07 02:40:00,api-gateway,40.4,52.5,64.3,477.56,552.02,121.87,0.22,25.82,0,normal
2026-01-07 02:40:00,user-service,34.5,53.56,53.78,375.84,329.56,125.68,0.23,31.22,0,normal
2026-01-07 02:40:00,payment-service,44.89,60.52,49.17,541.08,572.57,169.39,0.14,44.09,0,normal
2026-01-07 02:40:00,notification-service,25.52,41.25,44.44,258.0,234.06,101.48,0.23,24.15,0,normal
2026-01-07 02:40:00,database,53.79,66.71,42.12,819.2,752.28,99.92,0.24,68.22,0,normal
2026-01-07 02:45:00,api-gateway,42.91,54.27,48.27,499.5,620.8,105.6,0.17,30.26,0,normal
2026-01-07 02:45:00,user-service,29.08,53.17,43.37,335.31,373.45,117.45,0.29,29.67,0,normal
2026-01-07 02:45:00,payment-service,40.66,63.96,54.15,472.84,463.9,168.34,0.21,45.66,0,normal
2026-01-07 02:45:00,notification-service,21.1,48.7,61.41,294.05,280.1,97.85,0.22,20.67,0,normal
2026-01-07 02:45:00,database,52.81,64.86,45.47,647.58,703.53,96.84,0.23,66.31,0,normal
2026-01-07 02:50:00,api-gateway,37.72,53.31,52.33,626.93,627.67,133.7,0.2,28.32,0,normal
2026-01-07 02:50:00,user-service,31.81,46.82,53.81,273.25,330.62,113.87,0.14,33.2,0,normal
2026-01-07 02:50:00,payment-service,46.08,59.96,50.03,541.33,467.17,155.85,0.17,46.3,0,normal
2026-01-07 02:50:00,notification-service,25.08,49.26,40.47,247.56,308.57,104.53,0.23,22.91,0,normal
2026-01-07 02:50:00,database,49.58,63.85,45.43,795.7,721.69,98.91,0.13,72.32,0,normal
2026-01-07 02:55:00,api-gateway,41.35,54.36,39.77,560.41,591.62,119.38,0.23,25.2,0,normal
2026-01-07 02:55:00,user-service,24.8,53.43,35.63,390.74,369.38,112.18,0.2,33.75,0,normal
2026-01-07 02:55:00,payment-service,39.97,61.6,48.66,440.74,461.03,164.05,0.16,48.18,0,normal
2026-01-07 02:55:00,notification-service,28.76,46.18,36.5,338.09,294.74,110.46,0.14,18.78,0,normal
2026-01-07 02:55:00,database,48.47,58.83,39.88,683.05,752.54,91.36,0.19,64.91,0,normal
2026-01-07 03:00:00,api-gateway,32.22,56.27,67.3,606.71,611.73,139.34,0.14,24.81,0,normal
2026-01-07 03:00:00,user-service,23.93,48.52,60.68,419.08,356.4,118.86,0.19,27.71,0,normal
2026-01-07 03:00:00,payment-service,42.51,60.7,33.07,580.41,519.87,169.73,0.1,45.56,0,normal
2026-01-07 03:00:00,notification-service,22.43,41.99,30.3,337.92,326.24,95.07,0.18,25.31,0,normal
2026-01-07 03:00:00,database,46.36,65.26,72.68,725.57,762.71,107.96,0.19,68.49,0,normal
2026-01-07 03:05:00,api-gateway,37.56,52.42,58.63,598.38,547.47,126.98,0.28,29.13,0,normal
2026-01-07 03:05:00,user-service,28.86,49.19,53.69,262.87,323.13,117.43,0.17,34.95,0,normal
2026-01-07 03:05:00,payment-service,45.11,61.07,52.02,591.33,498.6,151.93,0.13,47.4,0,normal
2026-01-07 03:05:00,notification-service,30.4,45.42,34.37,345.5,294.76,118.26,0.22,21.11,0,normal
2026-01-07 03:05:00,database,54.05,66.37,43.88,628.91,669.51,109.55,0.13,71.1,0,normal
2026-01-07 03:10:00,api-gateway,34.55,59.24,56.72,555.9,676.66,113.22,0.24,25.25,0,normal
2026-01-07 03:10:00,user-service,25.7,53.12,46.59,232.89,284.15,129.36,0.19,28.26,0,normal
2026-01-07 03:10:00,payment-service,41.06,63.2,38.21,430.85,451.45,158.0,0.26,44.73,0,normal
2026-01-07 03:10:00,notification-service,19.91,49.66,52.67,357.69,309.59,95.49,0.28,23.12,0,normal
2026-01-07 03:10:00,database,44.63,67.75,49.04,787.59,686.17,93.41,0.17,64.74,0,normal
2026-01-07 03:15:00,api-gateway,34.07,60.59,46.06,711.22,625.53,129.84,0.2,29.16,0,normal
2026-01-07 03:15:00,user-service,28.9,51.38,50.43,405.8,353.02,120.44,0.26,36.22,0,normal
2026-01-07 03:15:00,payment-service,51.21,55.81,48.52,486.21,488.49,158.53,0.21,47.02,0,normal
2026-01-07 03:15:00,notification-service,30.01,44.01,45.5,279.19,310.6,104.69,0.27,22.28,0,normal
2026-01-07 03:15:00,database,43.75,67.01,42.16,564.82,671.08,103.21,0.27,68.29,0,normal
2026-01-07 03:20:00,api-gateway,34.44,55.52,66.16,637.03,684.39,141.68,0.15,23.34,0,normal
2026-01-07 03:20:00,user-service,35.41,49.44,53.87,260.15,321.35,120.76,0.23,28.55,0,normal
2026-01-07 03:20:00,payment-service,39.7,61.24,62.7,505.6,488.78,159.55,0.2,42.16,0,normal
2026-01-07 03:20:00,notification-service,26.04,47.6,54.42,268.74,302.21,113.59,0.18,25.18,0,normal
2026-01-07 03:20:00,database,50.03,67.72,65.79,538.67,642.36,86.93,0.23,63.23,0,normal
2026-01-07 03:25:00,api-gateway,38.95,53.05,31.6,748.73,719.56,138.06,0.24,26.73,0,normal
2026-01-07 03:25:00,user-service,28.61,50.02,42.36,294.83,365.92,99.2,0.26,35.46,0,normal
2026-01-07 03:25:00,payment-service,42.5,63.19,50.19,424.0,468.02,159.37,0.2,49.17,0,normal
2026-01-07 03:25:00,notification-service,22.47,43.79,43.02,313.21,273.53,110.63,0.22,24.73,0,normal
2026-01-07 03:25:00,database,56.05,67.96,42.23,622.63,768.39,94.95,0.23,67.81,0,normal
2026-01-07 03:30:00,api-gateway,30.8,56.05,40.07,652.83,648.24,131.64,0.21,31.44,0,normal
2026-01-07 03:30:00,user-service,18.74,43.25,74.09,359.1,329.97,128.74,0.19,29.65,0,normal
2026-01-07 03:30:00,payment-service,42.78,55.33,46.58,538.43,507.58,154.05,0.22,42.1,0,normal
2026-01-07 03:30:00,notification-service,25.04,46.73,52.02,268.59,276.25,120.96,0.2,23.55,0,normal
2026-01-07 03:30:00,database,48.17,66.31,63.65,729.68,670.98,100.66,0.14,63.52,0,normal
2026-01-07 03:35:00,api-gateway,35.99,57.46,75.47,747.9,644.34,136.04,0.13,23.32,0,normal
2026-01-07 03:35:00,user-service,23.3,52.99,48.21,379.32,364.13,112.16,0.2,32.33,0,normal
2026-01-07 03:35:00,payment-service,41.27,60.11,62.04,439.25,518.13,158.8,0.23,49.8,0,normal
2026-01-07 03:35:00,notification-service,24.61,47.9,76.67,269.01,298.41,92.16,0.14,23.88,0,normal
2026-01-07 03:35:00,database,57.32,68.59,36.12,833.56,767.04,114.35,0.2,64.48,0,normal
2026-01-07 03:40:00,api-gateway,31.9,56.15,43.99,483.07,576.23,121.77,0.15,26.41,0,normal
2026-01-07 03:40:00,user-service,32.64,48.94,42.92,320.81,335.76,126.89,0.18,33.23,0,normal
2026-01-07 03:40:00,payment-service,47.52,54.26,44.1,458.06,504.06,163.49,0.21,48.5,0,normal
2026-01-07 03:40:00,notification-service,21.39,49.28,55.8,274.89,280.95,108.51,0.19,28.89,0,normal
2026-01-07 03:40:00,database,45.26,64.91,50.51,630.05,759.51,99.9,0.18,74.73,0,normal
2026-01-07 03:45:00,api-gateway,31.19,59.72,36.52,653.26,648.63,126.56,0.14,30.33,0,normal
2026-01-07 03:45:00,user-service,26.49,45.23,59.2,307.53,357.44,123.86,0.21,29.86,0,normal
2026-01-07 03:45:00,payment-service,40.91,65.92,69.78,447.43,481.51,159.49,0.13,49.12,0,normal
2026-01-07 03:45:00,notification-service,24.51,46.85,61.22,267.77,276.54,116.04,0.19,19.68,0,normal
2026-01-07 03:45:00,database,53.93,64.14,62.98,835.08,716.9,88.84,0.25,65.71,0,normal
2026-01-07 03:50:00,api-gateway,36.59,49.17,66.79,592.98,581.34,121.01,0.12,20.81,0,normal
2026-01-07 03:50:00,user-service,32.87,47.71,44.06,406.5,340.0,116.38,0.23,33.35,0,normal
2026-01-07 03:50:00,payment-service,47.17,62.65,44.16,399.81,451.58,162.26,0.24,42.06,0,normal
2026-01-07 03:50:00,notification-service,20.56,48.11,56.2,263.34,285.49,104.24,0.26,20.62,0,normal
2026-01-07 03:50:00,database,40.73,60.86,65.21,816.79,777.49,87.79,0.18,74.12,0,normal
2026-01-07 03:55:00,api-gateway,36.34,53.91,43.66,568.21,639.9,122.2,0.25,28.86,0,normal
2026-01-07 03:55:00,user-service,29.34,50.94,38.35,274.71,327.41,112.55,0.24,26.7,0,normal
2026-01-07 03:55:00,payment-service,43.5,56.19,37.68,532.9,469.87,150.86,0.11,47.42,0,normal
2026-01-07 03:55:00,notification-service,20.0,42.4,45.38,315.72,276.3,118.24,0.14,17.78,0,normal
2026-01-07 03:55:00,database,48.17,63.53,37.71,702.61,715.91,79.28,0.22,62.46,0,normal
2026-01-07 04:00:00,api-gateway,43.66,56.13,41.77,791.83,719.2,139.77,0.21,31.96,0,normal
2026-01-07 04:00:00,user-service,21.36,54.37,49.19,451.08,403.08,125.46,0.27,34.62,0,normal
2026-01-07 04:00:00,payment-service,45.26,60.93,33.54,420.82,480.31,173.35,0.24,42.91,0,normal
2026-01-07 04:00:00,notification-service,22.04,45.82,49.71,293.49,262.93,133.62,0.26,24.61,0,normal
2026-01-07 04:00:00,database,53.85,62.15,37.13,846.05,755.44,102.48,0.27,68.85,0,normal
2026-01-07 04:05:00,api-gateway,47.96,52.47,44.86,701.07,598.92,132.96,0.17,25.92,0,normal
2026-01-07 04:05:00,user-service,26.82,46.87,56.94,390.74,366.91,122.4,0.17,33.86,0,normal
2026-01-07 04:05:00,payment-service,41.8,61.01,67.89,486.76,512.38,159.77,0.16,41.36,0,normal
2026-01-07 04:05:00,notification-service,28.89,50.46,54.66,214.45,239.45,104.47,0.26,16.18,0,normal
2026-01-07 04:05:00,database,43.05,67.2,40.2,830.61,761.55,109.5,0.15,69.17,0,normal
2026-01-07 04:10:00,api-gateway,39.11,61.01,58.83,518.52,578.71,138.47,0.19,33.49,0,normal
2026-01-07 04:10:00,user-service,32.73,47.77,54.04,333.1,342.1,125.42,0.27,33.32,0,normal
2026-01-07 04:10:00,payment-service,47.47,60.98,56.07,549.23,554.08,159.13,0.14,51.82,0,normal
2026-01-07 04:10:00,notification-service,26.54,46.98,37.01,297.89,254.22,119.31,0.23,21.45,0,normal
2026-01-07 04:10:00,database,55.41,68.05,41.8,717.32,715.08,80.15,0.27,69.81,0,normal
2026-01-07 04:15:00,api-gateway,35.53,55.31,64.4,605.25,672.67,129.49,0.34,24.74,0,normal
2026-01-07 04:15:00,user-service,31.65,49.15,40.84,307.09,348.78,114.78,0.09,34.83,0,normal
2026-01-07 04:15:00,payment-service,40.91,59.82,47.44,393.14,471.68,171.25,0.18,43.92,0,normal
2026-01-07 04:15:00,notification-service,12.83,44.32,53.93,340.65,289.3,103.04,0.19,19.49,0,normal
2026-01-07 04:15:00,database,41.24,67.98,51.72,802.17,735.75,82.26,0.18,67.36,0,normal
2026-01-07 04:20:00,api-gateway,35.65,53.8,32.47,621.47,619.68,136.84,0.17,24.15,0,normal
2026-01-07 04:20:00,user-service,31.04,48.03,39.72,356.86,356.98,110.28,0.15,32.52,0,normal
2026-01-07 04:20:00,payment-service,47.39,63.47,41.97,414.9,437.98,141.32,0.21,47.26,0,normal
2026-01-07 04:20:00,notification-service,28.57,44.29,30.54,246.09,264.16,106.94,0.22,20.78,0,normal
2026-01-07 04:20:00,database,38.55,63.42,63.87,853.87,738.88,98.22,0.13,71.3,0,normal
2026-01-07 04:25:00,api-gateway,40.09,53.44,53.74,609.87,649.74,132.87,0.15,21.75,0,normal
2026-01-07 04:25:00,user-service,26.08,47.09,42.11,445.64,395.96,109.6,0.17,31.08,0,normal
2026-01-07 04:25:00,payment-service,36.57,60.91,49.61,508.98,464.94,166.77,0.2,46.29,0,normal
2026-01-07 04:25:00,notification-service,29.64,40.24,64.82,349.37,310.82,85.56,0.23,24.47,0,normal
2026-01-07 04:25:00,database,53.43,60.48,67.78,605.24,719.63,85.43,0.25,66.77,0,normal
2026-01-07 04:30:00,api-gateway,38.45,51.07,52.56,717.42,626.41,132.3,0.16,29.44,0,normal
2026-01-07 04:30:00,user-service,27.45,51.49,52.69,397.45,377.97,127.22,0.27,34.45,0,normal
2026-01-07 04:30:00,payment-service,39.45,65.34,48.72,474.58,524.3,177.52,0.26,46.64,0,normal
2026-01-07 04:30:00,notification-service,25.63,49.75,61.35,225.49,278.21,111.4,0.25,19.48,0,normal
2026-01-07 04:30:00,database,46.66,61.2,61.38,856.79,725.28,97.7,0.22,67.71,0,normal
2026-01-07 04:35:00,api-gateway,40.13,48.08,45.7,626.79,628.45,156.24,0.2,23.52,0,normal
2026-01-07 04:35:00,user-service,28.97,47.33,31.34,326.63,336.8,112.25,0.25,35.75,0,normal
2026-01-07 04:35:00,payment-service,44.18,61.81,45.77,460.07,516.59,180.46,0.19,45.05,0,normal
2026-01-07 04:35:00,notification-service,30.49,43.72,35.82,264.58,298.72,120.06,0.18,21.18,0,normal
2026-01-07 04:35:00,database,46.2,58.6,51.3,625.31,724.87,103.55,0.11,71.08,0,normal
2026-01-07 04:40:00,api-gateway,34.83,59.97,42.7,721.7,607.66,110.47,0.22,23.08,0,normal
2026-01-07 04:40:00,user-service,27.05,49.92,58.07,378.93,349.24,105.43,0.19,32.62,0,normal
2026-01-07 04:40:00,payment-service,47.65,56.04,50.12,411.57,509.44,153.43,0.17,53.07,0,normal
2026-01-07 04:40:00,notification-service,20.7,44.71,49.73,258.93,276.52,85.47,0.23,23.76,0,normal
2026-01-07 04:40:00,database,53.59,63.87,66.21,817.08,747.96,103.37,0.17,64.03,0,normal
2026-01-07 04:45:00,api-gateway,39.53,57.93,60.01,569.8,638.21,125.59,0.16,32.03,0,normal
2026-01-07 04:45:00,user-service,35.59,52.25,70.23,414.14,365.73,123.4,0.14,32.83,0,normal
2026-01-07 04:45:00,payment-service,40.88,61.29,42.57,603.53,513.25,163.92,0.19,45.71,0,normal
2026-01-07 04:45:00,notification-service,29.13,45.35,54.84,280.0,278.47,127.7,0.24,21.84,0,normal
2026-01-07 04:45:00,database,48.59,61.95,50.97,693.64,671.29,82.11,0.17,69.83,0,normal
2026-01-07 04:50:00,api-gateway,36.58,57.03,49.73,716.49,702.27,120.7,0.33,31.66,0,normal
2026-01-07 04:50:00,user-service,28.72,52.33,44.98,355.41,324.35,122.55,0.17,37.29,0,normal
2026-01-07 04:50:00,payment-service,44.22,59.19,33.86,523.94,523.62,170.41,0.16,46.62,0,normal
2026-01-07 04:50:00,notification-service,30.29,47.47,57.6,254.05,267.66,115.32,0.3,20.86,0,normal
2026-01-07 04:50:00,database,49.31,62.44,64.35,755.6,737.26,92.28,0.29,67.5,0,normal
2026-01-07 04:55:00,api-gateway,41.59,55.6,45.76,692.22,612.55,134.89,0.18,27.33,0,normal
2026-01-07 04:55:00,user-service,29.65,51.25,57.62,386.17,377.85,125.84,0.12,35.04,0,normal
2026-01-07 04:55:00,payment-service,46.05,59.96,37.61,490.63,490.98,164.34,0.23,45.67,0,normal
2026-01-07 04:55:00,notification-service,27.69,46.3,51.45,203.35,240.86,109.71,0.22,19.68,0,normal
2026-01-07 04:55:00,database,50.67,58.65,50.79,907.0,876.8,107.66,0.19,70.49,0,normal
2026-01-07 05:00:00,api-gateway,35.64,50.64,45.0,543.54,635.96,125.7,0.18,19.98,0,normal
2026-01-07 05:00:00,user-service,27.03,51.94,62.78,360.72,365.09,113.68,0.19,31.16,0,normal
2026-01-07 05:00:00,payment-service,43.79,63.81,37.01,450.42,490.87,155.35,0.08,49.26,0,normal
2026-01-07 05:00:00,notification-service,28.91,45.98,48.21,342.01,287.67,104.68,0.16,23.87,0,normal
2026-01-07 05:00:00,database,43.89,66.33,60.77,695.92,745.67,87.72,0.18,68.46,0,normal
2026-01-07 05:05:00,api-gateway,32.25,51.85,34.52,558.2,656.41,141.41,0.22,29.06,0,normal
2026-01-07 05:05:00,user-service,28.67,53.59,42.76,364.09,350.46,118.68,0.19,34.95,0,normal
2026-01-07 05:05:00,payment-service,42.4,59.01,58.89,442.25,526.36,158.74,0.18,48.47,0,normal
2026-01-07 05:05:00,notification-service,25.38,40.94,48.47,333.52,294.88,124.27,0.18,23.51,0,normal
2026-01-07 05:05:00,database,46.77,57.75,45.68,613.29,687.89,79.61,0.2,72.05,0,normal
2026-01-07 05:10:00,api-gateway,39.6,49.44,32.22,539.72,638.41,111.57,0.23,25.99,0,normal
2026-01-07 05:10:00,user-service,24.72,48.61,47.59,315.59,372.38,141.36,0.14,38.04,0,normal
2026-01-07 05:10:00,payment-service,41.11,58.27,56.88,457.22,488.3,156.2,0.19,45.92,0,normal
2026-01-07 05:10:00,notification-service,21.94,43.4,56.06,308.51,266.09,103.5,0.13,24.88,0,normal
2026-01-07 05:10:00,database,52.44,61.88,59.97,658.7,786.67,97.31,0.22,66.71,0,normal
2026-01-07 05:15:00,api-gateway,43.62,59.29,49.39,647.9,574.96,126.82,0.21,31.7,0,normal
2026-01-07 05:15:00,user-service,28.75,50.9,52.84,304.93,316.41,120.57,0.19,30.59,0,normal
2026-01-07 05:15:00,payment-service,39.07,59.18,44.56,530.72,600.26,166.65,0.19,43.5,0,normal
2026-01-07 05:15:00,notification-service,22.92,44.58,49.95,274.63,274.11,102.21,0.19,19.43,0,normal
2026-01-07 05:15:00,database,50.64,64.03,51.59,877.89,748.02,87.02,0.25,69.23,0,normal
2026-01-07 05:20:00,api-gateway,39.42,56.64,37.82,659.87,637.23,132.5,0.25,25.46,0,normal
2026-01-07 05:20:00,user-service,27.93,46.14,67.37,292.49,315.65,110.71,0.25,29.56,0,normal
2026-01-07 05:20:00,payment-service,39.31,59.68,42.21,453.98,460.8,161.25,0.23,43.98,0,normal
2026-01-07 05:20:00,notification-service,18.58,44.64,49.62,315.32,263.51,121.4,0.25,23.16,0,normal
2026-01-07 05:20:00,database,49.11,66.27,64.75,586.37,723.27,116.04,0.19,61.57,0,normal
2026-01-07 05:25:00,api-gateway,35.71,51.06,48.6,653.69,643.86,139.64,0.24,31.1,0,normal
2026-01-07 05:25:00,user-service,34.12,50.88,60.5,399.52,372.21,118.27,0.17,33.94,0,normal
2026-01-07 05:25:00,payment-service,45.08,64.8,78.46,514.15,470.0,175.35,0.24,45.36,0,normal
2026-01-07 05:25:00,notification-service,18.87,44.49,49.78,249.36,287.14,120.92,0.25,22.18,0,normal
2026-01-07 05:25:00,database,48.59,67.41,50.45,682.7,694.16,71.07,0.16,67.49,0,normal
2026-01-07 05:30:00,api-gateway,44.91,58.36,48.42,474.89,578.02,129.28,0.25,33.56,0,normal
2026-01-07 05:30:00,user-service,34.38,49.07,49.25,357.7,302.81,116.91,0.19,29.21,0,normal
2026-01-07 05:30:00,payment-service,39.91,61.95,36.11,483.59,471.45,163.19,0.21,49.3,0,normal
2026-01-07 05:30:00,notification-service,22.36,42.08,43.26,241.2,286.08,78.2,0.34,25.24,0,normal
2026-01-07 05:30:00,database,50.2,67.99,60.49,786.05,759.09,96.76,0.19,68.25,0,normal
2026-01-07 05:35:00,api-gateway,40.27,52.44,35.98,842.91,704.07,129.21,0.19,27.38,0,normal
2026-01-07 05:35:00,user-service,28.1,49.77,54.35,272.36,321.53,102.12,0.16,31.88,0,normal
2026-01-07 05:35:00,payment-service,46.42,62.41,59.28,537.71,455.49,180.72,0.2,47.91,0,normal
2026-01-07 05:35:00,notification-service,19.94,43.02,36.61,224.63,276.41,99.09,0.14,24.79,0,normal
2026-01-07 05:35:00,database,48.1,66.53,42.58,677.15,696.47,85.66,0.15,64.69,0,normal
2026-01-07 05:40:00,api-gateway,35.46,56.36,39.23,564.11,657.25,128.01,0.2,30.41,0,normal
2026-01-07 05:40:00,user-service,31.91,47.97,35.37,371.99,412.45,117.42,0.2,29.71,0,normal
2026-01-07 05:40:00,payment-service,41.78,62.66,69.08,608.44,529.43,148.43,0.14,45.7,0,normal
2026-01-07 05:40:00,notification-service,22.47,47.58,33.65,309.45,271.84,124.51,0.26,22.12,0,normal
2026-01-07 05:40:00,database,49.86,63.63,36.7,792.34,713.99,88.63,0.23,71.92,0,normal
2026-01-07 05:45:00,api-gateway,37.41,56.71,65.74,588.43,609.68,144.88,0.28,27.66,0,normal
2026-01-07 05:45:00,user-service,29.44,47.15,46.85,352.14,358.25,107.96,0.13,31.03,0,normal
2026-01-07 05:45:00,payment-service,39.76,60.08,50.01,541.55,458.78,180.12,0.26,42.62,0,normal
2026-01-07 05:45:00,notification-service,22.02,44.44,36.86,342.51,313.48,97.3,0.24,22.38,0,normal
2026-01-07 05:45:00,database,46.54,66.24,51.22,902.07,778.34,83.87,0.19,72.51,0,normal
2026-01-07 05:50:00,api-gateway,39.32,51.52,49.63,564.11,554.02,126.26,0.19,28.28,0,normal
2026-01-07 05:50:00,user-service,31.43,49.63,24.54,354.07,379.21,90.1,0.19,30.24,0,normal
2026-01-07 05:50:00,payment-service,42.03,57.6,45.28,543.85,507.43,162.97,0.19,45.49,0,normal
2026-01-07 05:50:00,notification-service,22.42,44.28,44.64,323.39,311.23,111.67,0.22,25.39,0,normal
2026-01-07 05:50:00,database,47.41,65.2,46.17,645.19,719.65,113.58,0.13,67.69,0,normal
2026-01-07 05:55:00,api-gateway,44.24,58.38,59.01,547.79,611.59,135.68,0.24,25.02,0,normal
2026-01-07 05:55:00,user-service,28.95,46.36,42.2,322.37,336.62,113.86,0.2,32.3,0,normal
2026-01-07 05:55:00,payment-service,50.11,58.41,47.81,459.79,529.48,178.27,0.32,41.75,0,normal
2026-01-07 05:55:00,notification-service,24.15,40.22,62.09,275.76,284.52,90.51,0.15,22.7,0,normal
2026-01-07 05:55:00,database,60.62,62.9,58.49,664.1,688.8,97.33,0.14,68.31,0,normal
2026-01-07 06:00:00,api-gateway,43.98,49.86,48.55,757.68,654.89,128.49,0.15,26.55,0,normal
2026-01-07 06:00:00,user-service,26.53,44.37,67.98,310.36,322.16,97.54,0.2,27.37,0,normal
2026-01-07 06:00:00,payment-service,44.59,60.17,45.67,522.35,487.38,176.65,0.2,44.85,0,normal
2026-01-07 06:00:00,notification-service,24.41,48.19,62.71,287.04,293.53,90.8,0.24,26.0,0,normal
2026-01-07 06:00:00,database,52.07,68.86,56.22,520.28,632.3,104.4,0.18,61.54,0,normal
2026-01-07 06:05:00,api-gateway,35.39,54.96,36.92,718.11,663.39,127.09,0.19,22.05,0,normal
2026-01-07 06:05:00,user-service,27.57,55.18,38.59,359.05,312.18,96.56,0.24,31.24,0,normal
2026-01-07 06:05:00,payment-service,48.97,56.68,37.68,584.17,496.68,174.82,0.24,47.65,0,normal
2026-01-07 06:05:00,notification-service,19.95,42.61,47.95,238.98,266.23,101.52,0.14,20.4,0,normal
2026-01-07 06:05:00,database,50.19,68.01,43.43,549.65,668.21,92.45,0.19,67.05,0,normal
2026-01-07 06:10:00,api-gateway,39.66,56.08,20.43,595.68,623.92,129.36,0.21,26.22,0,normal
2026-01-07 06:10:00,user-service,30.19,48.84,57.42,296.26,363.82,112.01,0.18,27.53,0,normal
2026-01-07 06:10:00,payment-service,48.0,69.03,42.45,515.13,489.45,162.26,0.16,48.7,0,normal
2026-01-07 06:10:00,notification-service,27.37,47.74,66.36,308.07,259.6,104.57,0.25,20.71,0,normal
2026-01-07 06:10:00,database,44.59,59.23,69.2,769.42,765.95,107.88,0.27,66.31,0,normal
2026-01-07 06:15:00,api-gateway,33.98,54.52,58.67,752.96,713.43,130.92,0.25,26.91,0,normal
2026-01-07 06:15:00,user-service,30.44,48.63,48.81,284.06,344.95,118.48,0.22,36.15,0,normal
2026-01-07 06:15:00,payment-service,44.37,59.6,47.53,637.29,535.87,160.22,0.15,45.35,0,normal
2026-01-07 06:15:00,notification-service,24.22,45.69,71.87,271.48,262.8,93.46,0.11,20.04,0,normal
2026-01-07 06:15:00,database,49.48,64.36,46.37,813.14,773.34,89.02,0.19,66.7,0,normal
2026-01-07 06:20:00,api-gateway,38.72,59.15,41.67,657.21,586.16,129.23,0.22,30.44,0,normal
2026-01-07 06:20:00,user-service,31.46,54.72,84.27,355.49,339.55,116.44,0.22,34.34,0,normal
2026-01-07 06:20:00,payment-service,44.52,60.35,53.77,483.32,428.12,149.61,0.15,46.49,0,normal
2026-01-07 06:20:00,notification-service,20.54,46.24,37.11,245.76,291.9,96.85,0.14,27.04,0,normal
2026-01-07 06:20:00,database,51.91,59.92,36.19,778.16,741.75,111.99,0.21,69.96,0,normal
2026-01-07 06:25:00,api-gateway,37.23,60.78,61.68,529.33,576.66,129.0,0.27,29.19,0,normal
2026-01-07 06:25:00,user-service,28.84,44.68,40.75,350.91,327.06,84.64,0.18,28.48,0,normal
2026-01-07 06:25:00,payment-service,47.22,64.05,48.47,516.56,511.72,169.41,0.16,43.68,0,normal
2026-01-07 06:25:00,notification-service,24.67,47.12,57.79,267.18,281.06,85.17,0.22,19.94,0,normal
2026-01-07 06:25:00,database,50.67,69.75,62.43,924.92,863.52,105.13,0.23,73.52,0,normal
2026-01-07 06:30:00,api-gateway,37.25,53.68,55.81,598.24,654.85,125.05,0.26,27.05,0,normal
2026-01-07 06:30:00,user-service,33.22,51.94,57.23,284.65,330.62,127.38,0.2,32.64,0,normal
2026-01-07 06:30:00,payment-service,50.51,66.75,57.65,522.78,465.55,168.85,0.27,49.29,0,normal
2026-01-07 06:30:00,notification-service,25.43,41.28,34.04,316.07,263.53,115.61,0.18,17.75,0,normal
2026-01-07 06:30:00,database,48.11,66.67,49.66,581.84,663.66,108.55,0.19,69.24,0,normal
2026-01-07 06:35:00,api-gateway,38.54,52.53,34.37,645.69,577.03,133.12,0.19,26.59,0,normal
2026-01-07 06:35:00,user-service,26.69,51.2,55.05,358.36,335.94,101.51,0.18,31.95,0,normal
2026-01-07 06:35:00,payment-service,46.45,58.37,35.87,424.27,510.36,162.26,0.27,47.19,0,normal
2026-01-07 06:35:00,notification-service,27.51,44.61,42.2,263.59,268.57,98.68,0.18,22.71,0,normal
2026-01-07 06:35:00,database,42.1,63.89,55.9,805.57,683.1,104.91,0.14,64.66,0,normal
2026-01-07 06:40:00,api-gateway,31.41,50.77,41.43,673.79,644.62,137.83,0.11,26.65,0,normal
2026-01-07 06:40:00,user-service,32.29,51.92,56.79,336.66,323.13,116.5,0.21,29.75,0,normal
2026-01-07 06:40:00,payment-service,45.32,58.99,37.26,629.83,543.37,153.12,0.25,44.78,0,normal
2026-01-07 06:40:00,notification-service,23.79,47.89,42.94,328.6,276.41,109.67,0.17,18.89,0,normal
2026-01-07 06:40:00,database,45.76,62.13,46.82,687.05,687.8,95.09,0.17,67.03,0,normal
2026-01-07 06:45:00,api-gateway,44.24,52.15,59.07,659.11,607.82,123.51,0.19,24.72,0,normal
2026-01-07 06:45:00,user-service,29.65,49.89,33.84,382.87,339.72,124.07,0.27,33.71,0,normal
2026-01-07 06:45:00,payment-service,44.55,58.79,70.03,556.43,517.52,151.54,0.27,43.35,0,normal
2026-01-07 06:45:00,notification-service,23.41,43.89,50.86,262.03,283.38,108.85,0.05,17.9,0,normal
2026-01-07 06:45:00,database,55.33,60.9,44.26,755.73,662.71,81.34,0.26,67.53,0,normal
2026-01-07 06:50:00,api-gateway,43.85,58.4,43.44,551.58,606.59,140.91,0.24,32.07,0,normal
2026-01-07 06:50:00,user-service,24.92,52.4,58.4,365.38,351.98,132.21,0.14,25.04,0,normal
2026-01-07 06:50:00,payment-service,45.24,54.6,57.53,535.23,528.92,169.68,0.2,44.62,0,normal
2026-01-07 06:50:00,notification-service,21.07,40.16,47.18,337.91,283.9,107.06,0.15,26.16,0,normal
2026-01-07 06:50:00,database,46.1,62.92,45.19,551.24,672.02,105.74,0.22,71.14,0,normal
2026-01-07 06:55:00,api-gateway,27.12,52.55,56.07,751.08,760.91,135.5,0.26,31.51,0,normal
2026-01-07 06:55:00,user-service,27.81,47.23,57.86,348.89,362.2,103.13,0.25,28.36,0,normal
2026-01-07 06:55:00,payment-service,45.86,57.9,58.87,600.25,508.24,166.09,0.29,47.82,0,normal
2026-01-07 06:55:00,notification-service,27.61,44.16,57.16,227.16,261.43,88.97,0.23,18.88,0,normal
2026-01-07 06:55:00,database,53.45,64.79,49.74,612.21,565.95,91.55,0.2,70.71,0,normal
2026-01-07 07:00:00,api-gateway,49.32,55.77,57.83,983.91,861.96,134.22,0.24,29.31,0,normal
2026-01-07 07:00:00,user-service,36.62,48.14,47.01,436.42,522.69,120.12,0.27,35.42,0,normal
2026-01-07 07:00:00,payment-service,54.44,60.14,64.21,704.43,715.55,167.32,0.29,52.89,0,normal
2026-01-07 07:00:00,notification-service,30.73,46.99,46.44,345.93,380.32,109.24,0.15,32.57,0,normal
2026-01-07 07:00:00,database,53.21,64.13,60.55,1102.72,953.85,95.57,0.21,63.47,0,normal
2026-01-07 07:05:00,api-gateway,45.06,56.49,51.85,808.58,874.9,142.86,0.19,24.98,0,normal
2026-01-07 07:05:00,user-service,34.07,48.44,50.54,603.47,517.65,114.63,0.21,36.01,0,normal
2026-01-07 07:05:00,payment-service,48.83,61.9,64.69,722.98,666.23,170.4,0.16,49.22,0,normal
2026-01-07 07:05:00,notification-service,23.12,46.05,51.53,427.13,414.51,95.6,0.24,21.69,0,normal
2026-01-07 07:05:00,database,63.52,69.63,55.89,826.4,984.15,106.57,0.22,68.75,0,normal
2026-01-07 07:10:00,api-gateway,41.59,53.76,54.02,728.69,897.18,131.17,0.15,28.39,0,normal
2026-01-07 07:10:00,user-service,35.09,51.06,24.2,508.78,478.5,102.96,0.28,34.67,0,normal
2026-01-07 07:10:00,payment-service,48.5,56.85,55.86,813.04,695.44,166.48,0.16,47.6,0,normal
2026-01-07 07:10:00,notification-service,32.86,43.93,66.92,387.18,419.43,109.4,0.26,28.78,0,normal
2026-01-07 07:10:00,database,52.89,65.37,53.58,894.06,963.31,111.66,0.09,70.03,0,normal
2026-01-07 07:15:00,api-gateway,37.98,51.21,38.79,827.43,910.42,114.66,0.28,28.25,0,normal
2026-01-07 07:15:00,user-service,36.39,50.62,48.67,524.98,496.23,104.46,0.19,33.23,0,normal
2026-01-07 07:15:00,payment-service,50.65,63.31,36.13,632.46,716.77,179.84,0.28,52.34,0,normal
2026-01-07 07:15:00,notification-service,26.57,45.63,39.68,469.4,397.0,107.0,0.21,19.39,0,normal
2026-01-07 07:15:00,database,52.27,58.58,45.05,1007.06,1006.12,96.41,0.2,69.83,0,normal
2026-01-07 07:20:00,api-gateway,43.24,57.62,60.72,813.49,906.25,134.25,0.2,31.37,0,normal
2026-01-07 07:20:00,user-service,42.19,45.52,71.53,413.99,516.54,123.83,0.16,33.74,0,normal
2026-01-07 07:20:00,payment-service,47.55,61.17,43.86,565.25,649.68,175.55,0.22,46.86,0,normal
2026-01-07 07:20:00,notification-service,29.88,43.9,46.97,365.33,382.42,101.8,0.22,29.8,0,normal
2026-01-07 07:20:00,database,56.51,68.19,52.25,811.65,982.05,93.81,0.2,70.69,0,normal
2026-01-07 07:25:00,api-gateway,47.54,56.13,74.99,945.61,904.54,142.21,0.28,28.91,0,normal
2026-01-07 07:25:00,user-service,33.65,52.94,62.97,411.71,500.06,111.85,0.13,31.15,0,normal
2026-01-07 07:25:00,payment-service,55.95,63.56,32.94,605.09,743.59,184.0,0.27,50.13,0,normal
2026-01-07 07:25:00,notification-service,37.23,44.74,53.42,340.33,407.56,115.54,0.21,24.12,0,normal
2026-01-07 07:25:00,database,58.1,71.22,43.68,1118.12,989.77,98.9,0.2,71.2,0,normal
2026-01-07 07:30:00,api-gateway,46.7,56.74,56.07,750.66,919.24,129.38,0.16,27.11,0,normal
2026-01-07 07:30:00,user-service,33.27,48.11,44.11,583.94,506.55,117.95,0.17,37.45,0,normal
2026-01-07 07:30:00,payment-service,43.77,59.96,31.57,802.22,706.25,149.31,0.15,46.18,0,normal
2026-01-07 07:30:00,notification-service,25.06,45.92,34.29,379.79,383.97,119.57,0.25,20.92,0,normal
2026-01-07 07:30:00,database,53.64,57.69,38.48,932.26,1038.74,83.73,0.19,70.65,0,normal
2026-01-07 07:35:00,api-gateway,43.76,54.27,42.65,871.33,894.06,120.08,0.13,27.14,0,normal
2026-01-07 07:35:00,user-service,38.73,52.16,68.38,537.26,554.76,113.34,0.13,33.55,0,normal
2026-01-07 07:35:00,payment-service,51.82,55.77,52.32,669.06,747.02,162.27,0.2,52.8,0,normal
2026-01-07 07:35:00,notification-service,26.55,43.59,78.86,400.09,409.36,125.57,0.12,24.29,0,normal
2026-01-07 07:35:00,database,54.97,64.54,60.28,1154.39,1054.38,108.44,0.21,64.58,0,normal
2026-01-07 07:40:00,api-gateway,39.42,50.37,49.73,805.91,991.36,154.45,0.22,31.33,0,normal
2026-01-07 07:40:00,user-service,39.06,46.01,49.44,433.14,504.88,122.35,0.16,37.41,0,normal
2026-01-07 07:40:00,payment-service,49.2,58.96,47.46,834.63,703.3,173.5,0.1,49.32,0,normal
2026-01-07 07:40:00,notification-service,26.82,46.57,46.99,329.95,378.34,107.67,0.14,21.73,0,normal
2026-01-07 07:40:00,database,51.88,65.21,40.65,1150.86,1025.34,95.47,0.22,68.32,0,normal
2026-01-07 07:45:00,api-gateway,52.59,59.56,47.72,800.88,923.44,127.56,0.28,27.5,0,normal
2026-01-07 07:45:00,user-service,40.39,48.98,49.71,401.46,497.85,119.58,0.15,34.4,0,normal
2026-01-07 07:45:00,payment-service,45.17,55.93,59.0,658.87,692.33,150.32,0.25,50.16,0,normal
2026-01-07 07:45:00,notification-service,31.04,51.07,66.28,347.62,425.41,116.16,0.27,31.26,0,normal
2026-01-07 07:45:00,database,54.26,61.51,28.97,1072.89,942.57,100.5,0.17,70.94,0,normal
2026-01-07 07:50:00,api-gateway,45.23,49.56,48.15,713.08,872.2,125.91,0.23,28.79,0,normal
2026-01-07 07:50:00,user-service,36.28,53.54,46.06,423.89,486.1,97.61,0.27,33.29,0,normal
2026-01-07 07:50:00,payment-service,47.0,60.58,51.57,797.46,703.79,181.2,0.21,50.67,0,normal
2026-01-07 07:50:00,notification-service,34.46,50.25,50.02,402.54,385.08,116.09,0.17,27.48,0,normal
2026-01-07 07:50:00,database,51.79,63.49,47.95,963.16,965.55,118.58,0.28,67.39,0,normal
2026-01-07 07:55:00,api-gateway,45.04,51.76,49.92,973.13,946.89,148.85,0.17,28.2,0,normal
2026-01-07 07:55:00,user-service,33.37,50.68,41.85,507.41,485.66,133.79,0.18,38.61,0,normal
2026-01-07 07:55:00,payment-service,47.89,55.09,63.5,579.57,674.35,155.06,0.22,48.98,0,normal
2026-01-07 07:55:00,notification-service,29.61,46.08,53.02,330.81,373.63,115.62,0.11,25.53,0,normal
2026-01-07 07:55:00,database,48.77,66.57,49.24,1308.53,1109.04,102.39,0.19,67.29,0,normal
2026-01-07 08:00:00,api-gateway,43.79,54.63,44.66,766.71,884.23,132.43,0.21,32.39,0,normal
2026-01-07 08:00:00,user-service,30.99,51.16,57.4,483.88,511.12,115.98,0.24,33.48,0,normal
2026-01-07 08:00:00,payment-service,53.6,59.89,70.6,635.98,677.28,171.03,0.26,46.0,0,normal
2026-01-07 08:00:00,notification-service,26.3,46.23,41.96,437.61,386.04,91.61,0.05,24.27,0,normal
2026-01-07 08:00:00,database,59.6,68.33,73.34,1250.57,1055.36,102.58,0.19,71.55,0,normal
2026-01-07 08:05:00,api-gateway,52.29,52.54,49.14,911.62,917.96,148.03,0.12,30.32,0,normal
2026-01-07 08:05:00,user-service,38.41,50.41,42.27,503.35,500.04,108.44,0.14,39.76,0,normal
2026-01-07 08:05:00,payment-service,49.0,59.01,38.06,721.49,660.62,160.15,0.1,51.74,0,normal
2026-01-07 08:05:00,notification-service,28.44,46.75,53.06,382.84,355.8,115.13,0.11,20.48,0,normal
2026-01-07 08:05:00,database,52.72,65.91,46.05,945.56,1025.85,83.1,0.21,71.85,0,normal
2026-01-07 08:10:00,api-gateway,39.42,54.03,60.96,827.38,946.25,161.65,0.21,34.0,0,normal
2026-01-07 08:10:00,user-service,41.7,50.45,42.54,520.84,541.23,127.99,0.18,40.43,0,normal
2026-01-07 08:10:00,payment-service,55.81,60.96,44.46,642.55,707.72,171.99,0.23,46.11,0,normal
2026-01-07 08:10:00,notification-service,26.36,46.3,63.47,381.38,384.44,108.47,0.15,24.58,0,normal
2026-01-07 08:10:00,database,56.56,71.53,59.69,1003.69,1027.08,102.96,0.25,67.56,0,normal
2026-01-07 08:15:00,api-gateway,45.18,54.95,69.35,817.6,958.8,155.27,0.22,28.72,0,normal
2026-01-07 08:15:00,user-service,30.59,50.37,54.25,446.89,459.32,120.59,0.17,35.37,0,normal
2026-01-07 08:15:00,payment-service,50.41,62.12,57.47,584.03,700.16,162.37,0.27,48.86,0,normal
2026-01-07 08:15:00,notification-service,25.56,44.4,48.19,319.97,392.41,118.46,0.21,23.73,0,normal
2026-01-07 08:15:00,database,60.67,63.14,61.61,892.27,938.25,86.03,0.17,73.37,0,normal
2026-01-07 08:20:00,api-gateway,42.16,51.66,52.86,1065.8,907.62,159.79,0.22,31.54,0,normal
2026-01-07 08:20:00,user-service,41.19,46.47,49.77,530.48,540.47,133.29,0.35,36.58,0,normal
2026-01-07 08:20:00,payment-service,53.02,56.15,47.45,678.68,714.79,156.94,0.2,48.27,0,normal
2026-01-07 08:20:00,notification-service,21.84,44.63,58.9,322.57,391.8,104.52,0.22,21.84,0,normal
2026-01-07 08:20:00,database,59.6,64.88,30.78,1130.32,1034.2,104.97,0.19,70.44,0,normal
2026-01-07 08:25:00,api-gateway,41.52,51.97,31.59,900.2,909.27,145.9,0.21,27.55,0,normal
2026-01-07 08:25:00,user-service,38.07,51.5,53.98,384.4,474.74,126.11,0.18,32.04,0,normal
2026-01-07 08:25:00,payment-service,51.91,62.47,59.48,818.14,700.14,169.0,0.27,45.97,0,normal
2026-01-07 08:25:00,notification-service,33.23,47.38,60.76,376.46,392.58,104.13,0.2,29.11,0,normal
2026-01-07 08:25:00,database,59.18,66.79,78.87,891.13,1017.22,83.87,0.21,72.19,0,normal
2026-01-07 08:30:00,api-gateway,48.56,53.58,39.88,975.13,864.59,144.73,0.2,35.42,0,normal
2026-01-07 08:30:00,user-service,34.37,51.46,63.08,521.09,509.9,107.98,0.18,38.56,0,normal
2026-01-07 08:30:00,payment-service,48.92,56.37,59.3,672.53,778.07,181.31,0.22,52.65,0,normal
2026-01-07 08:30:00,notification-service,27.84,44.7,51.15,377.29,400.73,86.11,0.19,21.75,0,normal
2026-01-07 08:30:00,database,66.65,62.19,58.76,1100.32,929.86,102.29,0.14,74.4,0,normal
2026-01-07 08:35:00,api-gateway,45.63,55.9,49.28,867.75,830.73,143.61,0.23,27.48,0,normal
2026-01-07 08:35:00,user-service,30.85,46.53,54.03,475.95,482.75,109.96,0.26,32.57,0,normal
2026-01-07 08:35:00,payment-service,50.0,61.93,58.02,688.36,655.28,180.5,0.26,49.96,0,normal
2026-01-07 08:35:00,notification-service,32.46,46.73,41.28,387.85,396.98,110.54,0.16,28.8,0,normal
2026-01-07 08:35:00,database,45.82,64.62,49.17,1075.05,1000.22,109.7,0.21,69.66,0,normal
2026-01-07 08:40:00,api-gateway,45.85,63.47,30.96,923.34,893.0,136.32,0.16,29.88,0,normal
2026-01-07 08:40:00,user-service,31.18,50.3,60.3,603.61,506.64,126.79,0.11,31.83,0,normal
2026-01-07 08:40:00,payment-service,52.66,65.48,36.54,645.59,656.75,166.27,0.24,45.91,0,normal
2026-01-07 08:40:00,notification-service,33.42,50.36,43.57,494.46,423.81,102.95,0.21,30.05,0,normal
2026-01-07 08:40:00,database,53.59,66.73,42.24,790.07,960.72,87.97,0.14,66.0,0,normal
2026-01-07 08:45:00,api-gateway,47.32,56.82,36.97,743.6,912.88,154.18,0.17,25.0,0,normal
2026-01-07 08:45:00,user-service,24.46,43.59,70.05,579.93,517.11,120.06,0.13,34.67,0,normal
2026-01-07 08:45:00,payment-service,45.25,58.28,55.21,686.97,659.45,176.35,0.23,47.91,0,normal
2026-01-07 08:45:00,notification-service,27.98,44.74,53.82,384.75,392.28,81.32,0.18,25.45,0,normal
2026-01-07 08:45:00,database,52.61,67.73,77.02,898.86,955.18,94.08,0.17,71.6,0,normal
2026-01-07 08:50:00,api-gateway,44.62,54.13,75.87,762.45,899.09,135.96,0.29,32.02,0,normal
2026-01-07 08:50:00,user-service,35.63,46.28,51.85,614.0,527.36,111.78,0.19,28.47,0,normal
2026-01-07 08:50:00,payment-service,51.44,59.96,31.23,680.35,732.45,173.46,0.11,48.8,0,normal
2026-01-07 08:50:00,notification-service,25.17,39.32,62.83,398.22,418.34,109.13,0.23,20.48,0,normal
2026-01-07 08:50:00,database,53.61,66.46,37.63,828.46,1016.33,100.44,0.17,68.01,0,normal
2026-01-07 08:55:00,api-gateway,47.97,52.33,40.3,758.02,878.86,132.71,0.22,31.14,0,normal
2026-01-07 08:55:00,user-service,38.33,51.26,51.89,489.55,465.42,115.97,0.18,35.61,0,normal
2026-01-07 08:55:00,payment-service,51.94,63.51,61.92,632.01,707.52,178.01,0.18,49.82,0,normal
2026-01-07 08:55:00,notification-service,32.22,44.8,40.81,325.15,389.41,101.35,0.18,24.24,0,normal
2026-01-07 08:55:00,database,56.37,57.41,53.68,1093.58,1073.36,94.51,0.16,69.15,0,normal
2026-01-07 09:00:00,api-gateway,55.34,54.3,44.97,1215.16,1159.68,139.33,0.21,36.91,0,normal
2026-01-07 09:00:00,user-service,41.0,46.02,50.98,715.01,628.36,127.59,0.13,30.95,0,normal
2026-01-07 09:00:00,payment-service,51.66,58.57,44.68,1031.13,974.9,186.43,0.21,52.02,0,normal
2026-01-07 09:00:00,notification-service,39.37,42.61,38.97,548.87,512.17,123.1,0.2,29.87,0,normal
2026-01-07 09:00:00,database,57.58,62.3,63.03,1014.09,1242.19,118.05,0.12,73.6,0,normal
2026-01-07 09:05:00,api-gateway,53.05,53.19,27.62,1136.95,1195.5,160.43,0.11,33.72,0,normal
2026-01-07 09:05:00,user-service,47.71,46.35,47.37,646.82,669.79,122.61,0.15,38.89,0,normal
2026-01-07 09:05:00,payment-service,53.78,64.72,46.02,998.96,965.39,182.61,0.24,50.92,0,normal
2026-01-07 09:05:00,notification-service,31.12,42.14,51.8,461.37,508.57,122.44,0.12,26.39,0,normal
2026-01-07 09:05:00,database,51.68,61.87,52.69,1121.2,1283.96,97.18,0.19,70.26,0,normal
2026-01-07 09:10:00,api-gateway,46.74,52.28,60.28,1146.08,1207.46,141.56,0.19,30.53,0,normal
2026-01-07 09:10:00,user-service,46.91,50.22,48.07,720.51,642.81,119.43,0.21,37.92,0,normal
2026-01-07 09:10:00,payment-service,62.27,64.06,32.9,896.23,919.99,166.07,0.27,56.75,0,normal
2026-01-07 09:10:00,notification-service,29.99,45.19,38.15,521.34,520.52,123.06,0.3,26.06,0,normal
2026-01-07 09:10:00,database,60.93,64.21,59.82,1208.77,1349.82,100.03,0.14,70.58,0,normal
2026-01-07 09:15:00,api-gateway,49.04,57.88,50.14,1228.2,1129.72,145.61,0.17,29.52,0,normal
2026-01-07 09:15:00,user-service,39.17,52.87,57.68,550.19,640.84,127.16,0.22,35.86,0,normal
2026-01-07 09:15:00,payment-service,57.28,58.41,42.02,879.78,901.6,157.69,0.23,52.15,0,normal
2026-01-07 09:15:00,notification-service,39.29,44.91,66.11,474.12,480.47,132.16,0.09,28.08,0,normal
2026-01-07 09:15:00,database,57.82,63.96,38.44,1184.43,1288.2,134.77,0.16,75.08,0,normal
2026-01-07 09:20:00,api-gateway,49.68,51.35,56.66,1422.5,1231.08,138.4,0.22,34.84,0,normal
2026-01-07 09:20:00,user-service,37.71,51.59,62.8,728.54,670.11,121.81,0.24,37.95,0,normal
2026-01-07 09:20:00,payment-service,53.34,66.86,45.89,998.1,900.15,166.67,0.17,53.54,0,normal
2026-01-07 09:20:00,notification-service,36.04,45.61,51.38,575.41,505.0,103.42,0.21,25.8,0,normal
2026-01-07 09:20:00,database,62.13,65.5,42.39,1287.72,1430.31,112.48,0.15,72.52,0,normal
2026-01-07 09:25:00,api-gateway,52.4,56.43,34.13,1139.82,1145.47,133.46,0.2,34.37,0,normal
2026-01-07 09:25:00,user-service,42.83,52.2,53.24,580.86,624.06,110.96,0.14,36.74,0,normal
2026-01-07 09:25:00,payment-service,56.63,57.84,43.7,903.36,885.95,153.22,0.15,49.37,0,normal
2026-01-07 09:25:00,notification-service,31.8,44.66,24.9,627.15,541.48,131.84,0.15,27.99,0,normal
2026-01-07 09:25:00,database,58.35,66.12,45.5,1564.6,1320.31,112.29,0.21,80.65,0,normal
2026-01-07 09:30:00,api-gateway,39.16,57.82,48.29,1194.08,1214.55,144.08,0.23,32.99,0,normal
2026-01-07 09:30:00,user-service,37.75,47.81,53.57,680.12,655.64,130.63,0.27,40.31,0,normal
2026-01-07 09:30:00,payment-service,46.53,58.72,52.63,1056.21,906.6,167.8,0.18,52.76,0,normal
2026-01-07 09:30:00,notification-service,32.75,47.01,58.75,501.95,506.59,133.84,0.17,27.85,0,normal
2026-01-07 09:30:00,database,58.89,63.35,48.89,1305.56,1315.1,105.52,0.21,77.52,0,normal
2026-01-07 09:35:00,api-gateway,49.7,55.88,49.94,1121.28,1146.53,142.06,0.24,29.67,0,normal
2026-01-07 09:35:00,user-service,44.94,49.82,58.67,689.53,681.81,125.69,0.19,42.37,0,normal
2026-01-07 09:35:00,payment-service,62.27,57.71,58.74,864.84,908.98,174.78,0.22,54.3,0,normal
2026-01-07 09:35:00,notification-service,34.62,46.35,50.7,585.41,517.08,143.22,0.21,29.38,0,normal
2026-01-07 09:35:00,database,63.46,65.94,47.04,1514.28,1382.71,117.01,0.18,76.32,0,normal
2026-01-07 09:40:00,api-gateway,49.53,51.63,56.09,1397.74,1175.87,148.41,0.13,35.39,0,normal
2026-01-07 09:40:00,user-service,42.29,51.17,57.2,740.21,622.12,126.23,0.24,39.06,0,normal
2026-01-07 09:40:00,payment-service,59.41,58.16,54.76,1030.31,863.97,165.03,0.26,54.51,0,normal
2026-01-07 09:40:00,notification-service,38.33,45.51,47.03,588.42,512.57,123.46,0.22,22.67,0,normal
2026-01-07 09:40:00,database,55.9,66.96,44.09,1040.92,1229.38,96.15,0.19,69.32,0,normal
2026-01-07 09:45:00,api-gateway,46.77,62.68,56.55,1159.07,1180.41,144.63,0.22,27.96,0,normal
2026-01-07 09:45:00,user-service,34.09,49.16,50.21,710.55,668.82,128.98,0.19,35.17,0,normal
2026-01-07 09:45:00,payment-service,52.63,59.17,58.02,1050.22,902.17,170.88,0.2,53.28,0,normal
2026-01-07 09:45:00,notification-service,35.58,40.57,36.71,445.61,539.84,106.32,0.25,31.92,0,normal
2026-01-07 09:45:00,database,60.09,66.57,49.03,1140.28,1369.65,101.63,0.08,77.14,0,normal
2026-01-07 09:50:00,api-gateway,50.54,55.42,54.39,957.06,1183.92,136.63,0.28,34.13,0,normal
2026-01-07 09:50:00,user-service,37.36,46.58,48.81,635.75,650.85,122.84,0.22,35.46,0,normal
2026-01-07 09:50:00,payment-service,60.78,58.32,56.28,782.05,880.05,174.25,0.18,55.41,0,normal
2026-01-07 09:50:00,notification-service,38.51,41.66,64.41,613.68,531.45,105.46,0.16,29.94,0,normal
2026-01-07 09:50:00,database,58.45,64.33,45.17,1022.54,1236.57,115.6,0.15,69.96,0,normal
2026-01-07 09:55:00,api-gateway,50.63,59.07,53.86,1022.87,1164.51,138.49,0.28,32.21,0,normal
2026-01-07 09:55:00,user-service,40.29,51.21,46.07,647.91,667.08,131.32,0.15,35.05,0,normal
2026-01-07 09:55:00,payment-service,55.52,58.33,52.35,938.15,885.75,169.46,0.17,52.64,0,normal
2026-01-07 09:55:00,notification-service,34.44,48.21,46.62,479.67,507.29,111.2,0.25,31.01,0,normal
2026-01-07 09:55:00,database,57.3,61.45,57.64,1173.24,1274.45,118.95,0.19,71.36,0,normal
2026-01-07 10:00:00,api-gateway,47.59,57.95,63.36,1183.56,1133.66,137.88,0.23,26.7,0,normal
2026-01-07 10:00:00,user-service,37.45,45.84,50.11,714.33,661.25,135.99,0.22,38.01,0,normal
2026-01-07 10:00:00,payment-service,54.11,60.45,73.44,1010.54,988.12,186.4,0.19,54.48,0,normal
2026-01-07 10:00:00,notification-service,36.81,44.89,59.17,566.53,543.97,119.76,0.27,31.29,0,normal
2026-01-07 10:00:00,database,63.31,65.4,57.55,1214.55,1344.13,96.17,0.24,69.32,0,normal
2026-01-07 10:05:00,api-gateway,53.44,54.18,63.2,1392.34,1168.08,145.8,0.27,27.18,0,normal
2026-01-07 10:05:00,user-service,45.5,49.81,50.54,594.34,657.19,129.98,0.26,40.61,0,normal
2026-01-07 10:05:00,payment-service,60.08,60.23,70.24,874.53,893.18,188.0,0.22,57.95,0,normal
2026-01-07 10:05:00,notification-service,32.32,43.8,42.49,518.56,549.34,131.86,0.17,28.9,0,normal
2026-01-07 10:05:00,database,60.82,67.89,52.78,1284.74,1431.73,114.05,0.22,77.84,0,normal
2026-01-07 10:10:00,api-gateway,54.2,59.89,58.77,1233.45,1194.24,168.66,0.1,34.5,0,normal
2026-01-07 10:10:00,user-service,37.87,48.67,45.72,699.12,643.48,136.38,0.15,41.63,0,normal
2026-01-07 10:10:00,payment-service,54.32,61.63,48.33,912.21,933.19,179.8,0.21,45.64,0,normal
2026-01-07 10:10:00,notification-service,40.0,42.59,49.46,470.56,505.19,120.73,0.17,31.81,0,normal
2026-01-07 10:10:00,database,68.55,69.34,72.37,1217.02,1370.67,103.51,0.23,74.75,0,normal
2026-01-07 10:15:00,api-gateway,56.2,58.81,59.14,964.87,1188.91,155.55,0.24,32.12,0,normal
2026-01-07 10:15:00,user-service,44.41,52.17,59.16,684.79,676.84,133.43,0.21,38.95,0,normal
2026-01-07 10:15:00,payment-service,52.68,60.54,55.61,901.51,877.16,188.59,0.13,50.74,0,normal
2026-01-07 10:15:00,notification-service,28.27,44.88,47.15,575.91,525.51,96.18,0.23,26.85,0,normal
2026-01-07 10:15:00,database,67.71,66.58,55.04,1443.32,1357.44,113.06,0.17,77.15,0,normal
2026-01-07 10:20:00,api-gateway,50.41,57.42,50.73,1207.85,1206.59,169.11,0.21,37.03,0,normal
2026-01-07 10:20:00,user-service,37.3,49.03,42.98,764.99,639.56,129.2,0.22,36.11,0,normal
2026-01-07 10:20:00,payment-service,56.88,63.74,56.91,887.07,891.93,177.05,0.16,49.48,0,normal
2026-01-07 10:20:00,notification-service,37.02,43.16,53.52,604.8,535.06,115.09,0.15,28.47,0,normal
2026-01-07 10:20:00,database,61.57,69.17,65.94,1198.41,1281.52,107.08,0.13,74.32,0,normal
2026-01-07 10:25:00,api-gateway,51.18,53.31,45.12,1166.24,1230.16,119.83,0.24,35.52,0,normal
2026-01-07 10:25:00,user-service,38.95,45.75,43.18,767.44,658.86,136.47,0.14,37.58,0,normal
2026-01-07 10:25:00,payment-service,61.9,54.73,60.18,1053.09,895.12,164.46,0.23,52.44,0,normal
2026-01-07 10:25:00,notification-service,28.34,43.41,74.8,601.95,501.87,113.27,0.11,27.22,0,normal
2026-01-07 10:25:00,database,58.67,63.16,43.55,1694.08,1420.14,108.99,0.23,71.55,0,normal
2026-01-07 10:30:00,api-gateway,56.01,57.74,56.95,1345.7,1164.73,137.38,0.25,30.88,0,normal
2026-01-07 10:30:00,user-service,38.84,46.69,62.35,743.93,622.17,129.65,0.09,32.45,0,normal
2026-01-07 10:30:00,payment-service,51.4,63.83,52.3,1060.45,893.2,193.32,0.27,53.49,0,normal
2026-01-07 10:30:00,notification-service,33.94,46.19,53.91,421.62,492.26,120.46,0.27,29.57,0,normal
2026-01-07 10:30:00,database,66.42,67.96,46.15,1288.88,1343.06,95.71,0.24,70.08,0,normal
2026-01-07 10:35:00,api-gateway,50.0,58.79,44.49,1303.77,1125.73,142.34,0.21,37.59,0,normal
2026-01-07 10:35:00,user-service,41.69,49.47,52.39,788.16,697.29,142.98,0.18,40.73,0,normal
2026-01-07 10:35:00,payment-service,55.04,56.89,65.1,767.4,917.64,172.06,0.19,51.99,0,normal
2026-01-07 10:35:00,notification-service,30.71,41.11,47.01,482.14,510.55,119.61,0.22,28.04,0,normal
2026-01-07 10:35:00,database,59.52,63.05,43.78,1192.04,1224.33,95.95,0.2,72.58,0,normal
2026-01-07 10:40:00,api-gateway,47.5,54.3,38.51,1224.37,1196.9,142.39,0.17,34.17,0,normal
2026-01-07 10:40:00,user-service,35.96,53.28,72.15,751.36,662.23,128.72,0.25,37.49,0,normal
2026-01-07 10:40:00,payment-service,56.21,61.71,41.16,1087.18,916.54,176.67,0.16,53.29,0,normal
2026-01-07 10:40:00,notification-service,33.72,43.93,64.55,529.06,506.18,115.96,0.29,31.98,0,normal
2026-01-07 10:40:00,database,60.84,62.3,43.58,1340.54,1321.23,100.41,0.21,75.73,0,normal
2026-01-07 10:45:00,api-gateway,50.88,55.41,48.29,1334.69,1160.67,145.8,0.17,31.69,0,normal
2026-01-07 10:45:00,user-service,42.45,50.4,30.17,633.24,623.54,132.43,0.29,39.75,0,normal
2026-01-07 10:45:00,payment-service,59.25,58.96,74.64,980.92,905.59,166.9,0.16,51.77,0,normal
2026-01-07 10:45:00,notification-service,35.49,47.77,44.9,606.97,521.53,104.05,0.17,30.52,0,normal
2026-01-07 10:45:00,database,63.74,64.07,61.6,1597.8,1343.97,100.72,0.25,70.77,0,normal
2026-01-07 10:50:00,api-gateway,52.89,52.13,42.54,945.98,1169.12,150.38,0.13,33.94,0,normal
2026-01-07 10:50:00,user-service,41.78,48.81,58.2,588.93,632.71,137.86,0.15,35.0,0,normal
2026-01-07 10:50:00,payment-service,61.32,66.46,32.18,1073.14,909.53,169.24,0.13,46.17,0,normal
2026-01-07 10:50:00,notification-service,40.0,48.92,56.46,628.89,528.34,131.07,0.23,30.16,0,normal
2026-01-07 10:50:00,database,58.97,69.15,57.83,1103.35,1226.3,99.03,0.21,75.58,0,normal
2026-01-07 10:55:00,api-gateway,49.86,59.13,43.72,1008.03,1130.77,138.38,0.25,37.63,0,normal
2026-01-07 10:55:00,user-service,36.64,45.91,37.13,592.24,637.62,132.78,0.25,31.53,0,normal
2026-01-07 10:55:00,payment-service,52.3,57.55,73.15,836.37,894.33,174.28,0.16,50.38,0,normal
2026-01-07 10:55:00,notification-service,33.97,43.71,52.94,399.37,478.93,120.24,0.15,29.89,0,normal
2026-01-07 10:55:00,database,61.87,65.97,50.51,1369.09,1332.75,97.16,0.16,75.66,0,normal
2026-01-07 11:00:00,api-gateway,49.38,55.87,39.77,1076.09,1171.3,157.95,0.25,33.4,0,normal
2026-01-07 11:00:00,user-service,38.12,49.11,28.57,682.62,685.84,120.88,0.2,34.44,0,normal
2026-01-07 11:00:00,payment-service,61.96,62.14,49.32,767.42,886.91,178.58,0.11,59.17,0,normal
2026-01-07 11:00:00,notification-service,31.42,47.86,53.43,544.04,560.71,123.03,0.23,32.13,0,normal
2026-01-07 11:00:00,database,61.53,66.76,52.9,1344.74,1288.22,101.87,0.2,77.41,0,normal
2026-01-07 11:05:00,api-gateway,55.32,52.01,57.76,999.27,1110.76,141.34,0.18,32.62,0,normal
2026-01-07 11:05:00,user-service,42.97,54.24,45.31,632.64,619.25,123.19,0.21,37.56,0,normal
2026-01-07 11:05:00,payment-service,56.55,63.2,49.96,889.62,867.25,157.68,0.1,52.2,0,normal
2026-01-07 11:05:00,notification-service,37.76,49.14,58.66,592.14,529.32,106.44,0.2,27.35,0,normal
2026-01-07 11:05:00,database,66.01,66.66,49.6,1428.76,1321.71,115.36,0.18,72.93,0,normal
2026-01-07 11:10:00,api-gateway,53.38,58.47,70.38,1042.86,1147.7,134.68,0.21,35.59,0,normal
2026-01-07 11:10:00,user-service,40.24,51.89,38.79,644.03,643.4,148.16,0.16,40.15,0,normal
2026-01-07 11:10:00,payment-service,54.43,58.54,48.81,932.54,887.81,184.68,0.09,56.45,0,normal
2026-01-07 11:10:00,notification-service,39.54,43.93,64.3,427.99,522.27,107.02,0.18,29.3,0,normal
2026-01-07 11:10:00,database,64.62,73.0,38.12,1039.97,1278.72,111.4,0.21,66.95,0,normal
2026-01-07 11:15:00,api-gateway,58.58,52.63,46.47,980.1,1151.65,147.0,0.16,28.82,0,normal
2026-01-07 11:15:00,user-service,42.11,45.97,43.83,551.33,627.45,127.41,0.17,41.68,0,normal
2026-01-07 11:15:00,payment-service,63.63,61.44,64.47,947.57,925.14,183.01,0.18,57.34,0,normal
2026-01-07 11:15:00,notification-service,34.44,43.37,45.34,547.04,550.48,110.38,0.24,30.29,0,normal
2026-01-07 11:15:00,database,66.81,66.0,44.93,1531.17,1313.68,118.51,0.23,66.13,0,normal
2026-01-07 11:20:00,api-gateway,45.48,51.43,64.0,1143.69,1061.31,134.82,0.21,28.05,0,normal
2026-01-07 11:20:00,user-service,43.94,47.01,57.31,799.35,700.98,128.29,0.22,37.95,0,normal
2026-01-07 11:20:00,payment-service,53.05,54.02,59.61,797.37,926.05,172.97,0.19,50.93,0,normal
2026-01-07 11:20:00,notification-service,31.7,45.39,40.91,603.22,548.71,115.18,0.16,28.44,0,normal
2026-01-07 11:20:00,database,55.11,65.92,52.06,1505.59,1409.17,92.08,0.2,77.24,0,normal
2026-01-07 11:25:00,api-gateway,50.71,59.43,51.43,1007.67,1129.62,135.54,0.29,29.08,0,normal
2026-01-07 11:25:00,user-service,44.65,52.12,32.27,677.53,677.24,102.06,0.13,35.55,0,normal
2026-01-07 11:25:00,payment-service,55.27,60.87,52.03,838.5,950.04,179.5,0.21,56.74,0,normal
2026-01-07 11:25:00,notification-service,36.78,47.08,40.6,549.21,516.37,153.42,0.21,33.27,0,normal
2026-01-07 11:25:00,database,58.47,70.54,59.77,1248.88,1187.32,92.9,0.19,73.42,0,normal
2026-01-07 11:30:00,api-gateway,51.88,53.47,53.14,1092.7,1200.31,154.74,0.2,33.0,0,normal
2026-01-07 11:30:00,user-service,41.34,46.94,43.17,667.15,638.55,134.18,0.18,41.17,0,normal
2026-01-07 11:30:00,payment-service,57.36,59.91,30.11,1001.88,954.35,170.4,0.16,54.67,0,normal
2026-01-07 11:30:00,notification-service,32.53,43.65,67.22,442.21,505.74,121.07,0.2,19.36,0,normal
2026-01-07 11:30:00,database,57.51,70.4,43.12,1138.04,1338.69,101.83,0.23,76.45,0,normal
2026-01-07 11:35:00,api-gateway,50.67,56.09,51.13,1315.3,1170.73,138.87,0.14,35.09,0,normal
2026-01-07 11:35:00,user-service,37.62,50.96,62.61,553.83,663.1,123.02,0.2,30.35,0,normal
2026-01-07 11:35:00,payment-service,57.67,61.7,57.62,1006.81,871.62,176.98,0.17,52.29,0,normal
2026-01-07 11:35:00,notification-service,33.5,52.41,37.26,559.39,525.92,125.16,0.2,33.27,0,normal
2026-01-07 11:35:00,database,62.66,71.34,42.39,1388.03,1325.17,101.12,0.25,68.6,0,normal
2026-01-07 11:40:00,api-gateway,46.41,56.8,43.3,1376.84,1180.01,137.71,0.2,32.23,0,normal
2026-01-07 11:40:00,user-service,42.95,51.82,55.02,558.96,665.91,123.75,0.23,44.01,0,normal
2026-01-07 11:40:00,payment-service,51.48,65.21,66.88,998.16,867.06,190.93,0.17,56.4,0,normal
2026-01-07 11:40:00,notification-service,40.73,49.53,49.18,448.66,516.61,115.99,0.21,32.39,0,normal
2026-01-07 11:40:00,database,49.81,68.12,51.58,1143.78,1242.53,102.51,0.23,74.65,0,normal
2026-01-07 11:45:00,api-gateway,46.75,57.89,36.38,1208.9,1212.5,152.4,0.17,29.95,0,normal
2026-01-07 11:45:00,user-service,39.48,50.32,51.87,631.98,636.14,110.05,0.28,38.07,0,normal
2026-01-07 11:45:00,payment-service,51.11,57.28,47.95,1013.15,930.63,178.42,0.12,48.88,0,normal
2026-01-07 11:45:00,notification-service,32.77,45.2,62.09,519.09,540.48,117.65,0.16,27.17,0,normal
2026-01-07 11:45:00,database,58.7,71.06,59.45,1443.22,1304.22,114.22,0.21,75.76,0,normal
2026-01-07 11:50:00,api-gateway,46.94,52.11,50.35,946.65,1089.17,139.68,0.19,36.08,0,normal
2026-01-07 11:50:00,user-service,38.53,51.26,48.5,722.0,644.38,145.77,0.27,35.56,0,normal
2026-01-07 11:50:00,payment-service,66.39,63.91,42.53,1043.06,949.57,185.99,0.26,54.44,0,normal
2026-01-07 11:50:00,notification-service,36.68,43.58,32.04,589.12,531.7,107.01,0.16,27.71,0,normal
2026-01-07 11:50:00,database,59.32,62.91,48.07,1291.41,1277.87,98.31,0.12,67.6,0,normal
2026-01-07 11:55:00,api-gateway,48.44,50.66,44.38,1330.59,1190.54,145.29,0.17,37.57,0,normal
2026-01-07 11:55:00,user-service,42.88,55.19,36.61,606.26,673.82,110.14,0.18,34.24,0,normal
2026-01-07 11:55:00,payment-service,57.07,64.48,45.29,1086.72,965.09,174.87,0.26,54.31,0,normal
2026-01-07 11:55:00,notification-service,39.22,49.35,67.17,547.26,533.64,108.4,0.29,35.05,0,normal
2026-01-07 11:55:00,database,64.27,65.79,46.64,1512.08,1289.69,109.61,0.2,77.45,0,normal
2026-01-07 12:00:00,api-gateway,47.39,58.2,47.18,1072.04,1139.59,150.29,0.26,36.82,0,normal
2026-01-07 12:00:00,user-service,42.25,57.25,55.38,596.74,675.17,112.67,0.16,38.74,0,normal
2026-01-07 12:00:00,payment-service,57.54,59.06,61.71,756.31,938.5,197.48,0.29,52.12,0,normal
2026-01-07 12:00:00,notification-service,38.84,42.06,69.64,604.7,532.88,122.19,0.21,20.92,0,normal
2026-01-07 12:00:00,database,57.21,67.97,50.14,1330.09,1375.25,82.32,0.15,70.24,0,normal
2026-01-07 12:05:00,api-gateway,51.99,53.81,33.21,1141.21,1130.23,123.82,0.22,30.79,0,normal
2026-01-07 12:05:00,user-service,39.57,51.25,52.77,677.95,686.49,127.44,0.21,38.3,0,normal
2026-01-07 12:05:00,payment-service,56.15,58.14,60.82,946.15,848.88,166.21,0.21,59.07,0,normal
2026-01-07 12:05:00,notification-service,36.7,46.66,40.51,522.91,536.51,112.07,0.18,33.9,0,normal
2026-01-07 12:05:00,database,63.74,65.9,27.87,1497.94,1308.02,99.98,0.22,69.47,0,normal
2026-01-07 12:10:00,api-gateway,49.75,53.32,63.34,1257.46,1122.29,145.02,0.09,33.06,0,normal
2026-01-07 12:10:00,user-service,37.07,46.78,40.88,584.97,651.85,125.58,0.22,38.69,0,normal
2026-01-07 12:10:00,payment-service,57.54,59.43,44.26,767.22,951.77,164.44,0.21,52.22,0,normal
2026-01-07 12:10:00,notification-service,31.46,41.43,53.6,463.67,510.9,118.63,0.17,23.16,0,normal
2026-01-07 12:10:00,database,59.29,65.46,47.51,1115.97,1285.1,124.03,0.17,72.28,0,normal
2026-01-07 12:15:00,api-gateway,53.75,52.93,58.03,1120.64,1147.85,152.57,0.15,35.34,0,normal
2026-01-07 12:15:00,user-service,31.97,48.98,61.32,704.52,699.24,113.7,0.15,40.19,0,normal
2026-01-07 12:15:00,payment-service,53.25,63.19,38.31,1060.22,918.14,175.49,0.19,53.21,0,normal
2026-01-07 12:15:00,notification-service,39.71,46.16,57.15,565.39,524.76,108.33,0.15,26.65,0,normal
2026-01-07 12:15:00,database,67.17,63.74,40.22,1536.44,1282.71,114.59,0.29,71.7,0,normal
2026-01-07 12:20:00,api-gateway,46.14,54.26,54.82,1247.46,1192.65,144.79,0.18,37.74,0,normal
2026-01-07 12:20:00,user-service,40.37,46.95,44.15,802.99,682.52,145.04,0.21,40.86,0,normal
2026-01-07 12:20:00,payment-service,61.04,60.16,56.0,917.84,929.1,175.8,0.3,55.06,0,normal
2026-01-07 12:20:00,notification-service,36.1,40.23,72.14,591.64,540.78,110.6,0.2,24.65,0,normal
2026-01-07 12:20:00,database,65.12,70.99,23.29,1265.83,1344.64,112.7,0.25,70.83,0,normal
2026-01-07 12:25:00,api-gateway,60.21,52.15,53.66,1199.91,1129.17,155.79,0.24,33.72,0,normal
2026-01-07 12:25:00,user-service,35.22,52.75,42.25,786.24,681.56,138.55,0.19,36.86,0,normal
2026-01-07 12:25:00,payment-service,58.24,62.54,48.63,759.39,920.89,178.06,0.18,54.1,0,normal
2026-01-07 12:25:00,notification-service,38.21,47.37,49.86,589.08,508.36,98.3,0.26,28.71,0,normal
2026-01-07 12:25:00,database,63.45,66.92,41.34,1438.77,1344.95,106.14,0.22,67.43,0,normal
2026-01-07 12:30:00,api-gateway,50.14,53.2,54.82,1296.31,1111.51,156.5,0.21,32.13,0,normal
2026-01-07 12:30:00,user-service,35.96,51.35,57.99,525.42,619.65,121.75,0.25,36.51,0,normal
2026-01-07 12:30:00,payment-service,57.75,63.39,43.91,797.24,958.49,156.15,0.16,58.0,0,normal
2026-01-07 12:30:00,notification-service,30.2,46.61,52.02,576.15,558.83,117.0,0.3,28.9,0,normal
2026-01-07 12:30:00,database,63.38,60.4,75.51,1320.12,1237.31,109.09,0.13,68.85,0,normal
2026-01-07 12:35:00,api-gateway,45.73,54.21,53.48,1493.81,1266.66,162.59,0.17,33.94,0,normal
2026-01-07 12:35:00,user-service,34.24,46.57,46.37,695.58,668.81,136.12,0.25,34.92,0,normal
2026-01-07 12:35:00,payment-service,58.7,57.57,63.73,910.19,852.44,173.34,0.09,52.23,0,normal
2026-01-07 12:35:00,notification-service,37.9,42.31,45.82,528.2,514.33,120.18,0.26,27.87,0,normal
2026-01-07 12:35:00,database,66.3,68.17,45.2,1108.68,1268.07,97.45,0.19,74.71,0,normal
2026-01-07 12:40:00,api-gateway,50.9,57.82,52.13,1258.57,1224.01,155.43,0.24,38.41,0,normal
2026-01-07 12:40:00,user-service,46.07,51.75,57.98,565.5,617.53,125.8,0.2,38.04,0,normal
2026-01-07 12:40:00,payment-service,49.44,58.55,36.38,777.46,891.44,177.88,0.14,53.86,0,normal
2026-01-07 12:40:00,notification-service,39.1,46.64,44.32,501.93,513.94,118.02,0.19,29.44,0,normal
2026-01-07 12:40:00,database,54.01,65.99,46.68,1307.53,1315.54,104.1,0.14,72.47,0,normal
2026-01-07 12:45:00,api-gateway,43.23,56.86,44.7,1155.0,1130.46,145.81,0.23,36.7,0,normal
2026-01-07 12:45:00,user-service,33.93,47.51,64.2,638.93,621.72,126.15,0.28,36.55,0,normal
2026-01-07 12:45:00,payment-service,56.4,60.18,52.33,854.82,894.09,174.54,0.18,54.67,0,normal
2026-01-07 12:45:00,notification-service,37.81,43.8,59.21,451.47,507.32,112.54,0.19,27.06,0,normal
2026-01-07 12:45:00,database,55.09,65.66,59.56,1231.73,1258.68,109.68,0.16,65.44,0,normal
2026-01-07 12:50:00,api-gateway,54.41,56.06,63.55,929.0,1109.73,130.25,0.29,28.02,0,normal
2026-01-07 12:50:00,user-service,43.59,53.46,45.62,566.52,657.38,132.32,0.26,37.04,0,normal
2026-01-07 12:50:00,payment-service,56.28,62.39,51.36,923.85,893.19,170.17,0.17,58.82,0,normal
2026-01-07 12:50:00,notification-service,34.2,45.95,51.57,592.57,547.64,119.24,0.2,26.73,0,normal
2026-01-07 12:50:00,database,67.54,66.37,48.11,1137.42,1354.48,103.02,0.2,74.6,0,normal
2026-01-07 12:55:00,api-gateway,52.08,55.92,41.04,1246.03,1151.81,152.75,0.19,36.08,0,normal
2026-01-07 12:55:00,user-service,37.5,51.08,32.55,562.98,684.22,109.56,0.19,40.6,0,normal
2026-01-07 12:55:00,payment-service,56.82,56.62,58.91,936.33,893.51,176.97,0.28,52.96,0,normal
2026-01-07 12:55:00,notification-service,38.37,46.43,52.63,517.28,514.18,116.78,0.28,27.3,0,normal
2026-01-07 12:55:00,database,52.9,63.24,55.24,992.51,1239.13,106.1,0.33,70.69,0,normal
2026-01-07 13:00:00,api-gateway,50.09,57.19,51.83,1348.29,1230.92,141.33,0.16,36.0,0,normal
2026-01-07 13:00:00,user-service,40.65,49.28,34.59,672.63,655.4,125.04,0.26,33.9,0,normal
2026-01-07 13:00:00,payment-service,54.46,59.98,44.49,1097.27,962.21,176.78,0.25,53.12,0,normal
2026-01-07 13:00:00,notification-service,38.19,45.15,52.64,496.9,549.05,101.74,0.18,26.75,0,normal
2026-01-07 13:00:00,database,61.11,61.6,44.7,1545.16,1386.52,101.88,0.12,67.98,0,normal
2026-01-07 13:05:00,api-gateway,47.72,52.34,52.01,1136.1,1134.19,146.45,0.18,38.71,0,normal
2026-01-07 13:05:00,user-service,49.11,46.76,34.64,618.14,642.49,128.37,0.11,36.22,0,normal
2026-01-07 13:05:00,payment-service,52.91,59.24,53.95,937.91,931.37,182.87,0.18,55.66,0,normal
2026-01-07 13:05:00,notification-service,30.7,44.6,66.1,500.94,496.37,121.23,0.24,26.14,0,normal
2026-01-07 13:05:00,database,59.43,61.73,29.68,1164.97,1319.55,114.0,0.23,75.3,0,normal
2026-01-07 13:10:00,api-gateway,49.27,60.11,37.18,1006.08,1142.21,140.57,0.25,33.06,0,normal
2026-01-07 13:10:00,user-service,45.7,43.76,49.23,768.21,670.9,114.92,0.24,39.97,0,normal
2026-01-07 13:10:00,payment-service,50.55,59.76,33.74,935.93,885.23,166.92,0.22,58.87,0,normal
2026-01-07 13:10:00,notification-service,35.21,47.36,39.94,587.07,505.07,125.62,0.16,24.68,0,normal
2026-01-07 13:10:00,database,55.9,67.85,42.01,1496.05,1257.17,124.58,0.25,73.4,0,normal
2026-01-07 13:15:00,api-gateway,57.8,49.54,62.52,1178.43,1169.06,163.21,0.13,33.03,0,normal
2026-01-07 13:15:00,user-service,45.38,54.18,35.5,535.54,661.21,125.78,0.19,33.92,0,normal
2026-01-07 13:15:00,payment-service,53.81,58.59,51.67,832.08,955.05,183.92,0.23,56.23,0,normal
2026-01-07 13:15:00,notification-service,44.0,42.34,57.28,462.97,535.68,126.51,0.29,24.01,0,normal
2026-01-07 13:15:00,database,63.17,63.42,61.81,1503.96,1281.33,83.4,0.28,72.25,0,normal
2026-01-07 13:20:00,api-gateway,53.52,53.0,47.63,1230.28,1169.69,138.3,0.17,32.13,0,normal
2026-01-07 13:20:00,user-service,43.91,53.01,50.31,737.5,668.0,123.94,0.32,39.09,0,normal
2026-01-07 13:20:00,payment-service,62.8,62.09,52.76,1091.68,929.85,176.08,0.17,51.75,0,normal
2026-01-07 13:20:00,notification-service,34.63,46.99,55.9,458.11,539.33,104.05,0.22,33.03,0,normal
2026-01-07 13:20:00,database,56.07,65.65,51.91,1252.06,1339.38,90.58,0.14,75.77,0,normal
2026-01-07 13:25:00,api-gateway,46.94,46.39,41.7,1012.27,1153.51,142.24,0.19,30.12,0,normal
2026-01-07 13:25:00,user-service,41.12,44.53,62.31,599.48,643.3,126.24,0.13,34.53,0,normal
2026-01-07 13:25:00,payment-service,56.54,60.69,60.91,799.43,935.53,168.25,0.3,52.76,0,normal
2026-01-07 13:25:00,notification-service,40.13,45.22,37.78,442.54,513.04,103.65,0.15,33.41,0,normal
2026-01-07 13:25:00,database,56.39,67.55,59.65,1152.65,1295.8,106.45,0.12,76.68,0,normal
2026-01-07 13:30:00,api-gateway,47.75,54.77,69.84,1388.71,1192.19,166.19,0.23,35.17,0,normal
2026-01-07 13:30:00,user-service,32.8,49.03,46.05,662.5,631.03,120.86,0.16,36.83,0,normal
2026-01-07 13:30:00,payment-service,58.9,61.34,50.27,1120.45,945.59,172.43,0.19,53.64,0,normal
2026-01-07 13:30:00,notification-service,30.9,49.31,35.02,469.59,493.22,113.23,0.24,28.57,0,normal
2026-01-07 13:30:00,database,63.32,60.45,55.54,1443.57,1359.15,105.59,0.21,73.43,0,normal
2026-01-07 13:35:00,api-gateway,45.71,51.74,50.08,1276.34,1136.28,143.07,0.19,34.47,0,normal
2026-01-07 13:35:00,user-service,47.63,52.34,48.01,677.41,659.94,133.04,0.26,40.52,0,normal
2026-01-07 13:35:00,payment-service,55.65,60.96,46.26,813.42,944.48,170.83,0.1,57.78,0,normal
2026-01-07 13:35:00,notification-service,37.8,47.64,36.7,614.41,519.0,102.66,0.15,28.3,0,normal
2026-01-07 13:35:00,database,55.47,66.42,63.98,1137.04,1316.21,101.21,0.24,75.81,0,normal
2026-01-07 13:40:00,api-gateway,47.76,52.5,43.57,1205.73,1179.66,150.01,0.15,33.86,0,normal
2026-01-07 13:40:00,user-service,45.53,49.16,43.16,566.76,627.23,114.54,0.13,38.16,0,normal
2026-01-07 13:40:00,payment-service,49.81,58.84,46.17,824.84,891.84,169.74,0.23,55.36,0,normal
2026-01-07 13:40:00,notification-service,39.44,43.85,48.3,569.35,529.52,120.41,0.27,26.96,0,normal
2026-01-07 13:40:00,database,62.33,61.87,42.09,1408.99,1272.34,98.13,0.16,73.72,0,normal
2026-01-07 13:45:00,api-gateway,47.63,50.63,55.0,1390.32,1189.38,142.95,0.26,31.49,0,normal
2026-01-07 13:45:00,user-service,35.35,48.63,43.46,667.44,581.97,128.18,0.17,43.12,0,normal
2026-01-07 13:45:00,payment-service,53.78,62.89,53.02,837.17,921.8,152.81,0.2,51.73,0,normal
2026-01-07 13:45:00,notification-service,38.23,43.78,49.01,496.0,534.59,118.94,0.13,25.67,0,normal
2026-01-07 13:45:00,database,61.39,64.11,55.56,1016.14,1224.89,100.12,0.21,72.07,0,normal
2026-01-07 13:50:00,api-gateway,54.76,54.0,41.52,1035.36,1161.41,133.14,0.12,34.15,0,normal
2026-01-07 13:50:00,user-service,42.34,47.24,34.62,553.87,637.24,121.16,0.14,35.75,0,normal
2026-01-07 13:50:00,payment-service,55.89,58.62,40.12,830.3,943.99,176.57,0.11,49.86,0,normal
2026-01-07 13:50:00,notification-service,36.15,46.78,68.87,536.74,499.02,90.92,0.14,31.04,0,normal
2026-01-07 13:50:00,database,62.75,62.02,53.26,1202.84,1382.25,124.19,0.15,78.67,0,normal
2026-01-07 13:55:00,api-gateway,53.11,52.85,35.63,947.82,1082.84,150.27,0.19,31.78,0,normal
2026-01-07 13:55:00,user-service,35.74,47.35,58.58,766.45,668.87,137.91,0.18,42.41,0,normal
2026-01-07 13:55:00,payment-service,51.9,58.0,40.84,1043.85,964.49,154.7,0.23,54.15,0,normal
2026-01-07 13:55:00,notification-service,33.81,49.02,31.74,450.05,518.27,114.92,0.21,26.17,0,normal
2026-01-07 13:55:00,database,64.03,63.51,38.91,1304.01,1276.52,94.72,0.14,78.79,0,normal
2026-01-07 14:00:00,api-gateway,70.0,53.13,61.95,956.33,1152.49,169.59,0.5,35.78,0,cpu_overload
2026-01-07 14:00:00,user-service,39.93,51.49,56.53,632.48,690.93,126.58,0.32,41.59,0,normal
2026-01-07 14:00:00,payment-service,58.73,60.55,57.49,1038.81,996.6,173.81,0.26,55.91,0,normal
2026-01-07 14:00:00,notification-service,36.91,45.75,53.98,460.34,521.26,114.91,0.1,34.21,0,normal
2026-01-07 14:00:00,database,60.22,65.39,50.67,1274.63,1352.08,110.13,0.23,75.41,0,normal
2026-01-07 14:05:00,api-gateway,72.42,58.55,29.23,1181.19,1163.77,201.17,0.96,33.56,0,cpu_overload
2026-01-07 14:05:00,user-service,42.89,48.64,54.28,554.99,671.65,130.46,0.16,34.83,0,normal
2026-01-07 14:05:00,payment-service,60.72,61.07,42.83,1017.72,874.71,173.3,0.22,45.72,0,normal
2026-01-07 14:05:00,notification-service,37.46,41.91,50.03,536.07,508.17,110.54,0.23,32.48,0,normal
2026-01-07 14:05:00,database,63.25,64.66,49.8,1109.17,1322.5,98.34,0.14,79.04,0,normal
2026-01-07 14:10:00,api-gateway,74.83,56.11,42.19,1012.98,1130.91,206.75,1.42,31.06,0,cpu_overload
2026-01-07 14:10:00,user-service,39.9,49.17,45.49,700.38,655.07,124.35,0.18,39.87,0,normal
2026-01-07 14:10:00,payment-service,64.76,60.77,62.05,951.35,884.96,178.67,0.25,50.76,0,normal
2026-01-07 14:10:00,notification-service,38.94,51.03,42.06,445.01,507.9,128.98,0.27,25.47,0,normal
2026-01-07 14:10:00,database,65.46,65.22,65.19,1386.55,1212.02,117.15,0.21,69.97,0,normal
2026-01-07 14:15:00,api-gateway,77.25,59.88,50.16,1361.47,1168.84,229.98,1.88,28.66,0,cpu_overload
2026-01-07 14:15:00,user-service,38.65,56.17,64.33,751.42,677.95,131.49,0.25,36.16,0,normal
2026-01-07 14:15:00,payment-service,62.37,58.24,39.88,887.67,931.15,169.46,0.2,52.17,0,normal
2026-01-07 14:15:00,notification-service,30.51,48.91,60.53,500.43,508.84,93.97,0.12,31.87,0,normal
2026-01-07 14:15:00,database,61.59,64.83,58.16,1026.26,1261.03,102.95,0.25,73.39,0,normal
2026-01-07 14:20:00,api-gateway,79.67,59.48,49.08,1146.6,1181.71,264.41,2.33,36.63,0,cpu_overload
2026-01-07 14:20:00,user-service,41.26,50.26,52.11,801.0,678.68,130.01,0.14,40.46,0,normal
2026-01-07 14:20:00,payment-service,57.02,60.09,49.36,853.52,881.85,183.08,0.17,51.24,0,normal
2026-01-07 14:20:00,notification-service,43.62,44.61,66.49,574.74,529.5,105.59,0.19,22.65,0,normal
2026-01-07 14:20:00,database,59.78,67.18,47.14,1247.58,1223.25,98.81,0.21,74.04,0,normal
2026-01-07 14:25:00,api-gateway,82.08,57.02,41.88,1090.34,1204.94,273.95,2.79,37.82,0,cpu_overload
2026-01-07 14:25:00,user-service,38.22,49.12,61.66,750.3,640.41,113.46,0.25,35.69,0,normal
2026-01-07 14:25:00,payment-service,57.02,58.59,47.11,902.92,912.29,177.47,0.16,50.7,0,normal
2026-01-07 14:25:00,notification-service,36.17,43.72,56.93,455.55,549.74,137.98,0.24,27.17,0,normal
2026-01-07 14:25:00,database,59.22,60.13,44.3,1185.92,1257.63,93.24,0.2,71.97,0,normal
2026-01-07 14:30:00,api-gateway,84.5,53.74,69.31,1032.18,1125.3,304.59,3.25,31.57,0,cpu_overload
2026-01-07 14:30:00,user-service,36.73,54.74,64.7,550.26,644.97,124.71,0.08,42.52,0,normal
2026-01-07 14:30:00,payment-service,51.31,64.42,64.22,991.9,897.58,189.33,0.25,51.8,0,normal
2026-01-07 14:30:00,notification-service,30.34,41.81,53.91,555.58,519.81,104.21,0.16,32.25,0,normal
2026-01-07 14:30:00,database,61.46,71.7,53.29,1329.91,1308.2,89.95,0.18,70.77,0,normal
2026-01-07 14:35:00,api-gateway,86.92,54.01,52.8,980.51,1155.96,332.91,3.71,30.05,0,cpu_overload
2026-01-07 14:35:00,user-service,41.82,46.35,50.82,760.18,638.59,136.16,0.17,39.26,0,normal
2026-01-07 14:35:00,payment-service,55.84,57.67,52.87,1129.39,946.1,178.74,0.14,56.93,0,normal
2026-01-07 14:35:00,notification-service,34.42,43.9,40.63,537.52,530.56,118.53,0.29,27.93,0,normal
2026-01-07 14:35:00,database,65.79,62.03,39.87,1418.14,1325.29,94.82,0.24,74.69,0,normal
2026-01-07 14:40:00,api-gateway,89.33,51.82,42.27,1212.69,1159.78,347.64,4.17,28.63,0,cpu_overload
2026-01-07 14:40:00,user-service,41.97,53.56,51.37,659.77,648.19,142.71,0.21,40.78,0,normal
2026-01-07 14:40:00,payment-service,54.0,61.43,52.49,860.87,928.32,172.83,0.19,51.32,0,normal
2026-01-07 14:40:00,notification-service,39.98,44.64,62.73,626.81,546.0,115.71,0.23,28.29,0,normal
2026-01-07 14:40:00,database,53.65,64.48,43.4,1232.04,1330.15,105.21,0.19,78.35,0,normal
2026-01-07 14:45:00,api-gateway,91.75,57.25,57.91,1012.5,1137.65,347.04,4.62,30.05,0,cpu_overload
2026-01-07 14:45:00,user-service,37.19,51.09,49.53,788.03,670.67,125.82,0.18,35.76,0,normal
2026-01-07 14:45:00,payment-service,59.25,62.46,21.93,702.4,863.86,169.56,0.16,49.79,0,normal
2026-01-07 14:45:00,notification-service,38.11,46.71,46.59,613.55,519.69,128.17,0.25,23.47,0,normal
2026-01-07 14:45:00,database,63.87,69.49,50.29,1497.62,1332.91,115.52,0.17,77.4,0,normal
2026-01-07 14:50:00,api-gateway,94.17,56.69,45.04,1196.37,1126.16,362.76,5.08,30.52,0,cpu_overload
2026-01-07 14:50:00,user-service,48.22,43.24,49.39,732.37,671.8,108.16,0.15,39.72,0,normal
2026-01-07 14:50:00,payment-service,56.66,60.43,44.72,809.68,841.76,195.12,0.08,54.51,0,normal
2026-01-07 14:50:00,notification-service,32.0,42.8,52.08,545.28,542.09,150.57,0.18,29.09,0,normal
2026-01-07 14:50:00,database,61.42,64.76,46.92,1170.27,1244.88,92.73,0.2,73.15,0,normal
2026-01-07 14:55:00,api-gateway,96.58,54.86,52.86,1169.49,1223.66,408.49,5.54,38.87,0,cpu_overload
2026-01-07 14:55:00,user-service,44.73,48.75,55.85,585.52,651.52,112.77,0.25,41.06,0,normal
2026-01-07 14:55:00,payment-service,61.26,60.87,65.24,967.32,913.36,180.93,0.13,52.0,0,normal
2026-01-07 14:55:00,notification-service,34.97,43.66,47.64,515.65,529.67,141.2,0.19,23.53,0,normal
2026-01-07 14:55:00,database,56.35,63.49,63.49,1166.88,1302.38,125.66,0.19,73.36,0,normal
2026-01-07 15:00:00,api-gateway,99.0,50.27,43.91,1285.51,1186.9,410.4,6.0,41.25,0,cpu_overload
2026-01-07 15:00:00,user-service,36.82,43.69,58.61,663.02,616.72,113.33,0.18,38.87,0,normal
2026-01-07 15:00:00,payment-service,50.64,62.84,69.61,807.6,944.26,168.47,0.17,52.55,0,normal
2026-01-07 15:00:00,notification-service,33.33,44.09,50.25,576.08,539.88,115.57,0.14,23.03,0,normal
2026-01-07 15:00:00,database,71.92,65.09,42.06,1466.04,1412.71,104.6,0.17,74.33,0,normal
2026-01-07 15:05:00,api-gateway,46.46,57.75,36.89,1295.0,1180.56,149.6,0.24,27.94,0,normal
2026-01-07 15:05:00,user-service,39.11,53.08,66.94,700.06,645.69,129.16,0.14,36.99,0,normal
2026-01-07 15:05:00,payment-service,46.09,63.8,42.43,702.45,870.55,169.07,0.16,58.29,0,normal
2026-01-07 15:05:00,notification-service,36.28,49.25,47.22,433.7,521.61,106.62,0.28,27.61,0,normal
2026-01-07 15:05:00,database,66.05,64.13,19.21,1661.67,1399.35,111.65,0.24,72.89,0,normal
2026-01-07 15:10:00,api-gateway,54.21,55.09,45.28,1298.57,1155.76,141.16,0.23,30.67,0,normal
2026-01-07 15:10:00,user-service,45.23,51.62,51.36,625.83,642.5,126.13,0.14,43.31,0,normal
2026-01-07 15:10:00,payment-service,63.74,65.94,56.41,845.95,821.58,163.57,0.25,55.59,0,normal
2026-01-07 15:10:00,notification-service,35.2,43.1,65.07,611.82,530.06,135.16,0.23,27.88,0,normal
2026-01-07 15:10:00,database,56.21,65.21,59.27,1412.71,1358.3,114.25,0.22,75.21,0,normal
2026-01-07 15:15:00,api-gateway,52.62,53.42,56.97,1234.22,1234.85,136.84,0.15,31.61,0,normal
2026-01-07 15:15:00,user-service,38.86,46.61,45.11,572.51,673.75,123.49,0.21,40.23,0,normal
2026-01-07 15:15:00,payment-service,55.94,52.78,63.83,962.05,906.33,174.78,0.19,47.37,0,normal
2026-01-07 15:15:00,notification-service,37.94,46.32,56.83,433.25,519.16,113.4,0.2,27.82,0,normal
2026-01-07 15:15:00,database,59.58,63.85,32.61,1360.77,1265.25,105.1,0.27,70.86,0,normal
2026-01-07 15:20:00,api-gateway,53.7,55.63,44.4,969.47,1099.41,140.68,0.16,28.98,0,normal
2026-01-07 15:20:00,user-service,43.75,51.8,44.51,563.18,695.88,127.62,0.2,39.91,0,normal
2026-01-07 15:20:00,payment-service,56.39,54.01,71.96,736.7,904.9,183.86,0.25,51.25,0,normal
2026-01-07 15:20:00,notification-service,29.55,48.38,32.07,505.0,490.95,103.92,0.24,27.52,0,normal
2026-01-07 15:20:00,database,56.41,62.48,48.04,1433.48,1285.69,106.1,0.23,68.65,0,normal
2026-01-07 15:25:00,api-gateway,57.95,57.31,50.4,1246.37,1186.03,142.2,0.24,30.73,0,normal
2026-01-07 15:25:00,user-service,47.66,45.54,43.54,738.42,646.97,118.48,0.2,36.03,0,normal
2026-01-07 15:25:00,payment-service,50.64,58.09,33.7,761.21,866.58,170.37,0.25,53.35,0,normal
2026-01-07 15:25:00,notification-service,38.65,50.46,45.11,591.14,494.38,118.48,0.23,29.23,0,normal
2026-01-07 15:25:00,database,59.68,65.68,42.59,1143.35,1318.5,103.49,0.29,78.87,0,normal
2026-01-07 15:30:00,api-gateway,58.48,59.89,58.32,1208.22,1103.45,155.04,0.1,30.73,0,normal
2026-01-07 15:30:00,user-service,43.39,52.74,50.75,691.42,631.3,111.56,0.25,35.9,0,normal
2026-01-07 15:30:00,payment-service,49.99,64.88,44.32,867.57,886.92,169.99,0.25,52.05,0,normal
2026-01-07 15:30:00,notification-service,38.38,51.23,48.01,532.87,504.77,129.91,0.11,29.96,0,normal
2026-01-07 15:30:00,database,62.53,66.92,41.9,1231.07,1250.43,112.68,0.16,72.27,0,normal
2026-01-07 15:35:00,api-gateway,43.87,55.58,35.81,1011.17,1066.47,134.37,0.2,31.64,0,normal
2026-01-07 15:35:00,user-service,39.33,58.22,47.17,613.07,671.79,104.42,0.18,33.3,0,normal
2026-01-07 15:35:00,payment-service,55.15,60.22,39.6,1007.58,914.01,175.42,0.24,52.28,0,normal
2026-01-07 15:35:00,notification-service,33.97,44.54,35.22,461.93,518.6,119.55,0.13,28.26,0,normal
2026-01-07 15:35:00,database,56.51,68.55,70.83,1209.51,1287.07,98.0,0.09,73.13,0,normal
2026-01-07 15:40:00,api-gateway,49.89,56.24,54.13,909.87,1113.15,149.3,0.23,26.44,0,normal
2026-01-07 15:40:00,user-service,39.5,46.35,52.53,565.35,639.41,129.12,0.22,33.87,0,normal
2026-01-07 15:40:00,payment-service,52.04,58.4,45.51,785.77,944.04,164.0,0.27,51.49,0,normal
2026-01-07 15:40:00,notification-service,34.76,45.36,61.17,465.39,506.22,121.29,0.25,27.95,0,normal
2026-01-07 15:40:00,database,62.99,60.49,44.64,1154.11,1390.9,105.54,0.12,74.64,0,normal
2026-01-07 15:45:00,api-gateway,49.21,54.95,41.53,1131.14,1106.79,150.72,0.19,31.93,0,normal
2026-01-07 15:45:00,user-service,47.07,46.51,54.02,512.63,631.48,114.45,0.26,36.08,0,normal
2026-01-07 15:45:00,payment-service,52.54,53.35,56.34,985.44,872.82,165.8,0.2,50.24,0,normal
2026-01-07 15:45:00,notification-service,40.24,46.77,45.64,407.01,507.47,106.28,0.23,15.87,0,normal
2026-01-07 15:45:00,database,56.5,61.44,29.24,1349.84,1302.12,96.54,0.24,76.6,0,normal
2026-01-07 15:50:00,api-gateway,43.29,50.73,36.48,1224.6,1200.22,153.7,0.19,34.54,0,normal
2026-01-07 15:50:00,user-service,41.87,51.26,53.3,668.64,676.38,133.65,0.3,38.03,0,normal
2026-01-07 15:50:00,payment-service,53.35,62.49,39.99,759.07,894.3,174.82,0.15,53.94,0,normal
2026-01-07 15:50:00,notification-service,34.29,50.96,55.91,605.35,512.37,113.07,0.26,30.78,0,normal
2026-01-07 15:50:00,database,62.84,65.81,52.83,1417.16,1317.12,105.85,0.14,75.71,0,normal
2026-01-07 15:55:00,api-gateway,49.94,53.41,53.61,1132.5,1125.61,157.02,0.16,37.5,0,normal
2026-01-07 15:55:00,user-service,42.85,51.38,62.15,566.73,688.22,120.75,0.17,39.35,0,normal
2026-01-07 15:55:00,payment-service,61.67,57.99,37.48,1010.7,953.4,173.44,0.2,57.63,0,normal
2026-01-07 15:55:00,notification-service,38.18,43.32,33.15,462.56,524.7,123.9,0.26,29.25,0,normal
2026-01-07 15:55:00,database,64.88,65.33,35.01,1410.33,1317.71,98.54,0.35,70.37,0,normal
2026-01-07 16:00:00,api-gateway,45.69,54.05,43.83,1261.8,1183.94,141.02,0.18,33.06,0,normal
2026-01-07 16:00:00,user-service,43.57,47.25,62.56,612.41,644.29,130.71,0.23,39.97,0,normal
2026-01-07 16:00:00,payment-service,48.36,57.72,50.24,891.36,940.42,164.54,0.17,54.74,0,normal
2026-01-07 16:00:00,notification-service,33.9,45.75,53.61,505.78,554.69,118.59,0.28,28.29,0,normal
2026-01-07 16:00:00,database,57.24,69.54,60.53,1326.23,1291.59,101.55,0.18,72.47,0,normal
2026-01-07 16:05:00,api-gateway,56.21,57.03,55.86,1366.05,1214.25,133.09,0.24,31.64,0,normal
2026-01-07 16:05:00,user-service,42.71,50.01,48.76,706.19,632.27,109.98,0.3,28.06,0,normal
2026-01-07 16:05:00,payment-service,56.49,55.79,31.59,988.99,913.78,185.27,0.21,63.09,0,normal
2026-01-07 16:05:00,notification-service,35.32,46.55,43.69,435.46,533.68,131.14,0.14,29.91,0,normal
2026-01-07 16:05:00,database,53.73,63.4,40.51,1103.74,1338.67,116.78,0.22,70.53,0,normal
2026-01-07 16:10:00,api-gateway,54.08,52.53,45.75,1200.41,1177.09,162.32,0.18,27.8,0,normal
2026-01-07 16:10:00,user-service,47.58,47.82,55.59,545.2,630.25,120.81,0.18,39.15,0,normal
2026-01-07 16:10:00,payment-service,55.04,62.39,50.43,868.3,898.23,170.72,0.21,50.26,0,normal
2026-01-07 16:10:00,notification-service,37.22,49.32,62.55,633.92,530.07,119.63,0.14,30.08,0,normal
2026-01-07 16:10:00,database,68.92,65.54,63.14,1133.42,1262.14,93.77,0.27,69.2,0,normal
2026-01-07 16:15:00,api-gateway,50.44,51.77,50.95,1071.2,1219.34,154.73,0.15,31.44,0,normal
2026-01-07 16:15:00,user-service,44.4,54.66,47.34,569.94,657.23,119.3,0.21,37.63,0,normal
2026-01-07 16:15:00,payment-service,50.25,58.92,76.49,723.44,888.28,162.46,0.32,50.62,0,normal
2026-01-07 16:15:00,notification-service,34.73,45.58,35.67,395.71,470.53,123.27,0.26,28.59,0,normal
2026-01-07 16:15:00,database,62.37,70.26,56.57,1567.66,1352.32,124.38,0.19,73.56,0,normal
2026-01-07 16:20:00,api-gateway,56.62,50.68,36.82,1322.58,1134.34,145.64,0.16,32.41,0,normal
2026-01-07 16:20:00,user-service,35.64,51.85,55.47,623.89,646.81,120.12,0.23,33.01,0,normal
2026-01-07 16:20:00,payment-service,51.19,64.18,46.8,966.22,852.39,168.34,0.18,50.58,0,normal
2026-01-07 16:20:00,notification-service,29.12,45.85,50.15,485.32,510.82,121.2,0.15,25.79,0,normal
2026-01-07 16:20:00,database,57.96,62.4,64.26,1168.13,1199.03,92.06,0.19,72.2,0,normal
2026-01-07 16:25:00,api-gateway,52.46,56.92,42.55,1052.57,1179.69,152.21,0.25,30.15,0,normal
2026-01-07 16:25:00,user-service,37.12,53.63,50.69,634.75,659.41,145.58,0.17,35.94,0,normal
2026-01-07 16:25:00,payment-service,52.51,61.31,42.72,947.36,940.37,183.2,0.25,49.7,0,normal
2026-01-07 16:25:00,notification-service,34.4,41.58,46.74,485.91,536.49,135.5,0.18,23.32,0,normal
2026-01-07 16:25:00,database,59.46,58.83,35.86,1509.48,1267.65,97.32,0.26,74.42,0,normal
2026-01-07 16:30:00,api-gateway,48.84,52.27,43.72,1419.18,1187.08,146.18,0.16,34.75,0,normal
2026-01-07 16:30:00,user-service,35.92,54.17,47.05,712.24,619.38,118.56,0.23,35.35,0,normal
2026-01-07 16:30:00,payment-service,59.2,60.09,29.96,1031.57,880.55,187.81,0.2,56.41,0,normal
2026-01-07 16:30:00,notification-service,36.86,43.27,57.93,468.19,527.97,108.97,0.22,26.06,0,normal
2026-01-07 16:30:00,database,62.25,63.24,38.64,1142.93,1290.24,125.8,0.18,73.62,0,normal
2026-01-07 16:35:00,api-gateway,49.2,56.21,50.3,1240.69,1107.06,140.06,0.23,28.19,0,normal
2026-01-07 16:35:00,user-service,36.11,48.68,22.14,717.94,658.3,129.98,0.12,38.12,0,normal
2026-01-07 16:35:00,payment-service,58.27,59.69,52.87,897.47,929.84,164.21,0.17,49.35,0,normal
2026-01-07 16:35:00,notification-service,35.6,42.36,43.32,430.37,512.13,99.37,0.22,23.88,0,normal
2026-01-07 16:35:00,database,62.23,65.6,39.03,1104.98,1289.06,119.24,0.19,73.17,0,normal
2026-01-07 16:40:00,api-gateway,50.44,55.38,45.97,1195.34,1126.01,142.68,0.21,31.24,0,normal
2026-01-07 16:40:00,user-service,50.25,46.77,46.89,756.29,639.65,117.23,0.12,28.64,0,normal
2026-01-07 16:40:00,payment-service,59.68,59.06,53.95,841.57,893.12,177.34,0.29,51.44,0,normal
2026-01-07 16:40:00,notification-service,36.34,43.56,52.96,462.9,506.99,102.89,0.21,29.04,0,normal
2026-01-07 16:40:00,database,59.83,66.35,54.44,1627.12,1372.59,112.51,0.16,76.4,0,normal
2026-01-07 16:45:00,api-gateway,55.02,55.8,49.22,1313.49,1270.98,155.16,0.23,29.69,0,normal
2026-01-07 16:45:00,user-service,44.77,48.49,46.53,732.6,652.2,113.02,0.22,37.69,0,normal
2026-01-07 16:45:00,payment-service,58.55,60.62,53.21,933.35,886.5,172.93,0.19,55.13,0,normal
2026-01-07 16:45:00,notification-service,37.88,46.84,39.17,656.39,547.07,104.45,0.21,26.43,0,normal
2026-01-07 16:45:00,database,63.01,66.47,53.6,1056.15,1268.65,94.52,0.24,74.54,0,normal
2026-01-07 16:50:00,api-gateway,59.65,53.4,38.3,1397.74,1196.72,139.98,0.2,36.71,0,normal
2026-01-07 16:50:00,user-service,45.68,51.74,43.26,595.79,658.48,116.94,0.26,34.96,0,normal
2026-01-07 16:50:00,payment-service,53.74,59.79,69.6,1037.9,900.85,180.61,0.22,57.47,0,normal
2026-01-07 16:50:00,notification-service,32.59,44.16,69.16,626.58,534.63,117.95,0.24,27.84,0,normal
2026-01-07 16:50:00,database,61.54,60.55,58.34,1060.15,1275.95,103.89,0.22,69.22,0,normal
2026-01-07 16:55:00,api-gateway,54.37,51.49,44.35,1377.15,1184.2,153.05,0.18,38.07,0,normal
2026-01-07 16:55:00,user-service,32.78,50.52,54.16,663.5,615.86,107.7,0.23,35.75,0,normal
2026-01-07 16:55:00,payment-service,58.11,62.07,53.68,765.64,889.12,163.9,0.23,51.89,0,normal
2026-01-07 16:55:00,notification-service,36.9,43.49,47.08,416.87,478.94,114.16,0.09,26.26,0,normal
2026-01-07 16:55:00,database,54.55,69.46,49.39,1261.7,1244.87,81.31,0.11,73.74,0,normal
2026-01-07 17:00:00,api-gateway,49.56,56.5,23.69,1229.32,1239.72,139.54,0.13,38.76,0,normal
2026-01-07 17:00:00,user-service,40.15,46.6,54.29,686.14,684.07,131.52,0.26,39.48,0,normal
2026-01-07 17:00:00,payment-service,52.42,62.2,59.21,991.89,934.69,176.36,0.22,53.26,0,normal
2026-01-07 17:00:00,notification-service,41.1,48.13,47.43,412.67,500.75,121.87,0.24,27.19,0,normal
2026-01-07 17:00:00,database,64.28,63.67,44.35,1181.7,1276.92,107.14,0.18,64.91,0,normal
2026-01-07 17:05:00,api-gateway,51.71,58.15,60.26,1053.28,1084.89,139.6,0.19,26.39,0,normal
2026-01-07 17:05:00,user-service,37.68,55.13,60.71,500.91,619.39,122.73,0.17,33.57,0,normal
2026-01-07 17:05:00,payment-service,59.12,60.77,37.32,747.25,929.43,194.14,0.16,53.55,0,normal
2026-01-07 17:05:00,notification-service,32.58,44.21,58.3,529.96,513.99,119.0,0.22,25.67,0,normal
2026-01-07 17:05:00,database,62.2,65.66,52.27,1432.03,1317.06,101.28,0.17,76.79,0,normal
2026-01-07 17:10:00,api-gateway,45.97,57.63,41.42,1052.52,1113.95,130.71,0.21,33.27,0,normal
2026-01-07 17:10:00,user-service,43.53,46.94,62.41,695.99,670.9,130.92,0.2,33.9,0,normal
2026-01-07 17:10:00,payment-service,60.03,57.98,60.92,1026.56,932.13,180.72,0.13,50.42,0,normal
2026-01-07 17:10:00,notification-service,46.22,48.26,55.4,530.96,503.0,118.72,0.15,30.35,0,normal
2026-01-07 17:10:00,database,60.58,65.54,35.9,1475.78,1405.19,125.81,0.2,71.73,0,normal
2026-01-07 17:15:00,api-gateway,47.32,52.69,47.47,1125.26,1126.34,147.87,0.17,33.42,0,normal
2026-01-07 17:15:00,user-service,40.43,52.03,29.92,548.9,676.83,127.79,0.19,44.77,0,normal
2026-01-07 17:15:00,payment-service,56.35,60.19,61.86,968.03,902.03,166.65,0.22,55.69,0,normal
2026-01-07 17:15:00,notification-service,33.22,50.78,52.2,492.21,522.62,123.42,0.27,26.59,0,normal
2026-01-07 17:15:00,database,60.41,67.0,65.45,1371.63,1375.46,105.13,0.18,71.37,0,normal
2026-01-07 17:20:00,api-gateway,55.62,52.24,46.75,1347.1,1188.55,150.89,0.12,31.58,0,normal
2026-01-07 17:20:00,user-service,37.22,54.66,58.05,648.86,635.63,130.68,0.09,37.56,0,normal
2026-01-07 17:20:00,payment-service,53.3,63.47,36.07,885.99,927.73,185.83,0.17,56.03,0,normal
2026-01-07 17:20:00,notification-service,43.66,50.0,60.25,538.4,545.42,98.02,0.18,31.18,0,normal
2026-01-07 17:20:00,database,57.03,58.77,40.36,1474.61,1262.8,120.84,0.13,72.25,0,normal
2026-01-07 17:25:00,api-gateway,53.3,53.38,25.02,1284.91,1143.86,154.14,0.15,29.09,0,normal
2026-01-07 17:25:00,user-service,40.56,40.67,54.72,656.2,626.34,128.19,0.19,33.45,0,normal
2026-01-07 17:25:00,payment-service,57.42,58.3,41.05,1004.07,890.04,181.56,0.25,54.32,0,normal
2026-01-07 17:25:00,notification-service,38.29,42.77,67.27,500.08,507.39,114.5,0.26,19.78,0,normal
2026-01-07 17:25:00,database,63.33,60.84,63.27,1080.57,1311.24,105.79,0.28,68.88,0,normal
2026-01-07 17:30:00,api-gateway,48.0,49.71,41.89,984.89,1163.58,153.18,0.15,30.34,0,normal
2026-01-07 17:30:00,user-service,42.71,51.75,62.87,650.4,613.45,134.97,0.22,38.27,0,normal
2026-01-07 17:30:00,payment-service,52.27,55.21,50.79,900.84,916.15,158.58,0.17,55.93,0,normal
2026-01-07 17:30:00,notification-service,33.48,45.22,41.26,598.3,500.94,97.84,0.26,28.14,0,normal
2026-01-07 17:30:00,database,59.81,66.03,58.73,1557.5,1402.42,92.11,0.17,67.67,0,normal
2026-01-07 17:35:00,api-gateway,52.77,53.28,65.93,970.97,1171.27,130.67,0.19,28.31,0,normal
2026-01-07 17:35:00,user-service,39.9,53.14,44.07,534.7,660.67,129.08,0.14,41.48,0,normal
2026-01-07 17:35:00,payment-service,60.3,65.64,53.13,778.79,928.66,175.57,0.13,51.77,0,normal
2026-01-07 17:35:00,notification-service,35.38,40.08,68.75,528.37,498.25,109.07,0.2,26.65,0,normal
2026-01-07 17:35:00,database,60.98,59.28,47.02,1036.11,1259.19,94.15,0.16,72.56,0,normal
2026-01-07 17:40:00,api-gateway,48.41,49.78,44.59,1165.83,1165.73,152.09,0.15,34.92,0,normal
2026-01-07 17:40:00,user-service,40.72,51.03,46.5,815.03,696.4,129.39,0.17,44.86,0,normal
2026-01-07 17:40:00,payment-service,49.16,56.1,52.1,1086.05,939.4,184.77,0.19,49.96,0,normal
2026-01-07 17:40:00,notification-service,38.97,40.97,29.18,551.12,539.1,109.86,0.24,25.63,0,normal
2026-01-07 17:40:00,database,67.19,64.02,26.56,1342.19,1307.41,104.79,0.15,72.54,0,normal
2026-01-07 17:45:00,api-gateway,53.25,57.99,42.31,1226.48,1156.08,148.77,0.12,35.77,0,normal
2026-01-07 17:45:00,user-service,49.87,52.1,38.35,531.5,633.52,127.79,0.19,31.15,0,normal
2026-01-07 17:45:00,payment-service,58.97,59.53,54.28,1058.04,907.27,179.99,0.24,55.44,0,normal
2026-01-07 17:45:00,notification-service,42.3,41.55,64.89,460.63,497.48,131.52,0.18,26.8,0,normal
2026-01-07 17:45:00,database,59.58,65.36,52.79,1132.83,1291.79,126.84,0.28,74.05,0,normal
2026-01-07 17:50:00,api-gateway,47.89,55.37,52.25,1335.27,1191.5,154.19,0.26,40.57,0,normal
2026-01-07 17:50:00,user-service,42.07,48.79,49.34,630.05,657.12,121.34,0.15,39.22,0,normal
2026-01-07 17:50:00,payment-service,58.43,61.04,52.58,929.23,867.45,165.6,0.22,51.42,0,normal
2026-01-07 17:50:00,notification-service,45.98,39.42,46.59,447.93,528.79,146.89,0.32,31.93,0,normal
2026-01-07 17:50:00,database,71.71,62.82,53.89,1520.12,1315.13,97.99,0.17,73.9,0,normal
2026-01-07 17:55:00,api-gateway,47.79,52.4,38.89,1312.5,1148.68,146.66,0.22,29.62,0,normal
2026-01-07 17:55:00,user-service,44.46,51.31,46.6,708.42,640.96,139.19,0.26,40.48,0,normal
2026-01-07 17:55:00,payment-service,54.06,61.0,63.66,775.68,878.89,185.98,0.22,52.22,0,normal
2026-01-07 17:55:00,notification-service,30.74,46.59,60.88,564.11,543.01,130.25,0.11,32.69,0,normal
2026-01-07 17:55:00,database,57.51,64.89,51.32,1357.66,1284.32,114.5,0.17,76.16,0,normal
2026-01-07 18:00:00,api-gateway,55.36,54.07,65.2,1222.04,1174.11,157.01,0.11,32.62,0,normal
2026-01-07 18:00:00,user-service,48.24,50.55,49.94,723.08,658.38,135.43,0.16,38.04,0,normal
2026-01-07 18:00:00,payment-service,46.48,57.03,62.84,865.63,931.16,185.1,0.13,50.55,0,normal
2026-01-07 18:00:00,notification-service,38.15,41.75,47.26,440.95,488.24,113.85,0.23,29.93,0,normal
2026-01-07 18:00:00,database,60.02,61.6,47.81,1370.78,1315.93,111.13,0.22,75.77,0,normal
2026-01-07 18:05:00,api-gateway,57.34,60.2,44.7,1077.73,1153.33,144.51,0.23,30.92,0,normal
2026-01-07 18:05:00,user-service,36.29,52.72,42.36,640.39,692.66,134.51,0.16,37.21,0,normal
2026-01-07 18:05:00,payment-service,52.28,56.04,53.73,892.35,896.79,178.46,0.26,48.64,0,normal
2026-01-07 18:05:00,notification-service,30.74,50.43,53.43,538.07,479.95,110.02,0.26,27.89,0,normal
2026-01-07 18:05:00,database,65.19,67.18,32.42,1222.27,1345.65,115.55,0.18,75.53,0,normal
2026-01-07 18:10:00,api-gateway,57.22,54.16,46.17,1152.09,1163.95,148.69,0.14,37.06,0,normal
2026-01-07 18:10:00,user-service,39.08,50.1,55.67,559.75,671.99,145.04,0.1,34.38,0,normal
2026-01-07 18:10:00,payment-service,56.51,61.53,43.05,972.52,853.02,195.29,0.28,57.3,0,normal
2026-01-07 18:10:00,notification-service,37.67,46.0,38.54,539.46,528.53,129.75,0.21,28.04,0,normal
2026-01-07 18:10:00,database,63.2,66.36,49.24,1015.48,1258.56,117.37,0.18,77.49,0,normal
2026-01-07 18:15:00,api-gateway,55.28,58.2,34.94,1378.46,1173.3,122.69,0.13,29.62,0,normal
2026-01-07 18:15:00,user-service,44.84,52.44,58.02,736.3,635.85,137.93,0.24,34.61,0,normal
2026-01-07 18:15:00,payment-service,44.36,64.06,38.24,832.82,874.74,172.39,0.24,52.86,0,normal
2026-01-07 18:15:00,notification-service,28.44,44.28,46.73,591.24,520.8,127.37,0.21,24.36,0,normal
2026-01-07 18:15:00,database,65.14,63.69,50.27,1206.22,1298.13,95.24,0.11,71.96,0,normal
2026-01-07 18:20:00,api-gateway,45.75,51.74,41.95,1013.79,1120.45,144.84,0.13,34.66,0,normal
2026-01-07 18:20:00,user-service,42.55,49.95,56.77,675.21,670.08,140.11,0.21,39.04,0,normal
2026-01-07 18:20:00,payment-service,60.4,59.93,37.49,712.21,883.64,179.93,0.17,50.67,0,normal
2026-01-07 18:20:00,notification-service,34.32,46.73,73.66,577.91,490.64,113.84,0.25,31.2,0,normal
2026-01-07 18:20:00,database,55.62,60.47,27.8,1059.18,1208.74,118.86,0.3,75.98,0,normal
2026-01-07 18:25:00,api-gateway,49.11,52.84,46.02,942.57,1108.38,140.21,0.28,34.73,0,normal
2026-01-07 18:25:00,user-service,41.27,46.86,58.58,669.27,625.3,117.27,0.22,35.39,0,normal
2026-01-07 18:25:00,payment-service,56.38,63.16,61.65,1154.18,974.33,186.48,0.15,55.8,0,normal
2026-01-07 18:25:00,notification-service,33.71,43.51,49.76,469.68,516.67,126.45,0.21,24.63,0,normal
2026-01-07 18:25:00,database,64.99,66.24,43.03,1353.19,1228.74,104.4,0.21,72.81,0,normal
2026-01-07 18:30:00,api-gateway,56.41,54.21,32.03,1100.75,1183.99,166.29,0.21,34.67,0,normal
2026-01-07 18:30:00,user-service,41.89,51.71,52.79,543.1,674.4,147.07,0.1,36.98,0,normal
2026-01-07 18:30:00,payment-service,58.69,64.8,48.66,884.67,842.72,155.06,0.23,49.19,0,normal
2026-01-07 18:30:00,notification-service,36.63,47.48,49.36,639.88,533.59,127.12,0.15,32.66,0,normal
2026-01-07 18:30:00,database,67.46,65.25,44.37,1367.32,1358.41,115.55,0.18,70.34,0,normal
2026-01-07 18:35:00,api-gateway,57.84,55.19,44.77,1139.12,1216.53,139.68,0.12,38.83,0,normal
2026-01-07 18:35:00,user-service,47.94,50.04,44.57,600.71,662.79,119.95,0.16,39.17,0,normal
2026-01-07 18:35:00,payment-service,48.1,65.58,68.98,962.09,903.18,163.72,0.26,51.19,0,normal
2026-01-07 18:35:00,notification-service,39.42,46.28,53.0,433.68,533.39,121.74,0.25,32.06,0,normal
2026-01-07 18:35:00,database,53.59,68.99,61.33,1655.73,1396.18,107.15,0.21,68.65,0,normal
2026-01-07 18:40:00,api-gateway,49.85,52.5,58.12,1086.35,1115.87,140.45,0.22,29.74,0,normal
2026-01-07 18:40:00,user-service,35.79,48.72,49.26,538.57,650.88,117.89,0.2,41.19,0,normal
2026-01-07 18:40:00,payment-service,47.51,57.23,50.89,827.24,882.46,171.18,0.24,50.94,0,normal
2026-01-07 18:40:00,notification-service,41.67,49.96,29.86,584.3,520.36,121.44,0.16,28.35,0,normal
2026-01-07 18:40:00,database,62.11,66.47,44.01,1142.27,1317.67,95.35,0.16,74.5,0,normal
2026-01-07 18:45:00,api-gateway,53.77,53.24,77.21,1387.93,1211.78,164.8,0.19,40.38,0,normal
2026-01-07 18:45:00,user-service,41.79,49.89,43.03,617.45,713.99,132.39,0.13,40.07,0,normal
2026-01-07 18:45:00,payment-service,56.18,59.9,48.78,1099.72,923.32,182.48,0.22,53.25,0,normal
2026-01-07 18:45:00,notification-service,29.56,42.59,53.87,402.55,483.76,117.3,0.24,24.75,0,normal
2026-01-07 18:45:00,database,58.55,66.0,60.29,1142.32,1277.06,113.74,0.11,74.8,0,normal
2026-01-07 18:50:00,api-gateway,52.24,57.51,58.82,1213.44,1140.62,127.95,0.2,32.12,0,normal
2026-01-07 18:50:00,user-service,41.62,53.21,56.9,715.18,627.6,103.51,0.23,39.68,0,normal
2026-01-07 18:50:00,payment-service,60.2,66.59,42.1,949.93,928.69,158.44,0.21,57.17,0,normal
2026-01-07 18:50:00,notification-service,35.97,46.04,53.56,562.96,492.98,118.36,0.25,24.93,0,normal
2026-01-07 18:50:00,database,65.66,65.55,43.64,1241.66,1331.14,110.13,0.19,72.11,0,normal
2026-01-07 18:55:00,api-gateway,51.45,56.28,54.48,1272.49,1123.44,148.77,0.14,30.41,0,normal
2026-01-07 18:55:00,user-service,49.61,48.68,68.19,751.65,629.02,119.23,0.23,32.86,0,normal
2026-01-07 18:55:00,payment-service,53.9,64.16,50.46,1083.66,903.47,196.13,0.22,53.34,0,normal
2026-01-07 18:55:00,notification-service,35.57,47.38,58.2,484.21,521.12,122.82,0.24,28.55,0,normal
2026-01-07 18:55:00,database,65.54,60.25,37.44,1360.84,1241.34,114.93,0.19,69.13,0,normal
2026-01-07 19:00:00,api-gateway,45.49,58.43,55.13,993.44,868.95,133.4,0.2,35.48,0,normal
2026-01-07 19:00:00,user-service,34.87,43.53,57.12,435.45,504.06,102.26,0.13,34.51,0,normal
2026-01-07 19:00:00,payment-service,47.59,56.94,60.27,592.34,688.45,168.96,0.22,52.25,0,normal
2026-01-07 19:00:00,notification-service,35.07,48.87,48.23,318.95,395.99,116.77,0.18,30.26,0,normal
2026-01-07 19:00:00,database,54.58,65.2,38.75,1129.08,993.69,93.68,0.2,72.75,0,normal
2026-01-07 19:05:00,api-gateway,46.61,51.25,50.45,979.73,898.31,127.98,0.23,29.29,0,normal
2026-01-07 19:05:00,user-service,33.07,47.61,52.01,574.16,494.95,124.05,0.29,41.59,0,normal
2026-01-07 19:05:00,payment-service,52.63,60.72,59.7,580.65,672.68,183.26,0.2,51.51,0,normal
2026-01-07 19:05:00,notification-service,31.96,48.51,59.73,361.51,438.22,132.02,0.33,22.42,0,normal
2026-01-07 19:05:00,database,57.64,63.05,58.16,1187.56,1058.1,105.47,0.19,66.16,0,normal
2026-01-07 19:10:00,api-gateway,44.02,58.76,46.21,901.24,809.45,162.55,0.25,32.94,0,normal
2026-01-07 19:10:00,user-service,38.69,51.2,52.63,654.5,557.59,141.08,0.21,38.8,0,normal
2026-01-07 19:10:00,payment-service,54.5,58.92,52.33,603.54,677.88,166.03,0.2,51.29,0,normal
2026-01-07 19:10:00,notification-service,27.16,40.92,54.21,356.47,420.65,101.82,0.22,25.9,0,normal
2026-01-07 19:10:00,database,51.91,67.03,58.69,855.71,967.42,99.74,0.26,73.42,0,normal
2026-01-07 19:15:00,api-gateway,41.1,57.33,35.54,916.37,834.26,138.7,0.25,28.28,0,normal
2026-01-07 19:15:00,user-service,46.19,52.45,30.36,569.44,477.96,110.7,0.19,28.42,0,normal
2026-01-07 19:15:00,payment-service,48.22,55.73,30.92,698.91,663.96,159.97,0.19,47.9,0,normal
2026-01-07 19:15:00,notification-service,32.28,44.38,43.73,357.49,426.56,106.55,0.15,29.72,0,normal
2026-01-07 19:15:00,database,61.99,65.77,38.06,810.46,967.91,109.97,0.22,72.27,0,normal
2026-01-07 19:20:00,api-gateway,45.41,54.68,40.79,851.65,952.65,164.05,0.16,31.67,0,normal
2026-01-07 19:20:00,user-service,36.22,50.03,37.08,486.81,556.98,116.05,0.19,30.96,0,normal
2026-01-07 19:20:00,payment-service,49.0,65.91,60.09,619.47,728.75,162.35,0.27,51.06,0,normal
2026-01-07 19:20:00,notification-service,35.51,47.51,62.51,531.97,452.85,124.9,0.08,26.77,0,normal
2026-01-07 19:20:00,database,56.3,66.59,36.68,1015.34,965.65,86.77,0.19,66.6,0,normal
2026-01-07 19:25:00,api-gateway,42.41,55.47,47.25,845.28,818.51,138.55,0.21,28.73,0,normal
2026-01-07 19:25:00,user-service,28.02,52.81,46.11,438.55,437.22,122.22,0.16,36.55,0,normal
2026-01-07 19:25:00,payment-service,47.52,53.33,29.76,750.98,655.28,162.49,0.22,51.42,0,normal
2026-01-07 19:25:00,notification-service,24.22,42.25,75.1,353.21,402.43,117.47,0.17,23.48,0,normal
2026-01-07 19:25:00,database,54.52,62.05,51.46,860.16,1003.48,100.67,0.22,67.98,0,normal
2026-01-07 19:30:00,api-gateway,43.25,55.31,46.04,738.3,828.21,123.34,0.15,27.8,0,normal
2026-01-07 19:30:00,user-service,34.52,50.13,49.1,492.72,501.75,112.17,0.22,34.31,0,normal
2026-01-07 19:30:00,payment-service,56.91,62.82,44.97,570.57,651.29,152.86,0.28,53.64,0,normal
2026-01-07 19:30:00,notification-service,21.09,45.98,71.88,365.91,404.11,125.22,0.11,26.42,0,normal
2026-01-07 19:30:00,database,56.61,67.5,52.65,1201.17,1056.99,94.27,0.19,67.75,0,normal
2026-01-07 19:35:00,api-gateway,41.65,56.04,36.33,951.76,926.99,162.15,0.24,32.31,0,normal
2026-01-07 19:35:00,user-service,38.89,51.1,48.95,523.51,560.59,118.22,0.2,33.59,0,normal
2026-01-07 19:35:00,payment-service,50.18,59.7,44.4,654.46,766.68,184.82,0.17,53.03,0,normal
2026-01-07 19:35:00,notification-service,41.34,45.47,47.07,388.15,390.31,101.28,0.12,17.04,0,normal
2026-01-07 19:35:00,database,49.28,67.86,45.61,1283.12,1084.75,100.36,0.23,71.65,0,normal
2026-01-07 19:40:00,api-gateway,50.21,53.65,56.78,876.09,931.95,147.98,0.18,30.83,0,normal
2026-01-07 19:40:00,user-service,36.19,48.73,40.85,595.98,533.7,112.47,0.2,34.97,0,normal
2026-01-07 19:40:00,payment-service,50.68,60.03,49.48,700.79,672.19,179.76,0.2,49.47,0,normal
2026-01-07 19:40:00,notification-service,30.9,47.71,61.11,482.28,403.35,110.75,0.22,24.9,0,normal
2026-01-07 19:40:00,database,55.59,63.3,47.33,1090.95,926.01,83.55,0.19,72.89,0,normal
2026-01-07 19:45:00,api-gateway,44.4,57.15,50.64,1090.84,939.69,159.33,0.14,30.73,0,normal
2026-01-07 19:45:00,user-service,36.68,44.77,56.29,432.84,495.87,128.44,0.18,34.83,0,normal
2026-01-07 19:45:00,payment-service,47.24,52.97,32.8,872.01,734.78,168.24,0.16,55.45,0,normal
2026-01-07 19:45:00,notification-service,28.59,43.74,62.3,420.01,397.42,97.09,0.22,21.04,0,normal
2026-01-07 19:45:00,database,56.66,65.51,63.93,925.04,986.21,88.02,0.2,68.56,0,normal
2026-01-07 19:50:00,api-gateway,42.79,61.02,41.6,872.39,931.57,151.03,0.19,25.93,0,normal
2026-01-07 19:50:00,user-service,35.6,52.47,50.9,467.77,490.82,127.18,0.18,37.15,0,normal
2026-01-07 19:50:00,payment-service,46.76,57.5,59.4,638.35,694.56,177.23,0.07,52.41,0,normal
2026-01-07 19:50:00,notification-service,29.56,42.09,53.7,421.86,391.77,107.03,0.27,21.11,0,normal
2026-01-07 19:50:00,database,61.13,67.94,46.51,902.26,1029.1,107.29,0.25,73.41,0,normal
2026-01-07 19:55:00,api-gateway,47.45,54.74,63.29,1043.49,928.4,139.73,0.25,28.25,0,normal
2026-01-07 19:55:00,user-service,31.9,51.19,58.03,541.87,477.6,123.1,0.12,33.42,0,normal
2026-01-07 19:55:00,payment-service,51.73,67.38,45.61,632.77,597.62,169.33,0.19,49.85,0,normal
2026-01-07 19:55:00,notification-service,29.34,39.15,51.3,346.11,395.53,115.51,0.23,29.77,0,normal
2026-01-07 19:55:00,database,59.02,61.62,44.57,1206.44,1044.3,87.71,0.15,74.91,0,normal
2026-01-07 20:00:00,api-gateway,36.84,56.43,40.94,715.83,861.62,126.25,0.19,25.54,0,normal
2026-01-07 20:00:00,user-service,35.62,52.14,39.2,503.48,460.55,110.47,0.1,31.94,0,normal
2026-01-07 20:00:00,payment-service,49.57,60.29,42.39,644.89,718.54,170.74,0.31,46.13,0,normal
2026-01-07 20:00:00,notification-service,25.56,42.6,53.36,449.45,416.51,111.35,0.25,24.83,0,normal
2026-01-07 20:00:00,database,57.64,66.95,48.21,999.72,937.29,103.13,0.09,74.31,0,normal
2026-01-07 20:05:00,api-gateway,46.63,50.85,22.74,773.37,966.7,143.18,0.27,32.99,0,normal
2026-01-07 20:05:00,user-service,34.48,49.22,43.57,513.88,471.32,129.6,0.12,34.64,0,normal
2026-01-07 20:05:00,payment-service,53.45,60.06,56.73,743.34,624.32,159.49,0.23,45.42,0,normal
2026-01-07 20:05:00,notification-service,37.65,39.68,61.31,444.53,421.99,122.47,0.16,21.1,0,normal
2026-01-07 20:05:00,database,52.08,64.86,47.53,911.53,1016.11,106.71,0.25,68.76,0,normal
2026-01-07 20:10:00,api-gateway,45.32,50.74,55.93,764.91,922.14,143.26,0.18,28.51,0,normal
2026-01-07 20:10:00,user-service,35.61,51.72,49.63,426.25,513.11,104.17,0.16,35.45,0,normal
2026-01-07 20:10:00,payment-service,46.48,59.48,60.74,588.4,707.33,169.23,0.27,51.08,0,normal
2026-01-07 20:10:00,notification-service,29.67,43.5,58.99,346.1,398.51,108.17,0.19,19.81,0,normal
2026-01-07 20:10:00,database,60.04,63.25,42.55,803.14,976.46,103.67,0.14,71.83,0,normal
2026-01-07 20:15:00,api-gateway,42.1,55.53,35.22,900.74,880.79,134.04,0.25,33.26,0,normal
2026-01-07 20:15:00,user-service,39.31,51.06,53.55,433.15,507.63,127.29,0.23,37.37,0,normal
2026-01-07 20:15:00,payment-service,48.26,59.05,54.79,720.98,704.99,184.86,0.24,53.3,0,normal
2026-01-07 20:15:00,notification-service,28.24,39.55,46.3,481.58,414.55,92.24,0.2,29.15,0,normal
2026-01-07 20:15:00,database,54.21,65.03,40.97,979.01,967.02,112.54,0.2,76.3,0,normal
2026-01-07 20:20:00,api-gateway,37.74,60.42,46.84,928.27,799.57,146.73,0.23,29.04,0,normal
2026-01-07 20:20:00,user-service,35.65,51.49,56.08,546.15,483.35,118.98,0.18,33.77,0,normal
2026-01-07 20:20:00,payment-service,51.25,56.0,54.55,645.93,724.95,185.46,0.27,46.13,0,normal
2026-01-07 20:20:00,notification-service,29.29,44.42,60.36,404.58,412.81,93.3,0.21,25.34,0,normal
2026-01-07 20:20:00,database,56.3,62.93,56.04,950.91,1013.26,103.59,0.13,72.34,0,normal
2026-01-07 20:25:00,api-gateway,45.44,52.33,49.81,781.57,852.33,152.42,0.11,31.7,0,normal
2026-01-07 20:25:00,user-service,42.51,52.61,38.66,471.92,477.09,110.93,0.21,32.47,0,normal
2026-01-07 20:25:00,payment-service,51.31,57.86,36.69,809.26,693.77,154.33,0.16,51.53,0,normal
2026-01-07 20:25:00,notification-service,27.63,39.44,53.23,413.9,388.15,117.2,0.12,22.41,0,normal
2026-01-07 20:25:00,database,53.91,65.13,51.94,1208.24,1015.67,106.12,0.19,70.41,0,normal
2026-01-07 20:30:00,api-gateway,43.82,52.79,67.37,894.57,882.42,135.27,0.15,27.64,0,normal
2026-01-07 20:30:00,user-service,35.63,49.79,49.42,519.41,534.64,113.58,0.18,30.89,0,normal
2026-01-07 20:30:00,payment-service,49.17,61.8,51.5,755.89,680.77,178.26,0.16,46.78,0,normal
2026-01-07 20:30:00,notification-service,29.33,42.46,65.75,415.53,424.46,120.09,0.13,16.98,0,normal
2026-01-07 20:30:00,database,51.22,62.16,47.0,1061.0,1072.29,94.28,0.23,71.13,0,normal
2026-01-07 20:35:00,api-gateway,39.92,56.64,52.98,993.46,852.82,153.17,0.16,29.5,0,normal
2026-01-07 20:35:00,user-service,27.64,48.85,44.39,442.43,478.5,138.1,0.33,32.65,0,normal
2026-01-07 20:35:00,payment-service,44.4,59.27,48.3,601.51,636.14,169.75,0.21,48.05,0,normal
2026-01-07 20:35:00,notification-service,24.03,45.44,52.68,323.59,389.28,107.98,0.14,24.66,0,normal
2026-01-07 20:35:00,database,54.04,67.62,35.02,962.49,1069.44,99.48,0.21,62.42,0,normal
2026-01-07 20:40:00,api-gateway,46.47,62.77,55.33,1095.84,916.05,121.7,0.26,25.06,0,normal
2026-01-07 20:40:00,user-service,34.86,49.2,59.36,591.36,528.69,107.03,0.19,29.62,0,normal
2026-01-07 20:40:00,payment-service,59.16,56.88,57.37,830.11,692.58,177.19,0.16,45.19,0,normal
2026-01-07 20:40:00,notification-service,29.11,47.64,48.55,442.92,371.71,107.55,0.21,27.15,0,normal
2026-01-07 20:40:00,database,49.43,59.71,42.06,838.3,975.26,78.24,0.22,71.26,0,normal
2026-01-07 20:45:00,api-gateway,44.24,57.08,49.17,949.43,894.17,147.88,0.26,33.17,0,normal
2026-01-07 20:45:00,user-service,37.02,47.82,52.32,465.01,517.75,110.98,0.23,37.38,0,normal
2026-01-07 20:45:00,payment-service,45.32,55.8,37.09,769.72,710.21,172.82,0.29,48.81,0,normal
2026-01-07 20:45:00,notification-service,24.82,47.15,47.3,379.63,424.41,110.86,0.19,24.23,0,normal
2026-01-07 20:45:00,database,59.26,58.97,47.74,955.17,981.05,100.64,0.1,64.84,0,normal
2026-01-07 20:50:00,api-gateway,44.46,52.16,23.55,888.23,923.5,134.78,0.25,29.99,0,normal
2026-01-07 20:50:00,user-service,39.24,52.36,57.22,545.21,507.96,121.6,0.25,39.57,0,normal
2026-01-07 20:50:00,payment-service,46.43,57.81,39.64,753.54,721.6,173.29,0.22,52.91,0,normal
2026-01-07 20:50:00,notification-service,31.08,40.29,45.67,337.56,395.09,111.02,0.24,31.11,0,normal
2026-01-07 20:50:00,database,52.88,58.87,41.06,984.55,999.27,104.77,0.16,72.84,0,normal
2026-01-07 20:55:00,api-gateway,41.26,58.31,51.07,791.67,885.71,135.95,0.15,27.25,0,normal
2026-01-07 20:55:00,user-service,32.22,46.01,53.48,567.42,497.3,129.21,0.28,29.43,0,normal
2026-01-07 20:55:00,payment-service,56.04,60.3,60.61,615.39,723.84,184.87,0.14,52.36,0,normal
2026-01-07 20:55:00,notification-service,30.01,46.73,30.85,391.0,400.32,102.52,0.23,24.99,0,normal
2026-01-07 20:55:00,database,58.69,65.97,58.48,946.3,1052.84,101.65,0.24,72.38,0,normal
2026-01-07 21:00:00,api-gateway,43.39,51.8,68.14,1103.43,987.28,119.59,0.21,30.54,0,normal
2026-01-07 21:00:00,user-service,35.64,44.92,28.78,626.33,546.51,130.28,0.11,35.56,0,normal
2026-01-07 21:00:00,payment-service,42.64,60.82,40.51,625.64,696.95,167.26,0.18,49.69,0,normal
2026-01-07 21:00:00,notification-service,33.13,44.24,46.34,371.8,382.53,115.32,0.22,25.56,0,normal
2026-01-07 21:00:00,database,56.11,67.41,67.26,912.73,1002.7,99.82,0.17,74.21,0,normal
2026-01-07 21:05:00,api-gateway,38.09,51.87,45.93,957.66,891.15,147.48,0.15,31.59,0,normal
2026-01-07 21:05:00,user-service,38.12,49.28,58.05,418.25,466.4,125.63,0.21,33.58,0,normal
2026-01-07 21:05:00,payment-service,50.26,61.74,46.49,523.83,647.46,172.9,0.26,54.22,0,normal
2026-01-07 21:05:00,notification-service,29.24,49.19,55.21,351.11,419.77,104.6,0.32,25.1,0,normal
2026-01-07 21:05:00,database,53.0,67.26,55.84,1106.56,1054.2,113.71,0.21,72.37,0,normal
2026-01-07 21:10:00,api-gateway,43.11,50.69,43.04,862.27,958.04,146.29,0.15,30.38,0,normal
2026-01-07 21:10:00,user-service,37.08,49.63,47.62,454.27,498.53,105.7,0.24,36.72,0,normal
2026-01-07 21:10:00,payment-service,54.75,63.45,72.74,629.73,657.37,171.77,0.13,47.55,0,normal
2026-01-07 21:10:00,notification-service,27.07,43.21,49.05,353.71,391.89,95.04,0.18,26.52,0,normal
2026-01-07 21:10:00,database,54.67,60.64,40.88,966.46,1072.16,92.44,0.2,68.79,0,normal
2026-01-07 21:15:00,api-gateway,42.62,54.56,38.05,836.86,883.57,133.09,0.17,32.41,0,normal
2026-01-07 21:15:00,user-service,38.46,49.56,64.38,398.69,485.12,87.57,0.17,37.73,0,normal
2026-01-07 21:15:00,payment-service,47.78,62.05,36.3,788.8,728.24,173.46,0.18,48.39,0,normal
2026-01-07 21:15:00,notification-service,37.89,45.26,54.74,329.16,387.94,94.16,0.29,20.61,0,normal
2026-01-07 21:15:00,database,49.87,67.58,42.61,946.92,947.49,98.92,0.15,69.35,0,normal
2026-01-07 21:20:00,api-gateway,40.99,54.39,45.29,986.04,843.44,140.03,0.17,25.04,0,normal
2026-01-07 21:20:00,user-service,30.69,51.68,59.64,538.68,456.56,106.74,0.19,34.85,0,normal
2026-01-07 21:20:00,payment-service,51.91,60.94,37.36,713.42,734.39,168.16,0.14,53.36,0,normal
2026-01-07 21:20:00,notification-service,23.91,42.3,57.72,482.9,454.84,114.92,0.26,26.5,0,normal
2026-01-07 21:20:00,database,55.27,61.48,58.23,876.24,1067.31,92.2,0.11,74.47,0,normal
2026-01-07 21:25:00,api-gateway,42.11,54.66,36.58,693.33,827.64,150.79,0.26,28.07,0,normal
2026-01-07 21:25:00,user-service,29.51,45.95,31.45,595.28,496.82,117.25,0.23,33.76,0,normal
2026-01-07 21:25:00,payment-service,44.91,57.51,41.89,727.62,671.0,170.49,0.16,51.99,0,normal
2026-01-07 21:25:00,notification-service,27.62,43.93,57.73,352.59,419.34,105.64,0.19,28.53,0,normal
2026-01-07 21:25:00,database,53.63,64.02,61.27,1107.63,975.72,84.47,0.2,74.34,0,normal
2026-01-07 21:30:00,api-gateway,54.15,57.24,57.85,773.16,904.31,142.04,0.16,26.39,0,normal
2026-01-07 21:30:00,user-service,42.85,46.58,55.16,515.38,491.69,120.29,0.15,35.32,0,normal
2026-01-07 21:30:00,payment-service,52.92,60.36,37.34,671.1,647.08,186.0,0.11,49.32,0,normal
2026-01-07 21:30:00,notification-service,26.19,46.1,60.02,364.24,385.0,100.3,0.18,20.8,0,normal
2026-01-07 21:30:00,database,58.76,64.17,52.18,1215.91,1055.94,119.55,0.21,71.86,0,normal
2026-01-07 21:35:00,api-gateway,42.14,56.37,55.61,744.29,852.22,120.15,0.28,32.49,0,normal
2026-01-07 21:35:00,user-service,31.04,54.15,50.35,486.37,489.79,130.93,0.22,38.0,0,normal
2026-01-07 21:35:00,payment-service,51.07,60.62,53.85,784.98,760.83,171.61,0.27,54.46,0,normal
2026-01-07 21:35:00,notification-service,28.94,46.15,43.78,361.9,407.43,110.32,0.25,18.79,0,normal
2026-01-07 21:35:00,database,55.7,67.21,43.31,1106.93,942.47,93.75,0.19,71.11,0,normal
2026-01-07 21:40:00,api-gateway,43.8,52.42,27.64,781.16,910.09,147.08,0.29,30.83,0,normal
2026-01-07 21:40:00,user-service,32.6,48.37,44.77,476.88,529.47,129.1,0.17,37.01,0,normal
2026-01-07 21:40:00,payment-service,51.4,56.39,54.35,709.22,675.22,176.85,0.2,55.99,0,normal
2026-01-07 21:40:00,notification-service,31.56,43.06,47.6,415.92,405.29,100.91,0.21,25.33,0,normal
2026-01-07 21:40:00,database,52.96,61.44,43.67,819.32,1021.46,103.51,0.2,72.5,0,normal
2026-01-07 21:45:00,api-gateway,42.48,53.38,39.27,796.65,963.31,150.33,0.19,29.85,0,normal
2026-01-07 21:45:00,user-service,36.7,46.85,46.97,546.13,457.62,114.49,0.27,32.12,0,normal
2026-01-07 21:45:00,payment-service,52.75,61.2,51.23,770.59,670.48,170.36,0.24,52.47,0,normal
2026-01-07 21:45:00,notification-service,32.25,42.4,51.41,436.29,416.73,121.71,0.17,26.51,0,normal
2026-01-07 21:45:00,database,58.36,58.74,44.4,1044.43,976.79,107.45,0.16,69.52,0,normal
2026-01-07 21:50:00,api-gateway,44.59,53.19,32.9,955.42,890.53,150.16,0.21,26.27,0,normal
2026-01-07 21:50:00,user-service,25.58,51.04,49.85,569.35,505.98,126.95,0.19,37.56,0,normal
2026-01-07 21:50:00,payment-service,50.9,59.12,64.54,746.69,679.85,167.91,0.25,49.75,0,normal
2026-01-07 21:50:00,notification-service,34.11,46.43,37.54,413.0,372.24,111.65,0.17,21.47,0,normal
2026-01-07 21:50:00,database,59.57,63.73,43.01,1044.0,935.59,92.93,0.17,63.71,0,normal
2026-01-07 21:55:00,api-gateway,39.78,52.7,62.78,973.54,818.88,148.82,0.15,29.53,0,normal
2026-01-07 21:55:00,user-service,36.67,51.76,36.97,472.37,480.18,122.01,0.19,39.84,0,normal
2026-01-07 21:55:00,payment-service,48.27,54.37,58.19,812.27,758.6,153.83,0.18,44.46,0,normal
2026-01-07 21:55:00,notification-service,25.57,46.56,54.75,444.19,378.41,126.39,0.08,23.55,0,normal
2026-01-07 21:55:00,database,56.43,67.39,50.59,1108.15,1033.24,95.6,0.18,66.92,0,normal
2026-01-07 22:00:00,api-gateway,49.72,54.08,61.61,899.4,950.22,147.57,0.17,36.49,0,normal
2026-01-07 22:00:00,user-service,28.94,48.48,50.77,547.51,506.13,107.59,0.17,39.92,0,normal
2026-01-07 22:00:00,payment-service,50.9,61.84,50.16,803.31,758.69,167.37,0.25,50.3,0,normal
2026-01-07 22:00:00,notification-service,33.46,45.65,53.45,365.34,381.62,111.16,0.16,26.68,0,normal
2026-01-07 22:00:00,database,49.77,64.72,46.8,774.26,940.68,116.53,0.2,64.44,0,normal
2026-01-07 22:05:00,api-gateway,46.44,53.84,65.06,962.43,847.1,142.78,0.26,29.26,0,normal
2026-01-07 22:05:00,user-service,35.4,46.78,46.76,510.37,490.79,120.2,0.27,35.18,0,normal
2026-01-07 22:05:00,payment-service,47.64,55.31,45.09,753.64,688.65,177.26,0.24,47.75,0,normal
2026-01-07 22:05:00,notification-service,27.44,42.4,54.51,427.58,418.91,94.11,0.16,25.86,0,normal
2026-01-07 22:05:00,database,54.46,67.77,51.34,1142.03,1058.02,101.04,0.18,71.02,0,normal
2026-01-07 22:10:00,api-gateway,43.48,55.08,60.92,715.51,864.76,127.37,0.24,34.55,0,normal
2026-01-07 22:10:00,user-service,33.76,48.71,33.57,548.52,495.97,122.37,0.26,33.74,0,normal
2026-01-07 22:10:00,payment-service,59.59,65.54,54.27,853.04,759.43,167.01,0.24,43.59,0,normal
2026-01-07 22:10:00,notification-service,38.58,41.84,55.04,331.59,402.18,114.61,0.24,17.81,0,normal
2026-01-07 22:10:00,database,50.26,68.01,33.91,1170.26,1014.21,113.0,0.14,72.44,0,normal
2026-01-07 22:15:00,api-gateway,49.5,55.28,60.08,1016.36,889.19,158.12,0.17,26.48,0,normal
2026-01-07 22:15:00,user-service,32.72,47.5,51.79,507.46,471.46,130.96,0.1,37.02,0,normal
2026-01-07 22:15:00,payment-service,47.78,55.53,25.68,560.62,637.5,152.74,0.19,45.95,0,normal
2026-01-07 22:15:00,notification-service,29.0,45.03,36.76,416.7,366.3,115.83,0.13,26.95,0,normal
2026-01-07 22:15:00,database,55.1,64.78,55.3,977.92,931.02,111.2,0.09,68.13,0,normal
2026-01-07 22:20:00,api-gateway,39.05,53.79,51.03,827.24,948.2,135.87,0.15,31.33,0,normal
2026-01-07 22:20:00,user-service,36.34,59.4,46.31,398.58,472.98,120.51,0.15,34.1,0,normal
2026-01-07 22:20:00,payment-service,50.7,57.51,47.67,540.28,620.94,173.65,0.25,48.96,0,normal
2026-01-07 22:20:00,notification-service,23.07,45.9,53.85,385.4,424.68,125.11,0.21,26.33,0,normal
2026-01-07 22:20:00,database,58.18,60.57,56.47,875.52,1005.2,104.63,0.14,68.22,0,normal
2026-01-07 22:25:00,api-gateway,44.51,61.13,29.53,880.31,880.69,148.89,0.23,31.27,0,normal
2026-01-07 22:25:00,user-service,33.11,50.22,45.7,446.65,529.13,121.83,0.26,32.42,0,normal
2026-01-07 22:25:00,payment-service,47.15,60.46,47.91,663.5,691.34,158.57,0.19,53.87,0,normal
2026-01-07 22:25:00,notification-service,20.84,38.24,56.64,362.36,403.48,110.62,0.21,24.54,0,normal
2026-01-07 22:25:00,database,55.38,62.68,60.04,902.57,901.14,97.37,0.11,69.66,0,normal
2026-01-07 22:30:00,api-gateway,50.65,53.96,53.86,813.39,911.04,160.87,0.27,31.93,0,normal
2026-01-07 22:30:00,user-service,39.27,50.21,43.38,450.97,513.79,119.82,0.15,38.71,0,normal
2026-01-07 22:30:00,payment-service,54.43,56.91,58.48,721.39,655.75,157.78,0.25,49.48,0,normal
2026-01-07 22:30:00,notification-service,37.72,44.01,48.19,459.01,387.01,105.57,0.2,26.67,0,normal
2026-01-07 22:30:00,database,59.51,65.37,39.78,974.59,1100.43,109.24,0.12,70.26,0,normal
2026-01-07 22:35:00,api-gateway,48.45,52.59,71.38,842.52,879.27,153.83,0.25,26.76,0,normal
2026-01-07 22:35:00,user-service,34.85,48.51,62.2,540.9,518.41,117.69,0.22,38.34,0,normal
2026-01-07 22:35:00,payment-service,46.86,63.73,35.85,641.42,728.51,184.06,0.2,48.84,0,normal
2026-01-07 22:35:00,notification-service,31.51,39.74,45.6,419.3,389.66,115.5,0.15,23.2,0,normal
2026-01-07 22:35:00,database,60.05,65.87,67.27,957.1,920.09,103.43,0.14,68.31,0,normal
2026-01-07 22:40:00,api-gateway,41.95,61.41,50.12,1040.68,882.78,145.59,0.26,30.67,0,normal
2026-01-07 22:40:00,user-service,31.85,52.11,57.74,549.36,511.67,105.23,0.25,33.41,0,normal
2026-01-07 22:40:00,payment-service,54.18,60.76,48.21,529.24,621.44,158.06,0.2,43.66,0,normal
2026-01-07 22:40:00,notification-service,39.93,51.45,47.16,422.02,421.84,105.85,0.21,24.36,0,normal
2026-01-07 22:40:00,database,56.67,64.6,56.59,949.1,975.41,72.48,0.18,71.9,0,normal
2026-01-07 22:45:00,api-gateway,48.34,47.49,59.97,999.64,907.62,140.98,0.26,31.42,0,normal
2026-01-07 22:45:00,user-service,37.93,53.75,60.99,488.45,501.91,121.34,0.13,38.19,0,normal
2026-01-07 22:45:00,payment-service,49.32,58.16,54.63,697.6,673.02,162.03,0.2,52.31,0,normal
2026-01-07 22:45:00,notification-service,26.69,52.47,56.21,421.27,404.51,127.47,0.13,25.68,0,normal
2026-01-07 22:45:00,database,54.03,67.58,36.51,957.32,970.5,112.72,0.11,66.71,0,normal
2026-01-07 22:50:00,api-gateway,43.95,59.77,57.92,1019.56,890.93,154.94,0.22,25.97,0,normal
2026-01-07 22:50:00,user-service,38.64,50.39,60.1,567.47,496.97,111.2,0.16,40.13,0,normal
2026-01-07 22:50:00,payment-service,47.51,61.3,47.22,687.96,737.57,168.79,0.16,52.3,0,normal
2026-01-07 22:50:00,notification-service,31.04,40.82,60.65,364.13,398.95,107.5,0.13,24.56,0,normal
2026-01-07 22:50:00,database,56.6,62.92,60.38,1035.17,936.33,101.23,0.18,67.12,0,normal
2026-01-07 22:55:00,api-gateway,46.74,53.12,54.61,951.45,848.0,143.71,0.2,29.42,0,normal
2026-01-07 22:55:00,user-service,36.35,53.95,67.87,619.82,539.87,131.82,0.19,39.48,0,normal
2026-01-07 22:55:00,payment-service,50.54,66.46,42.64,649.29,683.48,187.95,0.21,50.51,0,normal
2026-01-07 22:55:00,notification-service,29.31,51.59,63.31,374.16,337.46,114.47,0.14,24.91,0,normal
2026-01-07 22:55:00,database,49.61,61.96,43.28,933.35,954.28,110.37,0.22,63.85,0,normal
2026-01-07 23:00:00,api-gateway,40.04,49.4,45.73,902.13,901.54,149.04,0.23,30.92,0,normal
2026-01-07 23:00:00,user-service,36.73,52.71,47.76,506.33,503.85,125.41,0.24,33.91,0,normal
2026-01-07 23:00:00,payment-service,55.19,62.89,56.02,805.77,717.75,157.46,0.2,44.63,0,normal
2026-01-07 23:00:00,notification-service,24.88,44.39,35.9,370.76,385.49,110.89,0.08,27.2,0,normal
2026-01-07 23:00:00,database,50.87,63.31,64.95,1322.9,1130.02,109.4,0.22,72.74,0,normal
2026-01-07 23:05:00,api-gateway,43.99,52.87,64.56,985.51,856.89,139.49,0.2,30.83,0,normal
2026-01-07 23:05:00,user-service,29.46,48.62,43.45,525.65,474.82,105.47,0.14,32.36,0,normal
2026-01-07 23:05:00,payment-service,45.45,59.8,49.15,738.78,762.42,170.43,0.13,51.12,0,normal
2026-01-07 23:05:00,notification-service,28.26,44.09,40.44,429.38,411.97,106.42,0.16,27.99,0,normal
2026-01-07 23:05:00,database,54.35,68.55,40.29,1063.47,1017.13,106.98,0.13,77.14,0,normal
2026-01-07 23:10:00,api-gateway,47.34,55.77,29.49,936.01,887.1,137.95,0.25,32.07,0,normal
2026-01-07 23:10:00,user-service,37.4,48.39,60.62,508.93,539.39,136.58,0.14,34.31,0,normal
2026-01-07 23:10:00,payment-service,53.65,56.99,54.51,776.55,678.1,181.46,0.19,46.61,0,normal
2026-01-07 23:10:00,notification-service,28.21,44.0,39.37,364.19,420.53,112.84,0.22,25.97,0,normal
2026-01-07 23:10:00,database,53.72,65.34,40.26,884.9,1001.39,105.74,0.17,64.97,0,normal
2026-01-07 23:15:00,api-gateway,41.49,53.59,55.95,830.04,859.57,145.63,0.15,30.02,0,normal
2026-01-07 23:15:00,user-service,28.66,56.42,31.73,553.98,472.78,101.62,0.2,30.69,0,normal
2026-01-07 23:15:00,payment-service,52.4,61.19,48.58,683.56,659.44,166.3,0.28,49.78,0,normal
2026-01-07 23:15:00,notification-service,26.54,46.84,55.67,372.42,412.35,116.21,0.19,21.6,0,normal
2026-01-07 23:15:00,database,48.76,62.52,52.96,1170.6,1058.06,88.75,0.22,73.16,0,normal
2026-01-07 23:20:00,api-gateway,48.17,53.6,58.88,1020.29,891.2,162.77,0.26,30.61,0,normal
2026-01-07 23:20:00,user-service,31.07,50.21,60.71,520.95,535.59,122.21,0.23,37.6,0,normal
2026-01-07 23:20:00,payment-service,50.31,60.81,49.9,585.41,700.67,162.19,0.22,51.03,0,normal
2026-01-07 23:20:00,notification-service,30.18,44.92,56.57,451.0,398.67,113.21,0.18,27.34,0,normal
2026-01-07 23:20:00,database,58.57,64.27,45.85,868.22,1056.39,94.47,0.12,72.35,0,normal
2026-01-07 23:25:00,api-gateway,41.06,54.61,51.49,886.92,912.4,130.62,0.19,30.4,0,normal
2026-01-07 23:25:00,user-service,34.42,47.79,60.76,440.75,519.34,119.57,0.22,40.59,0,normal
2026-01-07 23:25:00,payment-service,45.19,59.19,60.87,769.69,643.59,176.77,0.16,45.16,0,normal
2026-01-07 23:25:00,notification-service,28.14,46.09,68.14,330.42,384.89,118.15,0.23,27.75,0,normal
2026-01-07 23:25:00,database,50.6,61.7,56.85,1026.39,1021.34,112.44,0.28,67.36,0,normal
2026-01-07 23:30:00,api-gateway,47.43,50.25,62.83,946.45,901.24,148.15,0.24,28.1,0,normal
2026-01-07 23:30:00,user-service,35.37,50.72,50.38,408.56,507.62,121.15,0.23,35.18,0,normal
2026-01-07 23:30:00,payment-service,51.69,57.66,54.66,569.32,637.75,166.24,0.12,50.54,0,normal
2026-01-07 23:30:00,notification-service,30.86,47.68,47.53,336.8,405.02,105.55,0.16,27.12,0,normal
2026-01-07 23:30:00,database,58.48,66.34,69.09,1109.29,972.93,78.0,0.21,68.73,0,normal
2026-01-07 23:35:00,api-gateway,44.32,51.44,47.79,996.75,957.95,153.27,0.17,30.38,0,normal
2026-01-07 23:35:00,user-service,42.17,45.53,45.44,617.47,522.81,120.39,0.2,33.86,0,normal
2026-01-07 23:35:00,payment-service,47.41,61.52,61.46,849.31,797.71,158.14,0.32,52.08,0,normal
2026-01-07 23:35:00,notification-service,29.33,48.08,60.85,324.39,388.46,112.15,0.21,19.76,0,normal
2026-01-07 23:35:00,database,51.21,65.5,54.81,806.51,883.31,93.74,0.23,65.29,0,normal
2026-01-07 23:40:00,api-gateway,45.34,55.84,48.69,699.19,859.61,137.16,0.16,25.64,0,normal
2026-01-07 23:40:00,user-service,36.8,50.46,62.29,396.6,452.65,122.99,0.17,35.54,0,normal
2026-01-07 23:40:00,payment-service,47.89,59.24,52.6,566.94,667.53,180.27,0.24,47.75,0,normal
2026-01-07 23:40:00,notification-service,28.19,44.5,50.37,448.78,427.72,108.93,0.23,26.82,0,normal
2026-01-07 23:40:00,database,56.62,64.57,49.66,853.2,1054.92,120.51,0.15,70.52,0,normal
2026-01-07 23:45:00,api-gateway,43.06,54.52,53.93,728.53,839.51,143.09,0.2,26.91,0,normal
2026-01-07 23:45:00,user-service,32.53,46.49,54.51,453.12,466.85,120.08,0.23,32.2,0,normal
2026-01-07 23:45:00,payment-service,50.87,62.65,65.33,607.55,654.35,167.63,0.23,45.33,0,normal
2026-01-07 23:45:00,notification-service,25.68,42.61,49.49,345.39,431.51,111.93,0.3,19.99,0,normal
2026-01-07 23:45:00,database,52.95,66.71,39.2,1084.9,1002.06,109.76,0.22,65.28,0,normal
2026-01-07 23:50:00,api-gateway,44.23,59.85,58.53,970.46,886.99,131.72,0.21,24.85,0,normal
2026-01-07 23:50:00,user-service,30.8,56.2,48.87,479.58,437.8,115.21,0.17,35.85,0,normal
2026-01-07 23:50:00,payment-service,49.82,54.85,23.54,835.66,703.79,156.04,0.23,51.45,0,normal
2026-01-07 23:50:00,notification-service,34.2,44.2,45.71,311.33,374.73,104.1,0.2,25.24,0,normal
2026-01-07 23:50:00,database,52.76,60.47,56.86,1164.49,980.31,102.58,0.14,64.86,0,normal
2026-01-07 23:55:00,api-gateway,44.43,53.3,42.6,1063.54,892.53,143.5,0.26,31.2,0,normal
2026-01-07 23:55:00,user-service,36.12,49.51,50.68,437.72,489.99,120.8,0.24,34.14,0,normal
2026-01-07 23:55:00,payment-service,42.29,61.39,43.83,699.07,688.37,155.65,0.22,51.98,0,normal
2026-01-07 23:55:00,notification-service,24.11,42.34,63.1,499.87,420.63,97.04,0.17,21.62,0,normal
2026-01-07 23:55:00,database,54.04,59.67,51.23,1027.4,987.72,102.03,0.3,67.36,0,normal
